ticker,sector,price,momentum_1mo,momentum_3mo,momentum_6mo,momentum_1y,annualized_vol,rsi,beta,perf_1w,pe_ratio,debt_to_equity,ma_200,ma_50,ma50_proximity,ma200_proximity,pred_return,pred_se,prob_positive,conf_lower,conf_upper
MMM,Industrials,182.04,0.15434367031648777,0.2765554731281479,0.07941345903205788,0.2096881331314986,0.2670552803675962,68.3,0.79,0.003251564330744694,32.449196,437.937,159.87,164.14,0.0,0.0,0.005823353288437715,0.09871066594959362,52.35216220584542,-0.18764955197276575,0.1992962585496412
AOS,Industrials,62.41,0.054727453215040134,0.07293099815317494,-0.20150609968762878,-0.0992309517687614,0.26458405996844336,62.3,0.77,-0.01514910999926855,17.831429,36.766,65.65,59.72,0.0,0.0,0.017142684243947694,0.09863455501111792,56.89886721578596,-0.17618104357784345,0.21046641206573882
ABT,Health Care,108.62,0.18765296608320825,0.32503287676587544,-0.008904104630243048,-0.17239631993251303,0.26543972813083566,75.8,0.04,0.029964002366226428,34.814106,63.212,107.68,95.31,0.0,0.0,0.00533017322688527,0.09866524039750077,52.15415032418321,-0.18805369795221621,0.19871404440598678
ABBV,Health Care,247.97,0.006996070593124015,0.23155650584829668,0.12786371937580143,0.29090000351104006,0.26046690936630107,41.2,-0.07,0.017104176032598506,69.45939,0.0,225.18,240.71,0.0,0.0,-0.005615222206611009,0.09868559922522288,47.73123802963174,-0.19903899668804786,0.18780855227482585
ACN,Information Technology,178.25,0.28681774835490503,0.046668426974134425,-0.23161376939491174,-0.23945186172569377,0.43371837827679605,80.3,0.2,0.04588398556758255,14.046494,25.035,208.93,152.66,-0.017618368377682353,0.0,0.01319094307086765,0.09873264805249038,55.31416043058034,-0.1803250471120135,0.2067069332537488
ADBE,Information Technology,272.96,0.1836433404129898,0.10891731961556905,0.022705124380572705,-0.19964814184137736,0.38498473981812925,71.4,0.3,0.06008001012630393,15.1728735,61.443,274.13,230.42,-0.0346244997675452,0.0,0.011751816243453752,0.09868764540569815,54.739437914820186,-0.1816759687517146,0.2051796012386221
AMD,Information Technology,469.56,-0.12131592154186088,0.023474768005147917,1.1738888775860823,1.7179903478175542,0.7147268714273745,37.6,3.21,-0.09452739773186691,123.56842,6.361,319.45,513.11,0.0,-0.3199188707162389,0.019991628073146854,0.09885247827644368,58.0134273283291,-0.17375922934868274,0.21374248549497646
AES,Utilities,14.73,0.009937064322079303,0.03879241872036143,-0.06036910028998299,0.17860309329130142,0.3395952217379536,67.5,0.49,0.003405942508251769,5.516854,256.886,14.53,14.56,0.0,0.0,0.013729724571267468,0.09866066994836468,55.53385653225176,-0.1796451885275273,0.20710463767006226
AFL,Financials,121.94,-0.011030012787434207,0.06140832050534528,0.08853958161676756,0.20306495183199802,0.1681356995205058,45.1,-0.15,-0.025649213306712437,13.444323,53.365,113.82,120.71,0.0,0.0,0.007673569218579888,0.09865381635327337,53.09995822791237,-0.1856879108338359,0.2010350492709957
A,Health Care,148.72,0.1095196110852763,0.3368567650526817,0.17134162078522985,0.3079165033422844,0.32958626259195883,81.6,0.9,0.06839083679003743,147.24753,49.733,131.04,134.5,0.0,0.0,-0.017746956802826327,0.09882988023777405,42.87447804284024,-0.21145352206886348,0.1759596084632108
APD,Materials,308.18,0.020598759427467028,0.0183724583149123,0.08963465926722947,0.09577106006272684,0.2669171177962369,63.9,0.21,0.04570595368754682,33.21382,110.091,277.52,290.0,0.0,0.0,0.005781445197463769,0.09863799695932808,52.336972624402044,-0.18754902884281927,0.1991119192377468
ABNB,Consumer Discretionary,184.7,0.2622155035676661,0.3476832749758425,0.5225455499579128,0.5261940346353844,0.34115008090714544,82.9,1.09,0.2319903895683295,42.16895,32.004,133.63,144.51,-0.12808568581523946,-0.23222035742140215,0.011854672565182486,0.09876157858839346,54.77715929025084,-0.18171802146806867,0.20542736659843366
AKAM,Information Technology,117.65,-0.059777798223636935,-0.2310959692203458,0.2420819257777198,0.6680845535533098,0.5796236432341686,43.2,1.09,-0.04620994745644891,40.017006,196.672,106.45,125.35,0.0,0.0,0.010949938885637963,0.09869739905791867,54.41698425263481,-0.18249696326788262,0.20439684103915856
ALB,Materials,131.21,0.04308773160737611,-0.3735657049151426,-0.20444720556657026,0.7618771793013042,0.5959135032793963,70.7,1.48,0.0859957543890646,468.60718,18.976,153.38,137.77,0.0,0.0,-0.09868251977418706,0.10095666910475526,16.416727026657245,-0.29655759121950737,0.09919255167113324
ARE,Real Estate,48.35,0.005615570565390859,0.0648792125917701,-0.11461936873297085,-0.3087812804580631,0.45661145338170916,44.1,0.74,-0.01064048432840059,32.189971,68.67,50.98,50.72,0.0,0.0,0.014131871121021688,0.09865040892009186,55.69544293739182,-0.17922293036235837,0.20748667260440173
ALGN,Health Care,176.04,-0.02519521094205346,0.06943680598627289,-0.08550652838372563,0.25850720003630334,0.398308126033775,48.6,1.43,0.015986546692271952,30.19554,2.855,167.96,174.75,0.0,0.0,0.020334156544917544,0.09864218744681845,58.165944471500296,-0.1730045308508466,0.2136728439406817
ALLE,Industrials,165.53,0.21391902345540847,0.255854627897099,-0.062372005200432956,0.019066227909078304,0.27334277854269745,80.8,0.57,0.0010280489133880355,22.159304,104.895,151.68,141.59,-0.019082559621281664,0.0,0.011436587851840124,0.0986603155244455,54.61415619685896,-0.18193763057607304,0.2048108062797533
LNT,Utilities,68.21,-0.10310991522480484,-0.05162572760960893,0.035025392816474765,0.0714680476368561,0.16352639476370123,27.8,-0.09,-0.034673145353238954,21.932476,160.951,70.32,73.1,0.0,0.0,0.004515403223425131,0.09867553606476889,51.82492728026665,-0.18888864746352188,0.19791945391037216
ALL,Financials,269.67,0.05155001205471055,0.2679637283804115,0.36272063997641135,0.3302600447723121,0.24509644544761452,65.5,-0.37,0.027079585371926118,5.3474126,22.261,216.01,241.6,0.0,-0.09838790261276031,0.011616727072315834,0.09869330514660299,54.68494243643539,-0.18182215101502602,0.2050556051596577
GOOGL,Communication Services,357.52,0.01421230350700653,-0.0795246993208486,0.10380286320171583,0.7800611135502404,0.32532504957412434,54.2,1.39,-0.053303336973785864,17.760557,18.859,329.65,355.83,0.0,0.0,0.021043031319517444,0.09865446874203476,58.44536442092707,-0.17231972741487067,0.2144057900539056
GOOG,Communication Services,355.84,0.014743156563689741,-0.07941627606888835,0.09835073572915465,0.7658277488180403,0.3210189895591253,54.3,1.37,-0.05197817889536527,17.729946,18.859,328.82,354.08,0.0,0.0,0.02087833262604862,0.0986538010505246,58.38030529953136,-0.1724831174329796,0.21423978268507685
MO,Consumer Staples,65.54,-0.08807571433348427,-0.030459987731854654,0.050229332646095415,0.09028824018160009,0.25309148246462976,26.8,-0.48,-0.03716760379961115,14.3728075,0.0,65.66,70.95,0.0,0.0,0.005913223002196676,0.09871878806318075,52.388222934027404,-0.18757560160163758,0.19940204760603095
AMZN,Consumer Discretionary,278.09,0.12445917707796816,0.03383027783147852,0.33235911609560986,0.24877629569859616,0.34331345816571646,65.9,1.46,0.0024150489428578226,22.070635,45.617,236.82,247.59,0.0,-0.02428273209340473,0.022681808478394433,0.09865436550333057,59.09198691308536,-0.17068074790813348,0.21604436486492234
AMCR,Materials,47.11,0.11029932292045963,0.19141202673980917,0.002340519871855351,0.0035844146387922216,0.3315149008338341,65.6,0.85,-0.0006363763191618022,38.614754,143.74,42.22,42.68,0.0,0.0,0.010583621651726242,0.09863271584572862,54.272583981847944,-0.18273650140590186,0.20390374470935435
AEE,Utilities,107.0,-0.05668694602729696,-0.020326985081203564,0.04053505627317522,0.08540015814285162,0.17129545343827174,39.7,-0.1,-0.0222953434482297,19.141323,157.846,107.45,110.61,0.0,0.0,0.005255037648937813,0.09865435221101795,52.12404791773446,-0.18810749268465737,0.198617567982533
AEP,Utilities,122.84,-0.08740522855219635,-0.05298220704201406,0.037654076725472496,0.12578447487205224,0.18876830577682943,32.3,-0.04,-0.035642955447114266,21.780142,160.789,126.51,130.23,0.0,0.0,0.005027060705402403,0.0986619521161325,52.03182644577905,-0.1883503654422173,0.19840448685302212
AXP,Financials,338.86,-0.04392971149724789,0.08794685250991452,-0.052266674814979375,0.15147961638653373,0.26932706750544916,41.5,0.98,-0.022641418756265352,20.70006,172.38,339.57,337.0,0.0,0.0,0.015355240837509103,0.09863918299090882,56.18537438621225,-0.17797755782467217,0.2086880394996904
AIG,Financials,77.61,-0.028660836943609214,0.02715952696833246,0.04921995161364845,0.017057779491232106,0.24285426586811065,38.1,0.08,-0.02155823362394993,14.398888,22.466,77.53,77.14,0.0,0.0,0.011124116106145516,0.0986510550775706,54.48904809363084,-0.18223195184589286,0.2044801840581839
AMT,Real Estate,169.11,-0.0023008813548580642,-0.038010617755758314,-0.007368165273466065,-0.14947129709392792,0.2607688184174036,56.8,-0.17,-0.03503565985534063,27.859966,438.721,178.38,174.44,0.0,0.0,-0.0011474986969099423,0.09872491702096706,49.53631215581335,-0.19464833605800538,0.1923533386641855
AWK,Utilities,135.45,0.02980307310367225,0.08260393239276809,0.11707092216966819,-0.04363889603241922,0.2219824067972483,61.1,-0.47,0.010745485414767275,23.474869,137.745,131.05,130.48,0.0,0.0,0.0015822159013852706,0.0986754499655342,50.639658367794496,-0.19182166603106177,0.1949860978338323
AMP,Financials,557.53,0.07919627949882302,0.20610708290027757,0.04118712063564289,0.11876617640529763,0.255093557910601,69.7,0.81,0.0071353952185564395,133.3804,67.578,478.55,495.0,0.0,-0.015047006220065162,-0.014516619501382116,0.09877565894049964,44.15796042309563,-0.2081169110247614,0.17908367202199718
AME,Industrials,252.88,0.08953036722467411,0.09088187573759732,0.08676246735416226,0.3975828265931578,0.22876232247367104,68.7,0.95,-0.004605385376464488,37.02489,20.522,221.21,236.12,0.0,0.0,0.012218689877420842,0.09865589602215223,54.92836095149454,-0.18114686632599752,0.2055842460808392
AMGN,Health Care,417.2,0.1574420809490904,0.2753739600300773,0.1262389645212907,0.49096254306712406,0.27319980264766025,79.7,0.47,0.06968879534122174,25.516819,490.281,346.93,363.6,0.0,-0.05256092491987843,0.004691035298724365,0.09875288159603715,51.894373816088226,-0.18886461262950846,0.19824668322695718
APH,Information Technology,167.7,0.07506885725182744,0.3713807165080911,0.167024654890362,0.5352162933933895,0.4426905576515416,60.5,1.72,-0.021187210903038323,42.348484,120.415,143.44,157.99,0.0,-0.019166200068547717,0.01795330997925583,0.09865354858721904,57.22021304763586,-0.1754076452516935,0.21131426521020513
ADI,Information Technology,383.93,-0.005388505575559255,-0.08929672910710074,0.19573665735596646,0.7373689778454218,0.3573901382663105,50.6,1.64,0.009571600749614273,58.170452,25.81,335.34,394.26,0.0,0.0,0.012687960184323437,0.09866473961058485,55.1161612236034,-0.18069492945242285,0.20607084982106974
AON,Financials,356.97,-0.026041409501405877,0.1464854288389501,0.15591798602228968,-0.020940086238212086,0.25154928714454033,48.8,-0.27,0.0008972587402080734,19.765781,163.481,336.85,344.39,0.0,0.0,0.004159959343084447,0.09866201331286338,51.68159153939143,-0.1892175867501278,0.19753750543629667
APA,Energy,41.02,0.19148297990994134,0.12557794596608862,0.5127396243243463,1.1214723088811986,0.4641696301768944,68.4,-0.65,0.14581009307115633,7.934236,48.854,31.77,35.19,-0.01571507526324631,-0.14104343998437888,0.007008035006591696,0.09885514020876393,52.8258130319861,-0.1867480398025856,0.200764109815769
APO,Financials,132.02,0.11099892483515239,0.01622518784818694,-0.006209080508883358,-0.05521647309592348,0.3592432837095247,69.4,1.16,-0.008858804075196458,45.52414,33.091,127.09,125.42,0.0,0.0,0.013871751059369355,0.09864668477568908,55.591514346143654,-0.17947575110098124,0.20721925321971996
AAPL,Information Technology,308.26,-0.027683085797255313,0.05414059334976229,0.12449973382221291,0.35055524369037916,0.2528996460816579,37.3,0.74,-0.0027607782306455775,35.969666,78.445,279.64,309.44,0.0,0.0,0.00973664539768135,0.09863795548470027,53.931610915689,-0.18359374735233117,0.20306703814769386
AMAT,Information Technology,522.12,-0.09258071599278261,0.17841640704946538,0.5833893943402955,1.8449731775147913,0.5986059376406728,43.0,2.8,-0.044820899745439347,50.740524,30.399,382.64,554.56,0.0,-0.21451303076292597,0.030851772191062818,0.09873496124442523,62.26585469584525,-0.1626687518480106,0.22437229623013627
APP,Communication Services,339.0,-0.2345037928694097,-0.291417602764634,-0.26365177374223536,-0.25654635766442757,0.7440545643392502,29.7,2.19,-0.19228022363559816,26.671911,111.13,514.03,473.29,0.0,0.0,0.03033718756302371,0.09876497316343985,62.06412795174907,-0.1632421598373184,0.2239165349633658
APTV,Consumer Discretionary,49.81,-0.1590409968216867,-0.10106476248948482,-0.4025428843429767,-0.2554559007891348,0.43519901635788927,33.2,1.26,0.043797152119123384,22.436937,64.938,69.74,60.75,0.0,0.0,0.021536478605427532,0.09864665588469725,58.640986953093034,-0.17181096692857906,0.21488392413943413
ACGL,Financials,98.25,-0.046671819062086395,0.0471064487124675,0.022798277087925367,0.10604523218249118,0.2134690127361492,44.1,-0.31,-0.012761220718498612,7.7054906,17.836,95.1,97.08,0.0,0.0,0.008829355295608476,0.09867048382193072,53.565106651844815,-0.18456479299537573,0.20222350358659266
ADM,Consumer Staples,80.49,-0.018893259805710882,0.014788129251295024,0.21204693649818585,0.43543304151142204,0.269277276798799,35.6,-0.01,0.007762552846713566,20.906494,39.134,70.05,80.19,0.0,0.0,0.007070400552275489,0.09866180593055847,52.85649471279555,-0.18630673907161913,0.20044754017617009
ARES,Financials,137.66,0.14288092278875175,0.11585562091944657,0.02688384881540018,-0.24245856027689594,0.4383485082352511,71.7,1.68,-0.03673640658783328,62.858448,172.378,134.05,125.18,0.0,0.0,0.012916018796085981,0.09868137486433488,55.206728863909724,-0.18049947593801038,0.20633151353018234
ANET,Information Technology,191.52,0.05724543596674003,0.40379692556018987,0.3512064120930043,0.3760598818150922,0.5354362422390073,61.8,2.06,0.005301610386581279,59.850002,0.0,147.25,171.27,0.0,-0.1506164839992389,0.023854023401068247,0.09868356710229595,59.55023435249576,-0.16956576811943183,0.2172738149215683
AJG,Financials,252.43,-0.03368685809612981,0.27547072695481245,0.16646580698912716,-0.11804892341552697,0.2998854696902936,53.2,-0.33,0.017616686125118797,41.179443,59.401,233.93,235.92,0.0,0.0,7.957059642074927e-05,0.09868428351217852,50.032167302248666,-0.19334162508744915,0.19350076628029064
AIZ,Financials,287.22,0.02622551168299392,0.1804927712632629,0.2297145203033799,0.43444047124435814,0.22385081665640805,59.7,0.17,0.021008864645410963,13.868663,36.211,239.56,270.42,0.0,-0.048943822501477774,0.012183519848038508,0.09864217698870903,54.91492732947992,-0.18115514704983118,0.2055221867459082
T,Communication Services,24.05,0.11600928484956197,-0.020023146466021435,-0.091586004815144,-0.1031311357266479,0.2492535646757363,65.1,-0.36,0.02865697606261053,7.859477,129.054,25.12,22.5,0.0,0.0,0.007366525285950057,0.09867631312309633,52.97547693594697,-0.18603904843531874,0.20077209900721885
ATO,Utilities,167.92,-0.0645125450198033,-0.07280672989947545,-0.009634657155631166,0.044926362957544486,0.1551481909637644,31.1,-0.15,-0.027396443062575604,20.280193,67.662,176.2,173.18,0.0,0.0,0.005967160222553823,0.09867134858029827,52.411137878698966,-0.1874286829948308,0.19936300343993846
ADSK,Information Technology,256.07,0.20662522783567794,0.08472063108182981,0.05582818048518323,-0.11906559179725107,0.3561958427689962,77.3,0.39,0.07950760961404679,36.37358,85.419,251.97,216.26,-0.03409933443625243,0.0,0.006109806198171424,0.09867898157446796,52.468513054948765,-0.18730099768778577,0.1995206100841286
ADP,Industrials,273.68,0.09014136366832837,0.3027655170650527,0.2268767801568723,-0.08019519507815309,0.2680401934808733,73.4,-0.03,0.011307359447954468,24.811876,91.436,235.55,241.28,0.0,-0.011897885508737938,0.007020656154389465,0.09866295707346773,52.83639858421021,-0.18635873970960729,0.2004000520183862
AZO,Consumer Discretionary,3067.99,-0.0035693607311801934,-0.10496821677704327,-0.15582136888948128,-0.23968564888161104,0.2882312909046591,54.1,0.1,0.013196685815820342,21.505608,0.0,3453.72,3061.31,0.0,0.0,0.010847963273980942,0.0986483966865257,54.37818049056064,-0.18250289423160942,0.2041988207795713
AVB,Real Estate,183.84,-0.05495297644829855,-0.009160472962554067,0.08164222435810986,0.023351217708597716,0.20305276021691449,37.7,0.29,-0.028586545110221295,25.78401,75.129,180.03,187.37,0.0,0.0,0.008944922894823385,0.09864197634240403,53.61268444031859,-0.1843933507362885,0.20228319652593527
AVY,Materials,178.35,0.12000753548813425,0.10784454504603502,-0.047913042040383824,0.06776498501400385,0.25407447915656567,75.2,0.5,0.029140236369468386,19.38587,158.653,172.84,162.22,0.0,0.0,0.011561478319764062,0.09864818413254728,54.66488596393573,-0.1817889625800286,0.20491191921955673
AXON,Industrials,596.33,0.09012300084574232,0.512146361802478,0.37476089216270836,-0.2921898906945475,0.6002988726849539,62.4,1.47,-0.017901836130861715,238.53201,50.363,511.94,514.28,-0.009535350590220593,-0.014841203373427092,-0.033775127340377596,0.09916841351523328,36.670856883420086,-0.22814521783023484,0.16059496314947963
BKR,Energy,64.07,0.11525668200173156,-0.004555715500883295,0.08755891366141655,0.5031608272395245,0.32516883053216167,75.9,0.71,0.04172528952102472,19.77469,80.925,57.02,59.16,0.0,0.0,0.013823945301279754,0.09865367858636197,55.571978062856196,-0.1795372647279897,0.2071851553305492
BALL,Materials,62.58,0.02088095611623242,0.08818044311207807,-0.05480177076463755,0.1745120218186833,0.26066220087285213,50.1,0.21,-0.018352912454044135,18.19186,131.495,57.7,60.36,0.0,0.0,0.00919058330887589,0.09863258687349985,53.71197139547665,-0.1841292869631838,0.2025104535809356
BAC,Financials,63.86,0.07327732118237917,0.26986750395436987,0.14438383939197763,0.4181937123430981,0.21495403603008217,69.1,0.75,0.015262306219145039,14.613273,0.0,53.92,58.62,0.0,-0.03432742425203508,0.017703600927611318,0.09865576230494962,57.12071140910302,-0.17566169319008992,0.21106889504531254
BAX,Health Care,27.78,0.2308374418372745,0.5855354809141524,0.2797098706400727,0.1826937529430881,0.4349775285193888,76.5,1.16,-0.02010580907070414,30.024082,156.449,19.72,22.27,-0.09768700397634203,-0.25863642611228066,0.018146285612856937,0.09870368425749543,57.293289792453415,-0.17531293553183408,0.21160550675754797
BDX,Health Care,179.63,0.16771762819123492,0.2636840860632197,0.11659044085767856,0.20979623782571477,0.2567727484419305,87.9,0.37,0.055901775444291646,30.601364,68.84,155.83,154.71,-0.011061012427538236,-0.002695064791769869,0.0077462276045212625,0.09868061007205628,53.12840276695169,-0.18566776813670904,0.20116022334575157
BRK-B,Financials,529.42,0.065552936311839,0.1039933195425653,0.06292161336087654,0.1375590671535578,0.1443783297455769,88.0,0.06,0.0235876665598318,15.5300665,17.142,491.23,496.11,0.0,0.0,0.009893619941222792,0.09869656200447471,53.992421705135676,-0.18355164158754764,0.2033388814699932
BBY,Consumer Discretionary,82.43,0.009552954864914032,0.449617079837876,0.2641430136107328,0.2618234653699618,0.3771965606834951,44.4,0.75,-0.04539662117214893,15.180479,134.09,70.96,79.78,0.0,-0.011716492204968149,0.015935408062065354,0.09863152729154465,56.41758108381132,-0.17738238542936213,0.20925320155349286
TECH,Health Care,72.12,0.010650254060118769,0.5236925246260427,0.10492836718417875,0.4390442027967312,0.4770157599869414,64.0,0.95,0.00041623540318647123,103.02858,13.922,59.95,65.21,0.0,-0.05294736682774401,-0.002536884133278443,0.0987101322239323,48.97481756317266,-0.19600874329218573,0.19093497502562887
BIIB,Health Care,207.13,-0.009089575216859047,0.04637538810859687,0.06872714252107537,0.5851381938110294,0.35591275806496037,55.0,0.26,-0.006332415853944284,36.92157,44.329,185.2,202.14,0.0,0.0,0.005318488620288598,0.09865448380440006,52.14966678548695,-0.1880442996363355,0.19868127687691273
BLK,Financials,1131.4,0.09678541252985018,0.052210044008453194,0.05945898307161679,0.026788773690076706,0.2690779798288027,72.9,1.17,0.00023871661973817737,27.24952,23.192,1053.15,1040.88,0.0,0.0,0.0183278408175536,0.09866271810706687,57.36845237431708,-0.17505108667229746,0.21170676830740465
BX,Financials,141.66,0.17260783904715415,0.1787896260042401,0.09900364569528697,-0.12730776754489903,0.3602397294621774,72.8,1.35,0.03250733828769459,30.66234,68.185,131.27,122.64,-0.005055547630957474,0.0,0.019067960593138575,0.09865628777284917,57.66288589761434,-0.1742983634416458,0.21243428462792296
XYZ,Financials,78.98,0.003302872614312058,0.07940420026488604,0.3909828294278035,0.0761684700064682,0.4671167363556515,46.9,1.84,-0.06687140918631751,141.03572,32.58,67.83,76.73,0.0,-0.014454552392470343,-0.0048248875662567445,0.0987798428923273,48.05214659776263,-0.19843337963521823,0.18878360450270476
BNY,Financials,159.43,0.05813812766416837,0.20812557915055674,0.259305170767677,0.5734586108138569,0.21164138179179326,53.2,0.77,0.01664319110868595,18.388695,0.0,127.85,149.75,0.0,-0.0970330278451487,0.018418451811568926,0.09865333134717705,57.405157459861925,-0.17494207762889807,0.21177898125203592
BA,Industrials,232.79,0.08018189049115665,-0.022753088766102048,-0.04871077234562016,0.016017799612243477,0.3377851171821103,69.5,1.2,-0.018426422282412647,84.03971,790.875,218.99,220.45,0.0,0.0,-0.00903633163053316,0.0990093083081389,46.36400223791708,-0.2030945759144854,0.18502191265341908
BKNG,Consumer Discretionary,212.88,0.2109215084605991,0.352440874291174,0.2620929316555971,-0.0071966180378431055,0.3594546773869172,75.0,0.82,0.09579451382649529,23.812082,0.0,185.42,179.87,-0.03350786918621282,0.0,0.014773596926462585,0.09866994307339522,55.95101666697225,-0.17861949149739204,0.20816668535031718
BSX,Health Care,50.46,0.1301231211655458,-0.054525012285012275,-0.3192121260842834,-0.5107620769528817,0.3626854101931046,84.5,0.15,0.027907902375766014,19.944664,50.151,71.69,45.92,0.0,0.0,0.012253870077404238,0.09870828538165548,54.939868265431194,-0.1812143692706405,0.205722109425449
BMY,Health Care,64.84,0.09268615050825657,0.17786831495359978,0.09014384518322394,0.4788294694780182,0.2714159417389457,70.0,0.21,-0.01593569678986473,14.250548,201.859,56.2,58.61,0.0,-0.0037930474870323527,0.00838971105819795,0.09865486689118186,53.38856124333269,-0.1849738280485185,0.20175325016491438
AVGO,Information Technology,422.4,0.0998568085469882,-0.012514224195436685,0.23264521373581748,0.395202673879157,0.47617210773565205,67.6,2.17,0.010139636017894027,71.472084,74.018,367.99,394.76,0.0,0.0,0.015162584489037621,0.09870809456197961,56.104151030245916,-0.1783052808524424,0.20863044983051765
BR,Industrials,173.4,0.14804026485880728,0.17062286127687742,-0.030462521392172093,-0.3345601832603907,0.2787455375631356,78.0,0.11,0.02963001084179484,17.322676,123.939,181.62,148.95,-0.014175483012050322,0.0,0.009428208438653852,0.09866731150142315,53.80632120916143,-0.1839597221041355,0.2028161389814432
BRO,Financials,71.6,0.0345325736347919,0.2935862772895592,0.0457244797844536,-0.22861789705803537,0.3007417366033698,63.7,-0.35,0.0060418760185301235,22.802547,63.975,70.35,65.07,0.0,0.0,0.005163259113711662,0.09868903623582462,52.086253064893675,-0.1882672519085046,0.1985937701359279
BF-B,Consumer Staples,28.19,0.073904782249814,0.059848689330232796,-0.026520194513129924,-0.05325692775713042,0.3877022597498877,62.2,-0.03,-0.009834871304880366,18.668875,64.95,27.23,26.69,0.0,0.0,0.009300355537050112,0.09869080492728197,53.75396744541061,-0.18413362212042253,0.20273433319452275
BLDR,Industrials,71.98,-0.020813477551822723,-0.03872855238856199,-0.4209171231720603,-0.4555218984981173,0.5070654198066347,53.6,1.75,-0.04497809826339927,80.87641,130.786,94.25,76.41,0.0,0.0,0.01040007780244758,0.0986802599888056,54.19674888175504,-0.18301323177561138,0.20381338738050656
BG,Consumer Staples,112.65,-0.0404599654025809,-0.10157466564443307,-0.0393719757261104,0.39645385489639695,0.3167396832903966,36.0,0.02,0.05546704752877463,23.371368,97.995,112.36,116.29,0.0,0.0,0.0061105410232921,0.09866373275850454,52.46919063860549,-0.1872703751833768,0.19949145722996098
BXP,Real Estate,67.9,0.0128281712202718,0.1641692899249223,0.06992330992590179,0.12133589297968506,0.28179870473505186,48.6,0.69,-0.039196217841188985,37.513813,211.631,63.88,66.65,0.0,0.0,0.0075350896218878026,0.09863203711345819,53.044796002077376,-0.18578370312049025,0.20085388236426588
CHRW,Industrials,148.29,-0.2453435456176447,-0.12461559123489019,-0.2546212588722572,0.28990308471783344,0.4388986438450948,16.9,0.65,-0.041744792981371126,28.46257,121.188,172.51,182.6,0.0,0.0,0.011397493997182657,0.09868952938270026,54.59709853719883,-0.18203398359290984,0.20482897158727514
CDNS,Information Technology,331.91,-0.12174536444448714,-0.08866009737134894,0.1405842050244308,-0.05723454535084116,0.39436012653014185,41.8,1.59,-0.025570992836405626,67.59878,38.661,327.93,367.54,0.0,0.0,0.012081812117794742,0.09865914562144346,54.873269131466664,-0.18129011330023442,0.2054537375358239
CPT,Real Estate,109.08,-0.04474998249495299,0.04917582145421595,0.03156469491882019,0.07584916882303028,0.20019966370518458,41.8,0.11,-0.017562793566433754,36.851353,125.648,106.79,112.23,0.0,0.0,0.0032073145521941196,0.09864339438516448,51.2969018113969,-0.19013373844272827,0.1965483675471165
COF,Financials,218.97,0.07856367162142641,0.1956175851477795,-0.009016992135829405,0.06706029510681977,0.32215726491321417,64.7,1.34,-0.013248625086243693,12.004934,0.0,207.61,200.94,0.0,0.0,0.024640194157300056,0.09866002390249637,59.86090802111851,-0.16873345269159282,0.21801384100619295
CAH,Health Care,237.18,0.015064576557834997,0.3024454387552693,0.05542395051239968,0.5224360029148352,0.3047998096492774,61.5,-0.13,0.015542665710087666,36.100456,0.0,211.11,225.86,0.0,0.0,0.0024331581824208037,0.09868038058081871,50.98357071533618,-0.1909803877559839,0.19584670412082547
CCL,Consumer Discretionary,27.75,0.04830287460240079,0.10323097698970884,-0.1406298656714372,-0.006135675909744287,0.47894753032259646,60.0,2.09,-0.05727139369499601,13.028169,201.556,27.96,27.73,0.0,0.0,0.029367920288941293,0.09869721485748775,61.69788605459922,-0.1640786208317347,0.2228144614096173
CARR,Industrials,63.44,-0.07202838596004502,-0.03357423446519514,-0.021817167780226243,-0.024447624117023947,0.3609757624387499,42.2,1.27,-0.03425184550273397,45.640285,91.998,61.09,68.08,0.0,0.0,0.0137809171377448,0.09863430325688277,55.55583158598923,-0.17954231724574543,0.207104151521235
CVNA,Consumer Discretionary,74.16,0.14109872441543692,-0.027154658319137215,-0.0991471911914884,0.06686618936487965,0.6068144945755616,63.7,2.32,0.09010737899172216,37.454548,110.88,72.32,66.76,0.0,0.0,0.026968829178806965,0.09871632737560661,60.76484244911056,-0.16651517247738198,0.22045283083499592
CASY,Consumer Staples,854.46,-0.00465511885682901,-0.02504849173502499,0.29855231011412764,0.6521864383196112,0.3295022627505888,48.7,-0.1,0.004467177189585891,43.48397,73.514,700.55,828.15,0.0,-0.06969194488980734,0.0015293325659414695,0.09867432502352681,50.61828747839085,-0.19187234448017107,0.19493100961205403
CAT,Industrials,837.58,-0.09912948546718969,-0.09458037886280457,0.1328779612654436,1.0290013191625138,0.3938859100310664,39.5,1.77,-0.04444744325886829,36.22751,232.783,747.76,914.69,0.0,0.0,0.01575404877046705,0.09868051395011114,56.342042646934146,-0.1776597585717508,0.20916785611268487
CBOE,Financials,285.02,0.028470335192307017,-0.1850679742992195,0.01937709683975175,0.13359196862294254,0.32288680052570917,55.7,-0.36,-0.011788448289890896,22.319498,28.09,280.49,276.62,0.0,0.0,0.004779718899737213,0.09869861142794069,51.93121956866934,-0.18866955949902653,0.19822899729850096
CBRE,Real Estate,143.94,0.04281680587101344,-0.014851811374173463,-0.1581471163984688,-0.07374512165497182,0.3123456033287797,58.8,0.8,-0.04707050954454661,33.868237,117.789,147.71,138.01,0.0,0.0,0.011931499681194927,0.09862445442207338,54.81462131322701,-0.1813724309860689,0.20523543034845873
CDW,Information Technology,136.43,-0.054932168890567845,0.3383942698470912,-0.038405071619983855,-0.1464113158872784,0.4352005541649655,56.5,0.68,-0.11409095665077107,16.319378,263.278,132.53,135.99,0.0,0.0,0.01404840241771877,0.09866427171887451,55.661240562725325,-0.17933357015127527,0.2074303749867128
COR,Health Care,325.0,0.06164046260153744,0.25432626310393225,-0.10175287070322314,0.1484361486496688,0.3101202046100539,67.5,-0.21,0.06112054752289797,23.809525,446.516,324.37,294.29,0.0,0.0,-0.0011786158220909344,0.09875348440785635,49.52387652536892,-0.1947354452614894,0.1923782136173075
CNC,Health Care,66.57,-0.025186721300980985,0.1811568306228406,0.7499999498593957,1.6014067720938274,0.4921118492154404,47.4,0.33,0.03901982225546918,30.024082,71.082,47.48,64.44,0.0,-0.252066973494557,0.0134009354945483,0.09872560243347989,55.39862761161199,-0.1801012452750723,0.20690311626416888
CNP,Utilities,40.03,-0.09290736890057971,-0.047807942495484146,0.005494485488222622,0.054109900168378244,0.16762766455666336,29.7,-0.16,-0.037277609030795356,24.260605,210.256,41.41,42.96,0.0,0.0,0.002477055589209191,0.09867915989774852,51.001324328165076,-0.1909340978103779,0.19588820898879628
CF,Materials,121.48,0.004631204072678363,-0.02011600109344891,0.29162759434788765,0.5336316550992255,0.41953245559343416,48.1,-0.9,0.028532746839107892,8.483241,40.504,104.11,114.6,0.0,-0.0168752981970835,0.002979768677691975,0.09885599434237705,51.20233045269722,-0.19077798023336703,0.196737517588751
CRL,Health Care,277.0,0.2056583242655059,0.6443071884146974,0.49165322860616256,0.8623100024877344,0.45711173940446825,82.7,1.28,0.1831539628272636,30.024082,105.047,189.56,215.68,-0.13431128294250436,-0.31131074298155403,0.017622077800387166,0.09875778543905363,57.081024164669536,-0.17594318166015796,0.21118733726093228
SCHW,Financials,107.99,0.054795865997781856,0.2295342777231586,0.014303546269647471,0.12332352210114439,0.25200693909424887,83.0,0.47,0.015420774924105984,19.59891,151.106,95.95,97.41,0.0,0.0,0.01117361682232191,0.09866543654528488,54.50828420859083,-0.18221063880643645,0.20455787245108026
CHTR,Communication Services,153.29,0.16685696113021664,0.03721496887378284,-0.35660023804351393,-0.4025412600451561,0.4812585936458728,73.1,0.26,0.0014371591519435345,3.9702148,441.578,189.16,136.98,0.0,0.0,0.011496263449863592,0.09880199928371164,54.63150300086264,-0.1821556551462112,0.2051481820459384
CVX,Energy,194.91,0.06975854515232371,0.06471373906456446,0.08772922694174023,0.3100663021469048,0.2349263042103628,54.3,-0.45,0.023687026839281256,17.947515,18.959,176.49,183.09,0.0,0.0,0.004200495429669968,0.09868297770482637,51.69760719877221,-0.1892181408717897,0.19761913173112963
CMG,Consumer Discretionary,32.14,-0.1225771648250139,0.00689220904851684,-0.18817885158438086,-0.22442083844728933,0.412288769161222,46.4,0.76,-0.04967475814119793,30.320755,246.35,34.7,32.97,0.0,0.0,0.011390719740435862,0.09864710738492315,54.59634529732208,-0.18195761073401348,0.20473905021488523
CB,Financials,348.3,-0.018154148443064955,0.09094713466476279,0.07434190863791823,0.29191167847749244,0.19366558951077087,44.7,-0.35,0.0,12.408265,30.941,320.87,340.62,0.0,0.0,0.006267609958959389,0.09866976003946382,52.532421409692354,-0.1871251197183897,0.19966033963630847
CHD,Consumer Staples,103.3,0.06319472167787632,0.14238588449462108,0.05626333763049951,0.15104649068123122,0.22873244657214842,75.6,-0.1,0.002912650987940024,33.10898,55.851,93.5,97.81,0.0,0.0,0.003357304949820024,0.09866981838474659,51.35716525865382,-0.19003553908428328,0.19675014898392335
CIEN,Information Technology,387.7,-0.12962461817059234,-0.3332415571895885,0.338373453498934,3.0784769846859925,0.7225692775255682,45.2,2.64,-0.056989254974128434,136.99648,54.649,358.24,442.19,0.0,0.0,-0.0046877011911328585,0.09893959617517818,48.11054134776629,-0.1986093096944821,0.1892339073122164
CI,Health Care,278.4,-0.085714305758672,-0.03132984662334026,-0.043627560132528664,0.03516805205586593,0.32444742513476044,41.9,0.21,0.015873038851590193,11.682753,74.29,279.24,285.57,0.0,0.0,0.012673876377985024,0.0986470732051253,55.11142360209696,-0.18067438710406053,0.2060221398600306
CINF,Financials,173.86,-0.04822903403352352,0.0703044773584558,0.04235148780012765,0.18400430369836873,0.20966680198339807,38.3,0.02,-0.030988728209429328,8.350624,5.255,166.15,175.37,0.0,0.0,0.011766155998254136,0.09865831220719669,54.74659789031233,-0.18160413592785135,0.20513644792435964
CTAS,Industrials,202.71,0.10318371000744042,0.23435470537695102,0.0460499512990975,-0.0956214905032381,0.2321812804322288,53.5,0.19,-0.004615699537388607,41.285133,52.646,185.33,186.66,0.0,0.0,0.004719006480315386,0.09863623199757306,51.907912769784126,-0.1886080082349278,0.19804602119555859
CSCO,Information Technology,122.57,0.027840668300412652,0.24623706569511006,0.4253880902091587,0.7426937929144786,0.32937229649604755,78.0,1.05,0.006817823604559958,40.452145,67.541,91.04,117.74,0.0,-0.1963815618643953,0.017517817362827183,0.0986741027966683,57.04547600182062,-0.1758834241186427,0.21091905884429704
C,Financials,135.22,-0.03413053166767721,0.07991649265240519,0.10325915300391686,0.489060249555745,0.29253904588855956,56.2,1.39,-0.012055190730968168,14.555436,0.0,119.9,135.74,0.0,0.0,0.02293992496038897,0.09866252438817136,59.1928651429866,-0.1704386228404269,0.21631847276120483
CFG,Financials,72.67,0.039536880687165876,0.17667016249842415,0.08815393039403507,0.583251545872356,0.26637170140755634,55.8,1.01,-0.013707955103788416,15.832243,0.0,62.12,69.02,0.0,-0.019908826459956175,0.019152486029790628,0.09864479068213668,57.6973164880644,-0.17419130370719724,0.21249627576677851
CLX,Consumer Staples,107.7,0.1330877800140211,0.21147351068256826,-0.08807081758966706,-0.09862814671047204,0.302688591828295,72.3,0.2,0.028948111515261887,21.890244,2221.429,103.81,96.5,0.0,0.0,-0.02527898169619241,0.10158404985485416,40.173920266322874,-0.22438371941170657,0.17382575601932174
CME,Financials,263.65,0.07568334284387723,-0.062152328438064175,-0.11680633155204423,-0.02942054743426703,0.23400684325636067,83.8,-0.35,0.0038837489803460468,22.362171,14.587,278.47,250.14,0.0,0.0,0.005149030221282423,0.09871074369183674,52.08005188834394,-0.18832402741471757,0.19862208785728244
CMS,Utilities,69.06,-0.08095941414238017,-0.04881372196788247,-0.029345784931975705,-0.030790220436143878,0.17038707925255261,32.6,-0.16,-0.029453189868727137,21.380804,185.604,73.96,73.22,0.0,0.0,0.003949124152478399,0.09866979651555825,51.59628592430925,-0.1894436770180158,0.19734192532297257
KO,Consumer Staples,86.87,0.031097955449044923,0.11150337378438424,0.12905007475123664,0.2699776893889583,0.18548267191474277,69.8,-0.29,0.003581390904943582,26.087088,115.519,76.64,82.59,0.0,0.0,0.0018190691698938602,0.0986666033656766,50.73546921493697,-0.19156747342683228,0.19520561176662
CTSH,Information Technology,58.31,0.32042576029827896,0.19230786931210786,-0.20884749700528382,-0.14426753489355304,0.3944286887100259,84.8,0.18,0.03883841552987488,12.380043,14.479,63.75,48.07,-0.06305298669008819,0.0,0.010242205202005326,0.09876960353666703,54.1295472393918,-0.18334621772986204,0.2038306281338727
COHR,Information Technology,325.15,0.057776695408791934,-0.1436435202249985,0.34104588341532804,1.81661457917519,0.8434531143641384,51.3,3.4,0.004386318419567825,181.64804,31.093,261.37,341.94,0.0,-0.09400091935738314,-0.001366310608021515,0.09902674177931432,49.44958122812681,-0.19545872449547758,0.19272610327943457
COIN,Financials,148.68,-0.05522019896445396,-0.31357346035934375,-0.11103143392656956,-0.5212211354909085,0.6774577344390202,32.7,2.89,-0.013600498307340336,16.2421875,50.982,206.77,160.13,0.0,0.0,0.041347300922697186,0.09878966707348658,66.22233589096253,-0.1522804465413365,0.2349750483867309
CL,Consumer Staples,93.15,0.005085456931713361,0.08005552538533967,0.00112827604913468,0.12739828295862998,0.2258440313103496,59.6,-0.17,0.006700559329530176,36.818184,1388.163,86.46,90.75,0.0,0.0,-0.02029759918422846,0.09974351297342869,41.93729287375225,-0.21579488461214869,0.17519968624369175
CMCSA,Communication Services,25.2,0.051314204623263526,0.020509509458556785,-0.18252550126243328,-0.1098522524270602,0.30573705840309146,59.0,0.13,0.010830343139130116,8.129033,100.474,26.9,23.62,0.0,0.0,0.012814298653621773,0.09864717938169014,55.167734836837255,-0.1805341729344909,0.20616277024173443
FIX,Industrials,1674.84,-0.033019094651481895,-0.17584219704789528,0.30593749298025785,1.4265588344556668,0.5533955970783165,43.2,2.53,-0.056885126285027066,41.662685,45.489,1424.92,1802.9,0.0,-0.0253914538562576,0.025224775657675856,0.09872185099387322,60.08367800040168,-0.16827005229031564,0.21871960360566736
COP,Energy,123.03,0.09020824495190638,0.06473384275194327,0.14911564106189212,0.35350722959967684,0.3027327725330795,59.6,-0.44,0.043157505787057904,15.55373,35.639,108.67,113.6,0.0,0.0,0.004933717710869871,0.09870489806733442,51.99326409893803,-0.18852788250110558,0.19839531792284532
ED,Utilities,106.3,-0.04936502108863727,0.009230874874153638,0.012678253184208677,0.05123094698920516,0.1721915835277421,37.1,-0.47,-0.01946315412854316,17.77592,110.113,106.46,109.29,0.0,0.0,0.0029531276805682015,0.09867872075161348,51.193724086951654,-0.19045716499259419,0.1963634203537306
STZ,Consumer Staples,133.39,-0.0005126721135982892,-0.0559578825872693,-0.17280040257373153,-0.19526334874069218,0.30189617311409006,60.4,0.04,0.014990117547944326,12.937923,123.205,145.08,135.42,0.0,0.0,0.010513295352158046,0.09865096566988722,54.24351892963502,-0.1828425973608209,0.203869188065137
CEG,Utilities,270.43,0.04992811657366181,-0.09623225192677043,-0.003442508997632876,-0.1903514085671656,0.46870837958862344,55.8,1.36,0.011898943595065381,26.383413,76.419,304.52,260.6,0.0,0.0,0.021281093784675825,0.09864418727157452,58.540319702702895,-0.17206151326761024,0.2146237008369619
COO,Health Care,76.32,0.07010656227418433,0.2939979702809339,-0.0633284664889533,0.08578743350058526,0.31198651752694906,73.2,0.54,0.02182349980101672,63.07438,33.093,73.16,69.58,0.0,0.0,0.002445044754056995,0.09866160248803298,50.98856279469386,-0.19093169612248764,0.19582178563060162
CPRT,Industrials,29.59,0.07795990273842457,-0.11061016695348558,-0.26575680613471486,-0.3593851259506703,0.2776374726758662,67.4,0.19,0.0064626032830918945,18.378881,1.059,35.41,29.47,0.0,0.0,0.012884676154699301,0.09865299157791324,55.19565161428821,-0.18047518733801066,0.20624453964740924
GLW,Information Technology,157.76,-0.13844140690851237,-0.23814174230504637,0.20478487588708894,1.4248826926976124,0.6877942028471078,47.6,2.81,-0.013321689229741751,76.21256,71.448,137.39,178.63,0.0,0.0,0.01806453804954026,0.0987782710094286,57.255378433396096,-0.1755408731289398,0.2116699492280203
CPAY,Financials,400.88,0.10721981877585463,0.17360507243301626,0.12635216981255848,0.32873711853787535,0.3714146582524926,70.4,0.88,0.010995702587367706,23.918854,272.262,324.07,361.6,0.0,-0.08701388432294907,0.014854673555777485,0.09865873520083378,55.9841047864952,-0.17851644743785672,0.2082257945494117
CTVA,Materials,76.47,-0.11153710361519131,-0.07465603370837348,0.043450433200939775,0.08886827216394488,0.26994299424771717,30.0,0.12,-0.0234963145863194,46.62805,19.191,75.68,81.72,0.0,0.0,0.0027403461660762125,0.09866683104639945,51.10786918221797,-0.1906466426848667,0.19612733501701912
CSGP,Real Estate,31.48,0.09419530904947737,-0.043742366549321066,-0.38226059443105087,-0.6668783117223669,0.4216627569553261,64.2,0.2,0.05566733281020886,165.6842,14.537,47.44,30.35,0.0,0.0,-0.02541433807692527,0.09891484056620585,39.8615827676212,-0.21928742558668873,0.16845874943283817
COST,Consumer Staples,952.75,0.03004519769164804,-0.04522915384503401,-0.04204186272719879,-0.02311074696983184,0.196700274009127,62.2,-0.15,0.0051696202355582255,47.613693,60.257,958.16,949.47,0.0,0.0,-0.0008039751553779724,0.09865834434635937,49.67490217466254,-0.19417433007424234,0.1925663797634864
CRH,Materials,100.6,-0.020543283313791294,-0.10308380681721563,-0.2011862882290617,-0.07299613171991781,0.3170930439081554,51.6,1.32,0.017806578322947297,17.773851,77.592,113.42,104.45,0.0,0.0,0.02197663514206018,0.0986418120041575,58.815141537714034,-0.1713613163860885,0.2153145866702089
CRWD,Information Technology,225.16,0.19823319287982732,0.6609006720552952,1.2072345745215922,1.1216990632715844,0.48001761047044644,74.8,1.52,0.06599754928909585,40.452145,17.568,135.31,187.06,-0.05366640392425592,-0.5139967067565713,0.029688851854596247,0.098768390253908,61.81366582329482,-0.16389719304306344,0.22327489675225592
CCI,Real Estate,73.61,-0.07803101219059572,-0.1786814941167788,-0.09244422646522898,-0.261712370685783,0.2963070372156317,44.1,0.04,-0.05215043601309832,30.92857,0.0,86.41,81.21,0.0,0.0,0.007806673993445031,0.09865545697443388,53.15356619545219,-0.18555802167644536,0.20117136966333543
CSX,Industrials,50.12,0.009669612170390529,0.12368436807247041,0.2386839042970792,0.43460241291160595,0.2302209639992144,51.2,0.45,-0.017832644898696404,29.30994,138.068,41.73,48.66,0.0,-0.05094788940076647,0.009096552054899794,0.09863086673122261,53.67416525568369,-0.18421994673829653,0.2024130508480961
CMI,Industrials,634.82,-0.04450700141823438,-0.09370978681697717,0.06248088464386958,0.6665015262404239,0.3632149676367357,41.4,1.63,-0.0017925885418100806,32.89223,59.586,586.3,666.83,0.0,0.0,0.019117930943640244,0.0986571447025448,57.68265191382051,-0.17425007267334755,0.21248593456062806
CVS,Health Care,95.67,-0.09100768967576944,0.04383311300417625,0.281604760095749,0.5060505790976457,0.3091258992572093,18.1,0.16,-0.08379620909246732,25.242744,95.503,85.11,101.46,0.0,0.0,0.00657106167899854,0.09868920937160594,52.65433136069084,-0.1868597886893491,0.2000019120473462
DHR,Health Care,209.37,0.046013145916131926,0.259934794318184,-0.029578286181952462,0.051628485821422654,0.3122871842199502,83.0,0.45,0.0749050027175655,36.47561,52.97,203.43,190.79,0.0,0.0,0.008589912028325986,0.09867154745590839,53.46863463785962,-0.18480632098525446,0.20198614504190643
DRI,Consumer Discretionary,217.97,0.10819054611398538,0.12223137106067816,0.015662375537671025,0.113286421386249,0.26385078635607295,77.2,0.21,0.06550321853998375,20.4859,364.507,197.39,203.31,0.0,0.0,0.00499028681242451,0.09869906303748763,52.016218232696254,-0.18845987674105125,0.19844045036590025
DDOG,Information Technology,260.78,0.002075040597855571,0.28894814817496384,1.2873431619419762,0.9920555456739102,0.6829084346813634,52.0,1.08,-0.0949852358040304,474.14545,29.259,170.42,249.79,0.0,-0.38023947431829963,-0.09185408567985326,0.10106893606613157,18.172096704471024,-0.28994920036947114,0.10624102900976462
DVA,Health Care,183.69,-0.22026487387015625,-0.07660981649566201,0.3345684630627883,0.4184556173081564,0.4508895738405706,16.5,0.03,-0.19430677654458006,15.5801525,1241.986,158.84,217.2,0.0,-0.006445298113489151,-0.009702938509836662,0.09959910327704624,46.119645572716536,-0.2049171809328473,0.18551130391317397
DECK,Consumer Discretionary,97.44,-0.09610389904513672,0.00817383241650349,-0.14899561186544763,-0.04169942811805538,0.44676575456824497,39.4,1.01,-0.024331633507028716,13.860598,20.521,102.15,104.85,0.0,0.0,0.021605878130151305,0.09865009292786023,58.66809291035061,-0.17174830400845476,0.21496006026875736
DE,Industrials,609.28,0.04036611921510991,0.03757050088145908,0.046059902761204974,0.20875464153185574,0.31218244831664577,57.1,0.56,-0.013103918046384666,35.218502,376.022,552.57,597.46,0.0,0.0,0.004112896476422338,0.09867482161827605,51.66236258795185,-0.1892897538953987,0.1975155468482434
DELL,Information Technology,457.88,0.07381389278087291,0.8565278485141403,2.804943242134264,2.3697753818024236,0.7107193404348242,60.4,2.12,-0.020095414538990664,36.11041,0.0,223.39,418.31,0.0,-0.8996934944695812,0.050550783668977785,0.09930221798985851,69.46449037721756,-0.1440815635911449,0.24518313092910046
DAL,Industrials,89.21,0.03503882767748445,0.2593755516463794,0.19881557204017586,0.6813192327745392,0.4015241732538483,58.7,1.72,-0.03837444957868097,15.14601,96.649,71.84,86.23,0.0,-0.09182445722516269,0.02744088269944489,0.0986578481668397,60.95482889568332,-0.16592849970756093,0.22081026510645071
DVN,Energy,45.36,0.03727420729883413,-0.02241316913243696,0.05614617934297672,0.3983802060940076,0.34526818799440645,54.7,-0.46,0.029738964721453875,9.352577,28.488,42.17,43.54,0.0,0.0,0.00663235139466405,0.09872853980724683,52.67798615931228,-0.18687558662753972,0.20014028941686784
DXCM,Health Care,87.65,0.14800266244390237,0.47733016721399935,0.24928729975558972,0.11146336352390951,0.42356496659002235,70.2,0.73,0.008166540884918527,33.4542,53.346,68.29,74.78,-0.022129936065734407,-0.13341606145577153,0.015544219855611652,0.09865268478532224,56.26002457804146,-0.17781504232361992,0.20890348203484324
FANG,Energy,198.97,0.03846552652616153,0.01995585147127743,0.21270309876067994,0.4370534520222973,0.32322990544228847,49.4,-0.33,0.0370042543607676,284.24286,28.678,175.21,191.09,0.0,0.0,-0.06689640110528867,0.09953470947801485,25.076282313821668,-0.26198443168219776,0.12819162947162044
DLR,Real Estate,191.3,0.07520236634730293,-0.018673714473795955,0.12639676110450337,0.1583937283379302,0.26769192521594404,61.0,0.78,-0.013358070792943155,245.25642,67.944,176.73,185.0,0.0,0.0,-0.045710250571487296,0.09921298706253708,32.249670299938884,-0.24016770521405995,0.14874720407108538
DG,Consumer Staples,122.42,-0.00826315823304613,0.1759951447007151,-0.16110566225553347,0.07381443028522638,0.3664335641244731,48.7,0.49,-0.03803240520225659,17.923864,178.649,123.91,117.44,0.0,0.0,0.01209148064593226,0.09863842537216796,54.878168895513014,-0.18123983308351693,0.20542279437538147
DLTR,Consumer Staples,129.37,0.023658790384161632,0.43712508266519623,0.05033690866616736,0.11410602873926878,0.4147743225262235,56.0,0.75,-0.010251790435701347,21.001623,216.518,114.47,120.4,0.0,0.0,0.013303830183901872,0.09864580347063306,55.364054900666474,-0.18004194461853892,0.2066496049863427
D,Utilities,67.15,-0.05155369164617973,0.08411744603099214,0.09918488586047935,0.13437424683169885,0.20489581088044637,34.6,-0.07,-0.029904646898577303,23.315971,160.459,63.46,68.78,0.0,0.0,0.004397470103774736,0.09865864478915529,51.77759995952329,-0.18897347368296963,0.19776841389051908
DPZ,Consumer Discretionary,347.85,0.12263998467472947,0.11742702414217465,-0.10299805731602385,-0.19426298597927627,0.289845667368262,60.8,0.06,-0.05380409247499274,19.877144,0.0,370.76,319.71,0.0,0.0,0.010788122948082289,0.09865473164268494,54.35384716361485,-0.1825751510715802,0.20415139696774479
DASH,Consumer Discretionary,209.86,0.107031663777019,0.3338841808169877,0.12682557141598916,-0.19032370603185766,0.4728946293747867,64.0,1.4,0.037011442772565184,113.437836,33.276,189.29,180.71,-0.011292750331256735,0.0,-0.0018936381707240176,0.09872357713214504,49.23482715034076,-0.19539184934972828,0.19160457300828024
DOV,Industrials,210.1,-0.019461418237724182,-0.04252685147898794,-0.06174209248792739,0.22347742121280278,0.2643164108112416,48.7,0.95,0.0008098577319390898,25.497574,42.316,208.03,214.18,0.0,0.0,0.015678357705082396,0.09863378791949277,56.314793175687875,-0.17764386661712345,0.20900058202728822
DOW,Materials,30.58,0.00691468813531837,-0.203019767911905,-0.025659804175738432,0.5164739757549204,0.44991455244332906,50.6,0.09,0.008242664049748383,33.21382,111.913,30.75,30.78,0.0,0.0,0.004306424086996062,0.09870583699287576,51.73998804896256,-0.18915701641904042,0.19776986459303253
DHI,Consumer Discretionary,146.66,-0.011776518913281242,0.014742493853643124,-0.0388133399749131,-0.051627092049847945,0.35627164900687824,54.3,0.9,-0.021765802743042628,14.40668,29.451,149.97,150.94,0.0,0.0,0.01980051987170009,0.09863199257724697,57.9553553589229,-0.17351818557970397,0.21311922532310415
DTE,Utilities,136.78,-0.09200743936874967,-0.03202633696294099,0.02896017905072945,0.007664374994449608,0.17007221741515774,28.2,-0.02,-0.03485748235150732,22.132687,229.06,141.54,146.42,0.0,0.0,0.004246246617933072,0.09867912789439125,51.71615285251075,-0.18916484405507378,0.19765733729093993
DUK,Utilities,121.19,-0.044694924654467116,-0.02131912366481692,0.012802619157498807,0.0008367285526562629,0.15868498204272613,36.7,-0.31,-0.024784696908833448,18.789148,162.155,124.54,125.43,0.0,0.0,0.00343873341386129,0.09866969496980961,51.390070673535604,-0.18995386872696554,0.1968313355546881
DD,Industrials,141.55,0.06701341130889493,-0.0634525937930932,0.009780367878986063,0.6298558141512474,0.30827749190647963,54.9,1.21,-0.009655003811227858,61.012936,22.902,134.09,139.8,0.0,0.0,0.007884991722419379,0.09865104331469925,53.185278473216826,-0.18547105317439114,0.2012410366192299
ETN,Industrials,444.96,0.1072477690555802,0.06456986933646913,0.18994893007461688,0.23999827188004397,0.37360933709215977,63.7,1.74,0.002888615453102261,45.683777,105.059,376.37,408.63,0.0,-0.03224368433826827,0.018455158411814106,0.09866303278891789,57.419023098680256,-0.17492438585446496,0.21183470267809318
EBAY,Consumer Discretionary,107.71,-0.06412370743110607,-0.001122641370597477,0.24049546132604482,0.1712789620095425,0.35597528719526167,42.2,0.77,-0.0173341986616089,23.517467,153.012,97.11,110.99,0.0,0.0,0.013320941120122456,0.0986286538990559,55.371840390932,-0.1799912205220271,0.20663310276227204
ECHO,Communication Services,89.15,-0.04036598426702254,-0.3096639155395182,-0.22606129319923507,2.2920975545437967,0.9181054816697248,41.0,1.59,-0.0267466920202446,18.523909,123.757,106.15,101.41,0.0,0.0,0.019702478596281853,0.09902600987584863,57.885402423728785,-0.17438850076038145,0.21379345795294516
ECL,Materials,284.4,0.046165118672794714,0.13570323196190337,-0.007706253880465197,0.05336402813034136,0.21793890052527615,72.3,0.52,0.004450021836762685,38.32884,138.023,271.0,271.7,0.0,0.0,0.006791898228211133,0.09864640472965115,52.744586715794824,-0.18655505504190512,0.20013885149832739
EIX,Utilities,67.83,-0.10714754849089236,-0.027554404792283438,0.08894778408918325,0.3310041620575035,0.2519343993435817,24.5,0.1,-0.0404583464645113,7.080376,228.042,67.43,73.56,0.0,0.0,0.008958448005071585,0.09868166176883586,53.61668092509234,-0.1844576090618467,0.20237450507198987
EW,Health Care,92.03,0.002614640607645269,0.19256188885503311,0.19830722815564372,0.17460115598718584,0.24518979315411402,76.2,0.56,0.027120539582125458,53.505814,6.568,84.15,88.12,0.0,0.0,0.005022480692472289,0.09866331598599795,52.02994886822615,-0.18835761864008368,0.19840258002502828
ELV,Health Care,397.7,-0.06460945116810823,0.04602034435954927,0.22680855602548888,0.38118396911670605,0.35417260310269705,53.2,0.31,0.05211643441013569,17.420061,68.953,352.32,396.01,0.0,0.0,0.011296241608989165,0.09864642606735886,54.55842018403456,-0.1820507534830342,0.20464323670101256
EME,Industrials,809.33,0.05863255661262179,-0.13070519534259495,0.0436866584184854,0.31172671184221445,0.4417905451338159,58.0,1.92,-0.012867721776525953,25.442629,13.432,748.95,797.98,0.0,0.0,0.026273110538099418,0.09867429547521324,60.49808730304762,-0.16712850859331854,0.21967472966951737
EMR,Industrials,158.71,0.17232974582361393,0.14287769026875674,-0.000288728913249936,0.21509468391789865,0.3173362849242724,72.8,1.57,-0.0008183683393376828,34.577343,67.677,140.43,144.36,0.0,0.0,0.019153426917824356,0.09867645400339284,57.69525073312097,-0.17425242292882562,0.2125592767644743
ETR,Utilities,105.65,-0.08002433912460472,-0.0647959601285969,0.08228816990909427,0.1976789633010645,0.20415893666455898,32.1,0.21,-0.029487406453012732,27.370468,186.77,104.48,111.69,0.0,0.0,0.005356336266203762,0.09865623822962886,52.16491089760012,-0.1880098906638688,0.19872256319627635
EOG,Energy,142.22,0.02625511185269369,0.07475424754587712,0.26800659135471383,0.2655997172387352,0.2838897366068904,48.6,-0.52,-0.009057992008485893,10.480472,25.891,124.93,136.86,0.0,0.0,0.00583865655211811,0.09870635333473135,52.358439205573504,-0.18762579598395535,0.19930310908819154
EQT,Energy,54.08,0.091102732954228,-0.03897914818158299,-0.028044736378244006,0.06682593962983785,0.30955201622036504,66.5,0.11,0.028039203529202306,11.991131,19.595,56.32,51.87,0.0,0.0,0.012402977874602579,0.09866198873322192,55.001997627471255,-0.18097452004251238,0.20578047579171752
EFX,Industrials,181.04,0.04883837927103096,0.08249147620225017,-0.08735632537569338,-0.23709150192311546,0.38579573159261327,57.2,0.57,0.022131878257741322,32.042477,120.956,190.38,169.33,0.0,0.0,0.01107647701421247,0.09863711051503239,54.47053381138879,-0.18225225959525101,0.20440521362367595
EQIX,Real Estate,1043.38,0.00370357322774173,-0.0346886110144875,0.2291083783911454,0.37478765659007074,0.24044266826462046,53.1,0.45,-0.0077506340161414,67.09839,162.217,938.06,1051.03,0.0,0.0,-0.002989164069685119,0.0986519444921097,48.791385725349215,-0.19634697527422013,0.1903686471348499
EQR,Real Estate,65.83,-0.05579459726821279,0.005044049235623405,0.04096733750791426,0.08859704352491948,0.20043066920804314,36.3,0.15,-0.02747821751020929,29.128319,78.679,63.39,67.28,0.0,0.0,0.0064113136570333054,0.09864717755339988,52.59099615338106,-0.18693715434763045,0.19975978166169708
ERIE,Financials,252.35,0.020957268167432153,0.1690728737438112,-0.05307570992367816,-0.278808755704703,0.36920093632100187,70.3,-0.4,0.03197974630211631,22.920073,2.56,258.03,231.79,0.0,0.0,0.006222633517619275,0.0987442979091263,52.512377485348104,-0.18731619038426825,0.19976145741950682
ESS,Real Estate,283.21,-0.04796967528653828,0.06302996285785478,0.12022336808959344,0.15676582847012144,0.19833946762715013,37.2,0.17,-0.013927092089432547,44.811707,122.409,264.43,286.65,0.0,0.0,0.0014100349355102625,0.0986512931674983,50.57019364052605,-0.1919464996727864,0.19476656954380692
EL,Consumer Staples,87.19,0.07443007765811527,0.05772964279843684,-0.11320320756854574,-0.02449549027855924,0.46330498770086054,62.9,1.42,0.002529621911178559,23.371368,232.908,91.94,83.96,0.0,0.0,0.01956545259594779,0.09866107336950462,57.85986373212991,-0.17381025120828125,0.21294115640017686
EG,Financials,369.9,-0.0211437731674029,0.06081678166909121,0.16241315502651932,0.13534435754822072,0.24390710733016768,45.3,-0.03,0.0018688617788671369,7.9241643,23.26,338.3,358.06,0.0,0.0,0.011463501513602144,0.09865321837837945,54.62529717343047,-0.1818968065080216,0.2048238095352259
EVRG,Utilities,82.09,-0.05043378559008982,-0.007817985220502033,0.08199139028608116,0.17415020964512729,0.15952797777360905,35.5,-0.03,-0.02087309251478464,21.211885,160.554,80.16,84.47,0.0,0.0,0.0049730176942715774,0.09865986993498796,52.010044436227766,-0.1884003273783048,0.19834636276684797
ES,Utilities,71.17,-0.049292043966347454,0.07101193494106917,0.07609385661493495,0.1443568220806395,0.2511993800356701,40.4,0.1,-0.0210453761144741,15.471739,180.7,70.39,72.04,0.0,0.0,0.008073237499399219,0.09864565120515073,53.26133383215996,-0.1852722388626962,0.20141871386149465
EXC,Utilities,44.5,-0.05500106485868328,0.016485484720269783,0.030318751719530024,0.017335079966368516,0.19132279775966735,39.3,-0.25,-0.02923211492424571,16.792452,177.362,46.13,46.18,0.0,0.0,0.004447521471774272,0.0986630352651249,51.79773877207493,-0.18893202764787054,0.19782707059141907
EXE,Energy,97.56,0.12009184004268958,0.014995156553955669,-0.04411114798900839,0.015660091721987346,0.3098087188088937,67.2,-0.01,0.048243234968219584,8.003282,19.207,102.28,90.07,0.0,0.0,0.012495338259271615,0.09867328121248396,55.03847405556005,-0.18090429291719692,0.20589496943574018
EXPE,Consumer Discretionary,314.01,0.18213305723559436,0.42091883271073516,0.33372539150674707,0.6208257492759868,0.49084793089487055,71.8,1.11,0.0062488374744831265,19.527987,230.271,250.51,261.44,-0.05109798323787837,-0.10350294909353466,0.016047979784997723,0.09868514406837495,56.459038926892276,-0.17737490258901717,0.20947086215901262
EXPD,Industrials,179.0,0.019943019943019946,0.15676002306628556,0.09950157127969339,0.5443178284715591,0.3080146170981685,50.7,0.5,-0.013665394456270241,26.055313,26.745,153.24,168.69,0.0,-0.018130908972256804,0.011312295425020574,0.0986316478817277,54.56555109147645,-0.1820057344231657,0.20463032527320685
EXR,Real Estate,146.66,0.00922100378718671,0.025416847544469823,0.06849084204861433,0.12563681886687839,0.23014549148424518,53.0,0.35,-0.021353242594482902,33.031532,101.674,140.67,146.61,0.0,0.0,0.006992778073926963,0.09862857949865836,52.826137587082,-0.18631923774344342,0.20030479389129732
XOM,Energy,159.79,0.10573662279513862,0.07478998893187683,0.07100624092451846,0.5438528338671165,0.2535576460957977,63.4,-0.48,0.03786688956892936,25.772581,15.921,140.44,146.74,0.0,0.0,0.0012449091408473654,0.09869993837579193,50.50317531244415,-0.19220697007570478,0.19469678835739954
FFIV,Information Technology,409.99,-0.026036397802183475,0.14426459448073858,0.4708689265922701,0.2741710048569965,0.3477891742684812,50.6,1.02,-0.005482134058520272,31.856255,6.546,313.92,403.51,0.0,-0.15603584943898022,0.020717235531388684,0.09864580031829517,58.31725621462762,-0.17262853309246987,0.21406300415524723
FDS,Financials,284.12,0.07985257472289331,0.30255166005996736,0.4121620402019852,-0.24439004872078518,0.46519647975952383,69.6,-0.02,0.03508326432810849,18.791004,77.284,247.44,250.75,0.0,0.0,0.010207374831373453,0.09874514354977589,54.116569848005646,-0.18333310652618726,0.20374785618893418
FICO,Information Technology,1049.74,-0.17876785430520248,-0.03869964264251369,-0.23530698536767547,-0.2052722530783505,0.5360318050332519,36.1,0.33,0.0026265771646818425,30.121666,0.0,1358.76,1193.45,0.0,0.0,0.011989849386030961,0.09873972199629844,54.832431048564665,-0.18154000572671397,0.20551970449877588
FAST,Industrials,52.15,0.11447771592398914,0.21099715144637377,0.13318109100554532,0.1102894751931196,0.25591448389291194,86.0,0.53,0.04908474122600426,44.19492,10.851,44.49,46.71,0.0,-0.02211823055955789,0.00820219097637081,0.09867956693102972,53.312171832874945,-0.18520976020844743,0.20161414216118906
FRT,Real Estate,117.13,-0.038657249064672716,0.02419118388247088,0.12603296950333776,0.338455584614223,0.17186718113899419,21.1,0.2,-0.046327979608731695,24.002048,134.114,109.29,122.3,0.0,0.0,0.006399354926713157,0.09868390643625007,52.585208877945234,-0.18702110168833697,0.19981981154176326
FDX,Industrials,325.08,0.036144567765872715,0.06872195064396891,0.11514105477467185,0.8034785826970554,0.2847997353243456,60.7,0.94,0.03746725720171118,17.181818,135.697,279.93,319.37,0.0,-0.011289652337433453,0.015021922276016241,0.0986376631770337,56.05224634902966,-0.17830789755096982,0.20835174210300228
FERG,Industrials,263.78,0.1311805652799245,0.08531771518245646,0.015947839298267708,0.19809996028069232,0.31071189754292305,81.4,1.19,0.032366656687629725,25.242105,103.524,240.72,233.8,0.0,0.0,0.017465461639387718,0.09867123203385758,57.02484066158489,-0.17593015314697313,0.21086107642574858
FIS,Financials,42.51,0.013832530697258871,0.015001125325768472,-0.14281315507781167,-0.38328093534504415,0.3174838244778877,53.7,0.37,-0.03953908871136569,6.5703244,132.51,51.83,41.17,0.0,0.0,0.015919325237960268,0.09863698568950878,56.41080849816963,-0.17740916671347692,0.20924781718939747
FITB,Financials,57.13,-0.0008744182720128446,0.182637654695059,0.06856363996488413,0.4185449603168325,0.26264374101458454,45.3,0.83,-0.011078403748955301,19.235691,0.0,49.64,55.3,0.0,-0.000971033690334494,0.01633108260578422,0.09863906524338571,56.57499775563194,-0.17700148527125176,0.2096636504828202
FSLR,Information Technology,239.33,0.08279420509806346,0.025978468931288967,0.07743211889504198,0.2961278621283041,0.5511985405512614,67.8,1.77,-0.017649726903819385,25.514925,1.88,234.49,242.27,0.0,0.0,0.025691291336154092,0.09869521520045436,60.268743525719735,-0.16775133045673646,0.21913391312904462
FE,Utilities,46.76,-0.0249109677671856,0.058824276338310666,0.01902214101131139,0.12433240243217525,0.15821667593179553,40.7,-0.08,-0.02188145568574329,25.413042,200.908,47.48,47.24,0.0,0.0,0.0028442839597862036,0.09865858666260838,51.14997386761818,-0.19052654589892623,0.19621511381849863
FISV,Financials,52.22,0.020320455438179508,-0.0398970066794726,-0.13169268788367394,-0.6064807654737865,0.5653621658060053,56.0,0.52,-0.06382211610795274,10.023033,0.0,61.28,51.94,0.0,0.0,0.02071958685105288,0.0987502913454749,58.30951310753877,-0.17283098418607792,0.21427015788818368
FLEX,Information Technology,119.7,-0.07567569924137307,-0.17488115458129683,0.8117148100671057,1.3778306830634488,0.6731177389382967,43.4,2.86,-0.0553231961714179,46.757812,107.818,89.94,137.09,0.0,-0.1809153400865949,0.03198388688231928,0.09873516294829664,62.70068062729983,-0.1615370324963421,0.22550480626098068
F,Consumer Discretionary,14.0,0.010830297068508576,0.17647053166539184,0.05445223635917906,0.2977382148115131,0.374066737033095,45.8,1.13,-0.016853916782002765,22.3816,456.708,13.41,14.43,0.0,0.0,0.011804091053207661,0.09871073368685879,54.7593117550676,-0.18166894697303557,0.20527712907945087
FTNT,Information Technology,164.21,0.02235096317902663,0.4224705755460727,0.9109741199893422,1.2074204605614964,0.3986762665185213,57.4,1.0,-0.024243785935202267,56.429554,36.194,102.93,153.56,0.0,-0.44539333195243247,0.020393981353609807,0.09878839833322961,58.177679862095665,-0.1732312793795202,0.21401924208673984
FTV,Industrials,61.75,-0.008987343298808792,0.024884196018807314,0.019413541882227436,0.31684305363196885,0.2673846454138234,53.8,0.65,0.020492508888824812,32.67196,59.283,57.21,61.04,0.0,0.0,0.010303607291064942,0.09862631781800917,54.160227887942305,-0.18300397563223303,0.2036111902143629
FOXA,Communication Services,63.42,0.13452587545252603,-0.0634967952487755,0.014019057261750012,0.18520435420682957,0.3521764868415123,70.5,0.13,0.07345965137748789,16.64567,64.06,63.08,57.86,0.0,0.0,0.010485603211959935,0.09867412356215265,54.23139397001895,-0.18291567896985925,0.2038868853937791
FOX,Communication Services,56.33,0.12166468462435498,-0.07927424730187171,-0.0020663441360456725,0.15713107492811318,0.3393422410819105,67.8,0.08,0.0664521423042419,14.823685,64.06,56.69,51.96,0.0,0.0,0.010505421372022764,0.09866970224551296,54.23955055692351,-0.18288719502918263,0.20389803777322815
BEN,Financials,33.52,0.021017319166162673,0.07310379931658706,0.24101247316067953,0.41280554480546705,0.28166326886002757,55.6,1.26,-0.06290187227301669,22.958904,24.805,27.45,32.83,0.0,-0.07111822142835389,0.021530911709631555,0.09864933604285121,58.63855761996453,-0.17182178693435682,0.21488361035361994
FCX,Materials,70.51,0.1786083413766919,0.09804476256422379,0.11361077465939395,0.702125657159854,0.4977600431228318,67.9,2.27,0.04769686387687044,34.062805,32.149,57.89,64.09,0.0,-0.06791133025813417,0.02838698004462591,0.0987010423687164,61.31757003422145,-0.1650670629980582,0.22184102308731005
GRMN,Consumer Discretionary,313.16,0.28549732308814946,0.2977437382726784,0.5325566623758897,0.36971485349711775,0.34130982020539546,89.5,0.99,0.018870440483372386,32.053223,2.513,231.06,250.95,-0.09791079225135532,-0.2052987444016325,0.01563585338166649,0.09872864685827078,56.29181624472086,-0.17787229446054423,0.2091440012238772
IT,Information Technology,193.17,0.3669945616469774,0.2559817577112691,0.20920186647227124,-0.15646289009194192,0.5441855866167585,80.4,0.39,0.039722294792522206,16.695765,0.0,182.26,148.22,-0.1532319931358417,0.0,0.006507202400829637,0.09907561238416168,52.61833653550143,-0.18768099787212725,0.20069540267378652
GE,Industrials,366.7,0.037575684100335405,0.22072389705101747,0.16086360104404074,0.340177637841645,0.3226890474667219,66.1,1.24,-0.028042797409079556,43.654766,113.225,317.24,352.59,0.0,-0.005923270298261868,0.012586725702825728,0.09864400386351849,55.07662348139378,-0.1807555218696705,0.20592897327532197
GEHC,Health Care,72.94,0.11745841466035967,0.18283972832423712,-0.07667280518865427,0.01498366590910516,0.35301120095560035,74.0,0.81,0.03814403961985935,16.539684,93.965,72.99,64.85,0.0,0.0,0.017110418964044617,0.0986494616435603,56.88498216002934,-0.17624252585733358,0.2104633637854228
GEV,Industrials,990.85,-0.049635527730486184,-0.07615810826591118,0.23756238854831668,0.529987847998765,0.5187495526660955,39.5,2.04,-0.02717647287242575,28.407394,28.364,848.41,1021.09,0.0,-0.01788788038679981,0.026694069761060632,0.09867636456635075,60.66204279198371,-0.16671160478898683,0.22009974431110807
GEN,Information Technology,29.29,0.1196483595708,0.31459684496332607,0.20341876215945875,-0.01931157907966341,0.35176726199595304,74.2,0.85,0.03608066647496466,17.02907,307.831,24.33,26.05,0.0,-0.05403678768122602,0.01572396783098254,0.09867347490547458,56.33048307999407,-0.17767604298374765,0.20912397864571272
GNRC,Industrials,206.09,-0.09191452254175991,-0.2406411165340846,0.10902434648445558,0.05014010872810504,0.538381533427909,42.7,2.03,-0.05735721659816739,48.836494,49.003,205.15,243.22,0.0,0.0,0.02172588275842507,0.09867378528228611,58.71340747814986,-0.1716747363948557,0.21512650191170585
GD,Industrials,395.97,0.06220827972891274,0.1560407734365381,0.10958080462907671,0.28276704044284484,0.21867687736539507,74.3,0.41,0.026467210692164178,23.92568,35.335,351.06,364.43,0.0,0.0,0.010632411245552515,0.09865194138004961,54.291370988806165,-0.18272539385934472,0.20399021635044973
GIS,Consumer Staples,37.26,0.018032783467976765,0.12144868774515039,-0.1986537690814839,-0.2057346089955786,0.2686281721352756,50.7,-0.32,0.029566171191687696,23.371368,217.629,40.61,35.22,0.0,0.0,0.002478794458272151,0.0986750032246809,51.002069301771456,-0.1909242118621024,0.1958818007786467
GM,Consumer Discretionary,87.96,0.14650674771804328,0.170815042775178,0.095183284269442,0.658224303339981,0.3380955371863324,69.2,1.09,-0.003963293894203468,39.093334,202.341,78.26,81.43,0.0,0.0,0.009822990781255455,0.09865150296931428,53.965819278364805,-0.18353395503860054,0.20317993660111144
GPC,Consumer Discretionary,134.54,0.08921629649092933,0.34101578769542407,-0.06004901869334722,0.047120097391573745,0.328860819442987,74.2,0.52,0.015013128544387522,560.5833,146.415,119.11,116.73,-0.002600907657366397,0.0,-0.13443780400885316,0.10214603144630426,9.406463561737045,-0.3346440256436095,0.06576841762590319
GILD,Health Care,133.06,0.012633209583077454,0.0031042532617895358,-0.11197833607676222,0.1433406153901826,0.27169116357955736,56.0,0.35,-0.016192254649953775,30.024082,223.465,132.12,129.48,0.0,0.0,0.005985706113141382,0.09863667608745115,52.419471648619755,-0.18734217901826286,0.19931359124454565
GPN,Financials,86.13,0.12075470349452089,0.25723877526133476,0.2088091893745181,0.07730068269635137,0.3992359874111124,62.9,1.11,-0.02402269401226098,40.819904,98.273,74.5,75.39,0.0,-0.006178733900589373,0.013597633731490531,0.09863432818092602,55.48240884575875,-0.17972564950312445,0.2069209169661055
GL,Financials,183.26,0.0259769315669518,0.19326447577942152,0.30128786046701106,0.31444683277479957,0.19665137806185648,48.4,0.31,-0.003480149053233128,12.225484,55.675,149.97,173.97,0.0,-0.07197565521719104,0.014610751128748272,0.09864387808104232,55.8874446660375,-0.17873124991009467,0.2079527521675912
GDDY,Information Technology,91.49,0.006933713946576825,0.038714758876317035,-0.06709495107097418,-0.3139108085773271,0.4583897577286724,49.3,0.12,0.026939068633210494,13.534023,57334.33,99.38,87.09,0.0,0.0,-0.9321544461658167,0.6656551187014171,8.070330057178786,-2.2368384788205944,0.37252958648896084
GS,Financials,1034.51,-0.010899622378136575,0.09970719523477412,0.10694729200277608,0.46316263172265626,0.3155612399445004,40.3,1.6,-0.017540666532807947,16.05136,725.381,924.87,1054.91,0.0,0.0,0.012757113094503605,0.09892863231075608,55.1302457318521,-0.1811430062345783,0.20665723242358552
HAL,Energy,33.64,-0.04458959771789872,-0.16087644282994495,-0.027312925766590834,0.6469132855872648,0.3599343144822365,52.6,0.29,0.03955496771181832,16.653465,74.186,34.02,35.17,0.0,0.0,0.010435895426929893,0.09865304238313612,54.21230617296489,-0.1829240676440169,0.20379585849787665
HIG,Financials,141.15,0.0026281795737728153,0.07349422352000357,0.021854689803387117,0.12060649164894066,0.1912931079089457,48.1,-0.07,-0.006335861569432777,9.891379,22.33,135.25,135.7,0.0,0.0,0.010312913737700208,0.09865109315068851,54.16292988939945,-0.18304322883764926,0.20366905631304968
HAS,Consumer Discretionary,94.49,0.1881051089411938,0.0007759755450131856,-0.008674364352598385,0.2603683289867478,0.3047238848364426,64.6,0.81,0.032564699573526035,16.635563,531.042,87.95,85.23,0.0,0.0,0.008815243883647347,0.09875013233405969,53.556560628273566,-0.18473501549110963,0.20236550325840433
HCA,Health Care,414.03,0.05960487568971873,-0.026995813845843486,-0.16493784521417598,0.09231740591609405,0.3020056615397048,70.2,0.18,0.03318939791964448,13.870352,0.0,456.81,388.9,0.0,0.0,0.01277821017668392,0.09866352625222287,55.152413407721504,-0.18060230127767288,0.20615872163104074
DOC,Real Estate,20.9,-0.033817987128999416,0.07342626104541905,0.2826022960058272,0.31871619152882524,0.2929189771147861,29.5,0.46,-0.0333025528563603,61.470585,108.653,18.32,21.09,0.0,0.0,-6.477214361066193e-05,0.0986611199499799,49.97380898895594,-0.1934405672455713,0.19331102295834995
HSIC,Health Care,88.08,0.02669309815933185,0.2767068351702382,0.09962551197191094,0.3357597599320967,0.26118854700025046,60.1,0.51,-0.011558733837301993,25.6793,80.733,77.02,83.45,0.0,0.0,0.010416927367472798,0.09862862085402385,54.20571567324419,-0.18289516950641396,0.20372902424135955
HSY,Consumer Staples,182.75,0.04285547975019255,-0.026819318776188372,-0.19595649504900514,0.02145082693336553,0.27607684238042923,69.2,-0.13,0.020721664728494682,24.931787,129.821,191.7,178.12,0.0,0.0,0.004718690683940433,0.09866575655393874,51.9072147425584,-0.1886661921617795,0.19810357352966035
HPE,Information Technology,54.68,0.15749361478325952,0.7764812852403868,1.3083895848298548,1.6823145246781146,0.5186266725187864,72.1,1.95,0.0437106497844284,49.70909,84.03,30.33,47.87,0.0,-0.6530792261788035,0.03671643034823026,0.09899148657380348,64.46458282836296,-0.15730688333642456,0.23073974403288505
HLT,Consumer Discretionary,311.0,-0.03550941781227068,-0.013898519538763532,-0.0087204910967843,0.18809541186173173,0.23588861400050995,39.3,0.66,-0.0034287413051747873,46.696697,0.0,307.48,331.82,0.0,0.0,0.007762328407103421,0.09864643478511471,53.1359756934248,-0.1855846837717214,0.20110934058592825
HD,Consumer Discretionary,350.78,0.04055060372500785,0.13491029660478504,-0.06621039083488212,-0.07153189544551097,0.25481337721953157,62.8,0.73,0.00729384509576958,25.254139,459.356,347.94,334.99,0.0,0.0,0.007628493786474586,0.09871340189542187,53.07992855599748,-0.18584977392855226,0.20110676150150145
HON,Industrials,242.93,0.09304833599901574,0.06296724887972438,-0.024086531983931403,0.1609676118048593,0.2602045427349646,62.1,0.73,-0.023554004455524802,9.470955,185.369,228.69,234.64,0.0,0.0,0.015741723535560068,0.09863714105492599,56.33988588749895,-0.17758707293209486,0.20907052000321502
HRL,Consumer Staples,24.7,0.009812006845869137,0.23988864098398222,0.038594008660247425,-0.0872172848220284,0.30345749453849347,44.6,-0.08,-0.02525648720578544,29.404764,4.244,23.36,24.61,0.0,0.0,0.006496548568074492,0.09866537809949072,52.624908988709194,-0.18688759250692732,0.19988068964307631
HST,Real Estate,22.67,-0.01733851858784441,0.08076290586205404,0.21750077159063208,0.5984122668930643,0.2516361387996464,33.7,0.75,-0.09247395949854287,15.634482,85.298,20.39,23.82,0.0,0.0,0.014452009434357559,0.09864680862451061,55.823766317135636,-0.17889573546968324,0.20779975433839837
HWM,Industrials,283.71,0.04632533814263318,0.03752894561889808,0.2612578133235508,0.5728944225714514,0.3071742181880081,54.3,1.06,-0.015103650477928388,60.621796,81.368,239.12,272.48,0.0,-0.036489019320346455,0.006959136369641687,0.0986386013763621,52.81227857661135,-0.18637252232802803,0.2002907950673114
HPQ,Information Technology,29.8,0.2030681746604619,0.3919162073282061,0.5775714753649448,0.1998867679380929,0.427465779026529,72.0,0.78,0.034004148251685296,11.119403,0.0,22.5,25.17,-0.0339952449408501,-0.17450916431739102,0.02332690595890391,0.09867079612021487,59.34432938196608,-0.17006785443671724,0.21672166635452506
HUBB,Industrials,504.9,0.058423988404305405,0.03316739146413217,0.003265656845581555,0.22057677520041197,0.316870896870588,58.8,1.24,0.005296280092845773,30.39735,141.642,484.42,491.53,0.0,0.0,0.015834848781091843,0.09863740749404347,56.37705430413467,-0.17749446990723336,0.20916416746941704
HUM,Health Care,385.7,-0.049999969933420596,0.40964770680226037,1.0506279801953227,0.46717209152115124,0.48519023768109976,41.1,0.53,0.06499891845286254,36.3525,76.485,268.23,375.45,0.0,-0.28794991746619303,0.018161761064858395,0.09873209738814528,57.29736273826106,-0.17535314981590636,0.21167667194562315
HBAN,Financials,17.6,-0.018404903407101214,0.11271486759070637,-0.055810171314623624,0.13486789552169975,0.2660937809375994,40.9,0.83,0.0022779565343908903,13.538463,0.0,16.83,17.34,0.0,0.0,0.01872892479521649,0.0986422798525886,57.52933677598213,-0.17460994371585717,0.21206779330629014
HII,Industrials,330.81,0.16130736000116563,0.045597986583913785,-0.17875670376939934,0.2709075185794325,0.37798058651451133,76.2,0.82,0.02398935200448138,19.345613,55.252,348.37,292.78,0.0,0.0,0.01644192316051872,0.09866030962100932,56.61780033005039,-0.17693228369665953,0.209816130017697
IBM,Information Technology,236.31,-0.17994294108533093,0.06466185799670643,-0.1863270176019668,0.0007566993742593731,0.4828359988542195,75.7,0.84,0.01214192928736546,21.061497,188.97,269.11,256.68,0.0,0.0,0.015390935919193906,0.09869216306113936,56.19633565056492,-0.17804570368063924,0.20882757551902706
IEX,Industrials,233.27,0.05323283715169347,0.09745899868779428,0.11443507615331838,0.4958777112055335,0.23085231039363557,69.3,0.75,-0.019420720202786845,33.807247,47.06,199.77,223.22,0.0,-0.017668611141436197,0.011021706565421098,0.09864581642208375,54.44812923189771,-0.18232409362186305,0.20436750675270524
IDXX,Health Care,595.76,0.05591887163340359,0.11984964241658824,-0.06881940914028661,-0.09467220013995992,0.31644211658149507,70.7,0.94,0.013042191773201539,41.14365,67.971,618.92,560.52,0.0,0.0,0.012245279352235107,0.0986414021777077,54.939752804957685,-0.18109186891607199,0.20558242762054219
ITW,Industrials,294.52,0.0847881731626956,0.175387984696183,0.02614574991079155,0.17500174408814995,0.21773048589327273,70.5,0.53,-0.0018301652185659378,26.872261,334.853,263.45,270.07,0.0,0.0,0.0063637415165828815,0.09867587805469648,52.57105065081156,-0.1870409794706222,0.199768462503788
INCY,Health Care,121.55,0.06408123504952967,0.2116228411235621,0.1148308209908766,0.5505804821808526,0.3322789919373793,56.0,0.44,0.007877318322193627,15.484077,0.603,102.24,111.85,0.0,-0.03884319400011066,0.014849182764859706,0.09864251950295148,55.98288546615293,-0.17849015546092523,0.2081885209906446
IR,Industrials,86.63,0.10272403189428858,0.16003048526639096,-0.11908514242020629,0.14266704665779883,0.3301758106760106,65.3,1.24,-0.031634270735711234,35.946056,47.903,81.84,79.69,0.0,0.0,0.016209060097598572,0.09864257470053212,56.52608287957545,-0.17713038631544437,0.2095485065106415
PODD,Health Care,142.85,-0.11853629362256801,-0.0734253888556502,-0.4182921291568191,-0.534842060356832,0.4388516909309963,35.8,0.28,-0.14368780822624494,26.453705,66.685,227.01,154.97,0.0,0.0,0.011866057914494767,0.09868389593027138,54.78547131104364,-0.18155437810883712,0.20528649393782666
INTC,Information Technology,97.52,-0.054305721046940536,-0.24660078180073508,0.9410826708802467,3.8882201961729503,0.7931055520308019,42.3,2.85,-0.03311524833505064,40.452145,48.997,68.88,110.18,0.0,-0.2657842328939941,0.030311422707562152,0.09882296121413224,62.04734575635315,-0.16338158127213703,0.22400442668726134
IBKR,Financials,90.66,-0.030996087774245562,0.0688002037765032,0.15849659104502578,0.3818432153499527,0.38946456277726954,42.3,1.89,0.02290428152544166,34.869232,205.748,76.63,90.96,0.0,-0.03307062879313191,0.020801042183613897,0.09867525267225673,58.34795127020772,-0.17260245305400929,0.21420453742123707
ICE,Financials,150.54,0.09348438503931522,-0.042585942753256,-0.10557455824673634,-0.18205847602777347,0.24490750261799318,72.7,0.22,0.008981208882701708,21.172995,69.226,154.56,140.07,0.0,0.0,0.010569268384594235,0.09864822965387822,54.26614330851526,-0.18278126173700707,0.20391979850619554
IFF,Materials,85.09,0.13302261074228938,0.08622106562079068,0.14452106568818435,0.3711235854149857,0.35702944377032253,67.6,0.75,0.05192232636831573,33.21382,44.821,72.66,77.68,0.0,-0.021028786994831294,0.012429616251467534,0.09863870347202307,55.01386104125644,-0.18090224255369766,0.20576147505663275
IP,Materials,41.34,0.11729730142129435,0.29216798585761805,-0.1078885233669602,-0.08897026884500492,0.4314375306760178,64.7,1.14,-0.022926050324249214,33.21382,68.509,38.48,37.75,0.0,0.0,0.016935594589018065,0.09864297128267101,56.81577136400273,-0.17640462912501712,0.21027581830305322
INTU,Information Technology,334.43,0.15416200098242672,-0.14589385972104574,-0.22982977136871297,-0.548481960088789,0.47365310821680884,70.5,0.22,0.033467201384419054,19.835705,33.448,456.95,291.63,0.0,0.0,0.01394920445535101,0.0987281733774198,55.61791786823571,-0.1795580153643918,0.2074564242750938
ISRG,Health Care,393.38,-0.03374923953420661,-0.06351471892312166,-0.20180990218758232,-0.1631636825229147,0.3658591359464818,68.9,0.92,0.06818371471536988,43.467403,0.0,479.83,392.57,0.0,0.0,0.01303309617517461,0.09864702556822814,55.25547148539043,-0.18031507393855253,0.20638126628890177
IVZ,Financials,31.74,0.11760564075531277,0.1428371580250123,0.1991885593805085,0.5855038108626855,0.3376249325064591,60.3,1.72,-0.008125007152557373,16.2421875,12.056,26.4,28.71,0.0,-0.052468575226956,0.027171125230456464,0.09867591874374382,60.847909061818505,-0.1662336755072814,0.22057592596819436
INVH,Real Estate,29.89,-0.007306583070193939,0.044108702391634,0.1559762678789971,0.04217010171404123,0.21189261738341236,50.6,0.11,-0.0190351144330958,27.934578,94.425,27.76,29.64,0.0,0.0,0.006330430261032994,0.0986348539106758,52.558673187168935,-0.18699388340389156,0.19965474392595756
IQV,Health Care,241.99,0.16593592837875204,0.3943532194637611,0.2559817708669505,0.34543536457230894,0.4136376624933412,71.8,0.85,0.0604294861057757,29.655638,257.975,198.26,201.84,-0.0489057086630198,-0.07054035095597766,0.009796854893748154,0.09867676709324763,53.954292820064275,-0.1836096086090172,0.2032033183965135
IRM,Real Estate,121.56,-0.00661931167612817,-0.05824044164802333,0.27100230187564245,0.394208958891207,0.32885466860863316,43.3,1.13,-0.0314716318254008,86.21277,0.0,107.61,124.71,0.0,0.0,0.001479099167949272,0.09867167813404844,50.59799641422818,-0.19191738997478566,0.19487558831068422
JBHT,Industrials,266.14,-0.05798970784303581,0.10732669998682631,0.18038249755217062,0.9242559206297687,0.3867482274106922,23.5,0.74,-0.028749252702077843,38.183647,38.373,227.76,279.61,0.0,-0.018503389548456983,0.009370017123893246,0.09866754786500552,53.78289015075469,-0.18401837669151758,0.20275841093930405
JBL,Information Technology,336.63,0.04556470933370993,-0.07812389003635622,0.2664005517164736,0.502493806177382,0.44861373965832624,58.2,2.12,-0.009911750344669068,42.719543,297.136,282.11,344.58,0.0,-0.04325542848376676,0.019717560808554177,0.09870577695870765,57.91662325411714,-0.17374576203051284,0.21318088364762117
JKHY,Financials,155.08,0.02885959150014661,0.08442092077352825,-0.08869611110757425,-0.025565274984544528,0.27230027158177383,59.0,-0.04,-0.009895952266090413,21.7809,6.398,159.43,142.18,0.0,0.0,0.008578247878439034,0.09865575924373081,53.46448942814461,-0.18478704023927336,0.20194353599615142
J,Industrials,147.33,0.16429588086857883,0.2630026398291234,-0.018418967775345907,0.0047290455446649116,0.327886322830922,75.5,0.89,0.0325904779504711,48.30492,124.734,133.5,128.96,0.0,0.0,0.008654044163815643,0.09865131107109808,53.49518030126021,-0.18470252553553657,0.20201061386316788
JNJ,Health Care,261.81,0.01567292049932001,0.18915996056735995,0.10926714323359188,0.5482119520694388,0.18265357713154817,64.7,-0.2,0.026987820501616966,30.024082,57.709,228.39,248.35,0.0,0.0,0.0016865786403841947,0.0986616031520432,50.68194184806746,-0.19169016353762047,0.19506332081838884
JCI,Industrials,150.7,0.047036786055503654,0.0658554260685913,0.09052388077005902,0.43612337171904536,0.2912259597060525,67.9,1.09,-0.01900793035905135,42.93447,70.107,131.96,143.75,0.0,0.0,0.011381144923455308,0.0986460210538493,54.59254916885803,-0.18196505634208932,0.20472734618899996
JPM,Financials,359.79,0.07550895243415834,0.20470283343686235,0.12778766259730978,0.2698195523965401,0.22264896276620405,66.0,0.81,0.006349349969249296,15.316731,0.0,313.55,333.57,0.0,0.0,0.017447252129708647,0.09865202671197347,57.01894459263615,-0.17591072022575935,0.21080522448517666
KVUE,Consumer Staples,19.03,-0.010400356752559792,0.12168338833522241,0.07153354550924051,-0.06677498730485987,0.3259532344481376,50.3,0.11,-0.026598392363580636,22.654764,81.617,17.64,18.74,0.0,0.0,0.008957306165048877,0.0986472416488051,53.61747952232384,-0.1843912874666091,0.20230589979670688
KDP,Consumer Staples,29.3,-0.06240002441406245,0.027819628860185297,0.044171777306258875,-0.12009502418678752,0.2947270315401621,41.1,0.05,-0.057877849592621655,30.206184,100.137,28.71,31.01,0.0,0.0,0.00599264903555223,0.09864840973583007,52.42198682467723,-0.1873582340466747,0.19934353211777914
KEY,Financials,22.68,-0.023255771927096602,0.07483166847298972,0.005277880238134802,0.3423771536328062,0.23707684221675962,45.3,0.84,-0.018181821184334646,13.263158,0.0,20.98,22.69,0.0,0.0,0.018104188368546933,0.09864576577245336,57.280783922329945,-0.17524151254546164,0.2114498892825555
KEYS,Information Technology,335.41,0.045444683165735356,-0.08447970009539452,0.4216505492077691,1.0332807347898436,0.43211605577325884,54.0,1.89,-0.017084710875361897,54.98525,43.642,273.98,332.1,0.0,-0.07421547032291043,0.017646126201290913,0.09866242651403358,57.097365569500994,-0.1757322297662149,0.2110244821687967
KMB,Consumer Staples,108.02,-0.019604317082289047,0.14364166231627062,0.058798934799467295,-0.16782659069207406,0.27142619395154965,49.9,-0.02,-0.03181861666638064,21.690762,348.933,103.31,106.48,0.0,0.0,0.003554119941261134,0.09868126992648507,51.43652613710561,-0.1898611691146496,0.19696940899717189
KIM,Real Estate,24.11,-0.039824770039541546,0.03851479527661916,0.13265207100432663,0.21298505765491105,0.1847548189261732,20.8,0.12,-0.0359855901756827,28.364706,84.993,22.75,25.14,0.0,0.0,0.005716826336753779,0.09868284266942039,52.309832833488066,-0.1877015452953102,0.19913519796881773
KMI,Energy,31.39,-0.017264306362929083,-0.017568952662146087,0.03182730877112783,0.21427612249746564,0.19746852384651692,42.4,-0.14,0.00031868161724935007,19.867088,98.619,30.57,31.66,0.0,0.0,0.005407653529903042,0.09865162753017881,52.1857335664215,-0.18794953642924742,0.19876484348905352
KKR,Financials,103.83,0.07344241595898948,0.047973416114459155,-0.02673753041086302,-0.26600931925916227,0.37733733778178596,62.5,1.47,-0.03865347122149698,32.857594,69.812,106.7,97.04,0.0,0.0,0.020424205378997373,0.09864699919700162,58.20119990279201,-0.17292391304712582,0.21377232380512054
KLAC,Information Technology,192.74,-0.13277837798351377,0.045886959766078705,0.34177281210796284,1.1204878558954317,0.5962155299003383,36.8,2.83,-0.013865395228406019,53.988796,96.88,165.0,221.43,0.0,-0.01812662587514996,0.02485821393512979,0.0987506096134492,59.93740323138071,-0.16869298090723062,0.2184094087774902
KHC,Consumer Staples,24.93,-0.011890576397289743,0.09122245718368016,0.049954557263069965,-0.0416959938999355,0.2734573928049372,44.6,-0.05,-0.064189156293191,23.371368,52.591,23.97,24.62,0.0,0.0,0.007311951928464585,0.09865132541489915,52.954220931682336,-0.18604464588473774,0.20066854974166692
KR,Consumer Staples,56.48,-0.04771542346193769,-0.12380360986526384,-0.18598748085220462,-0.22335494414787482,0.2831774084157651,44.5,-0.71,-0.022668305113991427,33.22353,373.449,64.84,59.23,0.0,0.0,-0.006398950200126773,0.09876881057959211,47.4171734555666,-0.1999858189361273,0.18718791853587377
LHX,Industrials,289.72,0.0035678366780502735,-0.03789052607128485,-0.16740715495862002,0.09156450628714485,0.27875434859786874,57.1,0.25,0.015492511801093345,28.972,34.574,316.0,294.82,0.0,0.0,0.008628394104453218,0.09863587508080605,53.485391199028484,-0.18469792105392666,0.20195470926283307
LH,Health Care,321.31,0.16130550117192888,0.2631052729889556,0.17879436942920757,0.2213754148322482,0.23265876123541376,79.0,0.28,0.028718708221406652,26.38013,79.124,269.18,280.86,0.0,-0.043668210902290144,0.009719664313621892,0.0986580957964122,53.92397759428297,-0.183650203447346,0.2030895320745898
LRCX,Information Technology,306.4,-0.07129006599777499,0.03568940690646305,0.3389008656615069,2.0279679702562854,0.6336155509014548,45.4,3.3,-0.03568954707125749,54.0388,33.049,246.01,337.54,0.0,-0.09547932011007845,0.030422462088950147,0.0988067718164711,62.092023663657635,-0.16323881067133322,0.2240837348492335
LVS,Consumer Discretionary,45.46,-0.0032616924149697635,-0.12136948519924606,-0.19523453445112526,-0.11752479999277254,0.34734123566877007,51.5,0.63,-0.012168652058249685,17.757812,1703.902,55.74,47.45,0.0,0.0,-0.011206718257511865,0.10031254584879769,45.55234983889098,-0.20781930812115534,0.1854058716061316
LDOS,Industrials,139.1,0.30512294721114785,0.09329070853925847,-0.28082301850291125,-0.20361961144991325,0.33421154055142704,81.9,0.42,0.06508422360457455,12.832104,123.276,158.16,114.38,-0.06609306221281078,0.0,0.010277839420360561,0.098721250618391,54.145885192979634,-0.1832158117916858,0.20377149063240693
LEN,Consumer Discretionary,85.6,0.033317265309535715,-0.011247691650814962,-0.24117322778249295,-0.277421375409164,0.373832303494029,57.3,0.95,-0.016318067383635726,13.806452,28.692,101.93,87.16,0.0,0.0,0.021261281731243798,0.0986365330393604,58.53314327256784,-0.17206632302590258,0.2145888864883902
LII,Industrials,423.28,-0.2320475989623204,-0.1863649103813093,-0.19601648445603392,-0.2653065040479008,0.414925855790647,24.8,1.43,-0.05251374841721734,19.532995,156.082,506.48,518.24,0.0,0.0,0.022353078671642747,0.09866611024989097,58.96142317718143,-0.17103249741814355,0.21573865476142903
LLY,Health Care,1231.94,0.04236502026104638,0.27618760265752185,0.18326391327465896,0.9829849684344099,0.35856549289318,59.3,0.3,0.10420540127845146,39.84282,162.071,1035.53,1159.65,0.0,-0.03967288620335155,0.0030803901344883602,0.09865648403396747,51.245430779876756,-0.1902863185720879,0.1964470988410646
LIN,Materials,492.46,-0.06029845103753129,-0.020584328382033612,0.08620026869389052,0.0564518446809279,0.18815586681520655,41.1,0.11,0.016135640001400553,31.6491,68.947,475.2,511.67,0.0,0.0,0.005543551903797322,0.09864446708793066,52.240768071676705,-0.18779960358854678,0.19888670739614142
LYV,Communication Services,184.64,0.00758526269930937,0.13276073245183095,0.24832665011249877,0.20577283028855087,0.31195262396178847,59.2,0.67,0.005117052025161994,18.523909,620.214,156.93,176.48,0.0,-0.026555296567563197,0.006560568408169953,0.09879945514692832,52.64714614985356,-0.18708636367980955,0.20020750049614947
LMT,Industrials,603.16,0.1584082001017253,0.18518020582221273,-0.043838770159390306,0.4553206560756953,0.2733482028272577,82.2,0.04,0.023467252055106247,21.6886,234.238,547.78,535.56,0.0,0.0,0.004186198005500704,0.0986917723492767,51.69168177169241,-0.1892496757990816,0.19762207181008304
L,Financials,113.8,-0.02317593946989005,0.09781873574595945,0.027334647508571175,0.21651743606368856,0.16202191495199061,46.5,0.02,-0.01879634628451199,14.189526,44.609,107.92,112.41,0.0,0.0,0.009180864472176739,0.09864808786086496,53.70747641586537,-0.1841693877351186,0.20253111667947205
LOW,Consumer Discretionary,218.88,0.06034053260517647,-0.025777585560406546,-0.20080228875152173,-0.07370273199357014,0.2746494265806596,65.3,0.66,0.003668392539622145,18.486486,0.0,238.57,213.71,0.0,0.0,0.016497445845563355,0.0986398039669925,56.64130831913916,-0.17683656992974195,0.20983146162086863
LULU,Consumer Discretionary,127.8,0.062344138069333255,0.01155617188686997,-0.2725409359071771,-0.3253444122204354,0.4508861770474922,68.7,1.3,0.03877106656741369,10.4156475,44.264,157.74,118.35,0.0,0.0,0.025907317618076728,0.09866636272875909,60.35609043423273,-0.1674787533302911,0.21929338856644454
LITE,Information Technology,813.51,0.05905094566151026,-0.22750188856662867,0.4095295423257086,5.996732031075856,0.9422168187190875,48.2,3.04,-0.04233223324861635,156.14395,111.445,621.31,817.03,0.0,-0.159345343054117,-0.009432219957590892,0.09924464019811663,46.21414902183647,-0.2039517147458995,0.1850872748307177
LYB,Materials,62.65,0.07424557362333051,-0.13905370421394625,0.1551108379667916,0.37567586719991675,0.4362065880787632,53.6,-0.24,0.02520047292008165,33.21382,132.759,58.65,60.02,0.0,0.0,0.0011464384061403562,0.09874096268782544,50.46318413759449,-0.19238584846199752,0.1946787252742782
MTB,Financials,251.13,0.0353741567639716,0.2159114676432934,0.07786510869909757,0.38159491486153874,0.21733987757220743,53.7,0.64,-0.007626620937330797,13.259239,0.0,215.1,237.78,0.0,-0.017482613085783943,0.016543897720363528,0.09864205290954076,56.659683397027,-0.17679452598233636,0.2098823214230634
MPC,Energy,320.32,0.07895446663933714,0.2735365941180756,0.5820715819365303,1.0305211358541757,0.33574555455393884,50.3,-0.08,0.024663389955332127,10.342913,133.328,225.47,280.6,0.0,-0.270687867689658,0.015256571922925434,0.0987284220968679,56.14043455703168,-0.17825113538693566,0.2087642792327865
MAR,Consumer Discretionary,348.44,-0.039766287844000825,-0.011865217361954561,0.05613458959314932,0.35242615521470877,0.2770802899931578,39.7,0.71,0.009385834646007618,36.639328,0.0,337.72,376.14,0.0,0.0,0.010698232171036392,0.09863818858990067,54.31843312493173,-0.18263261746516893,0.2040290818072417
MRSH,Financials,190.79,0.05695653875580775,0.18745706802419315,0.12689364819317417,-0.04401117617942196,0.25953807476102314,61.4,-0.29,-0.003447394477043564,23.409817,145.027,177.2,174.42,0.0,0.0,0.003429181967080585,0.09866715784551999,51.3862467918931,-0.1899584474101386,0.19681681134429976
MLM,Materials,549.54,-0.03479406060956902,-0.06084627551737787,-0.208024287929659,-0.09565894017385212,0.278297535627754,50.7,0.84,-0.011298674416395649,35.7076,54.945,608.94,574.06,0.0,0.0,0.012711543391019561,0.09862690683141884,55.1275735216181,-0.18059719399856133,0.20602028078060047
MRVL,Information Technology,208.56,-0.04123569747179545,0.22109251971405675,1.5344975642789844,1.7024096352192601,0.7879599279758811,50.2,3.1,-0.0458849853485187,75.29242,28.97,138.76,240.93,0.0,-0.35297978254783424,0.033235427388117716,0.0988061688356234,63.1704051501078,-0.16042466352970416,0.2268955183059396
MAS,Industrials,74.72,-0.019165123111366866,0.06357539084389274,0.05291415874269134,0.09362774268163188,0.35686964826104,46.4,1.18,-0.030617547409044654,17.875599,0.0,68.74,75.8,0.0,0.0,0.02158106364565348,0.09863848316822633,58.65929837113528,-0.17175036336407012,0.2149124906553771
MA,Financials,563.17,0.04736836549172008,0.1331914721940315,0.05557966248594148,-0.013303803307873285,0.22232281393628012,65.4,0.32,-0.01388547192222378,30.960417,439.583,528.12,522.41,0.0,0.0,0.002099180032266653,0.09870876146466397,50.84834267659485,-0.19136999243847472,0.195568352503008
MKC,Consumer Staples,53.13,-0.011534863849018917,0.13897277211428016,-0.202575229324496,-0.22004788449838764,0.2984671728735877,54.7,-0.32,0.02055320143293682,8.8109455,65.143,58.15,50.0,0.0,0.0,0.009166332521338664,0.0986821635102648,53.700350387433325,-0.18425070795878035,0.20258337300145768
MCD,Consumer Discretionary,273.72,0.004071809283541672,0.0035557010601872108,-0.14890709954730819,-0.0821363618315567,0.18003121226537502,63.2,-0.03,0.02004920979442093,22.326263,0.0,299.47,273.75,0.0,0.0,0.008292029558214634,0.09865244020026712,53.34928374343251,-0.18506675323430893,0.20165081235073817
MCK,Health Care,879.87,0.0832101779959058,0.21467083550196864,-0.08390663083072758,0.3213842985433395,0.30701344493618016,61.6,-0.31,0.05953542487320629,23.307814,0.0,838.1,802.05,0.0,0.0,0.004800534770663195,0.09869607355333086,51.93967332919625,-0.1886437693938653,0.19824483893519168
MDT,Health Care,89.41,0.06988158416430923,0.21031269648355888,-0.10523068860405538,-0.00605999746068886,0.23642128783672942,75.6,0.19,0.037239058323802476,23.344648,58.214,89.84,81.69,0.0,0.0,0.009288198483843881,0.09865464705610637,53.750444906899965,-0.1840749097461246,0.20265130671381235
MRK,Health Care,130.92,0.055551071978229505,0.18495213772667451,0.1290958723191209,0.6767494409596195,0.2746815622700165,66.4,0.12,0.022812485694885254,103.08662,128.408,112.89,123.89,0.0,-0.009706301353967939,-0.015752377300356543,0.09872779961482274,43.661636042645554,-0.2092588645454091,0.17775410994469604
META,Communication Services,594.92,-0.09411782528106305,-0.005658477407660789,-0.11995920841942553,-0.2241390536491339,0.38267214651935294,35.2,1.41,0.011871926454682047,22.323452,42.997,630.6,598.83,0.0,0.0,0.0229838988230178,0.0986490254246253,59.211408576485304,-0.17036819100924777,0.21633598865528336
MET,Financials,97.03,0.049458643935012425,0.2615960118303926,0.2897124119059151,0.30850794025106265,0.237293692498991,64.6,0.7,0.009362337996393855,18.73166,179.933,80.25,89.66,0.0,-0.05911915835556886,0.014412639964576977,0.09864040458820268,55.808388608755564,-0.17892255302830026,0.20774783295745422
MTD,Health Care,1427.53,0.09849714674870258,0.32358857938107044,0.03378282272833788,0.1365956691605501,0.3228014343102123,78.1,0.85,-0.006590097914491944,32.21688,16668.447,1321.11,1270.22,0.0,0.0,-0.2609229811754699,0.21456600494070432,11.198294595789,-0.6814723508592504,0.15962638850831057
MGM,Consumer Discretionary,43.36,-0.08213380462016029,0.16246652807622364,0.13925378470374605,0.2685781223877193,0.3870523428179427,35.1,0.85,-0.05161855965311957,26.931677,893.311,38.58,46.69,0.0,0.0,0.0008046017846562301,0.0990506637618363,50.32406258426752,-0.19333469918854293,0.19494390275785536
MCHP,Information Technology,81.39,-0.03371724865366965,-0.17400283293269547,0.10576698328913725,0.3511835292134329,0.5052292430930982,47.8,2.17,0.008925266357329598,125.215385,83.688,75.84,86.98,0.0,0.0,0.0006897151617461867,0.09876312083579301,50.278600251382045,-0.19288600167640813,0.19426543199990048
MU,Information Technology,861.0,-0.08110992529348982,0.08273599104376084,1.2463995062152655,6.253612344581737,0.810992649212522,40.6,3.4,-0.035477817689030244,19.843283,6.33,538.31,969.62,0.0,-0.4494355720044161,0.040787583253258035,0.09901354183009928,65.98080950956899,-0.15327895873373654,0.23485412524025262
MSFT,Information Technology,506.06,0.2943042282367414,0.22899254781376666,0.22899810401994913,-0.022867595187267997,0.3205212065957842,84.5,0.94,0.026886629868795753,27.851402,29.118,433.02,408.59,-0.088541789969459,-0.01867839704830007,0.01133963305408155,0.09875289093022396,54.570941732780064,-0.1822160331691574,0.20489529927732053
MAA,Real Estate,132.34,-0.014848770848906678,0.03200892904951558,0.01447287912777906,-0.013225098367066312,0.19042507711204315,50.3,0.07,-0.0065311187758239075,119.22522,102.377,132.16,134.34,0.0,0.0,-0.018886366197690744,0.0987545110872965,42.416658774652696,-0.2124452079287919,0.17467247553341042
MRNA,Health Care,59.81,-0.10744665771390283,0.13105144034035066,0.4257449412522991,1.2898162117764462,0.6937892797674607,50.3,1.62,0.049482358514997715,30.024082,19.036,45.75,59.54,0.0,-0.15723034251141207,0.025658368376391724,0.09872190148664801,60.253167821495346,-0.1678365585374384,0.21915329529022182
TAP,Consumer Staples,42.52,0.06619857870964707,0.03834687816729265,-0.14542707589251314,-0.12521737397018617,0.2773579885478072,59.6,-0.24,0.005438627033745869,23.371368,76.03,44.44,40.42,0.0,0.0,0.005408384984586997,0.09866620899997929,52.18570617825219,-0.18797738465537242,0.1987941546245464
MDLZ,Consumer Staples,61.53,0.027898398795815016,0.010352629837577787,0.030511199928137778,0.02971681529936765,0.23040655499318863,56.8,-0.23,-0.008859584979629909,38.217392,82.643,58.64,60.87,0.0,0.0,0.0006192573549383845,0.09865775642737487,50.25040739630593,-0.19274994524271635,0.19398845995259315
MPWR,Information Technology,1381.1,0.06947604141607155,-0.16729439905792298,0.14905964045126852,0.7291823578319292,0.530488905142383,49.8,2.56,0.034508546832707765,85.46411,0.486,1221.33,1415.71,0.0,0.0,0.015578185093420028,0.0987426796615162,56.26791949165495,-0.17795746704315174,0.20911383722999177
MNST,Consumer Staples,45.72,-0.05810239422457897,0.05809508656771034,0.13016067466857173,0.41335595694233596,0.26559245921287855,41.9,0.23,-0.02919940529931031,42.3287,0.992,40.96,47.07,0.0,0.0,0.004266410234152075,0.0986481861478756,51.7248375684904,-0.1890840346156841,0.19761685508398827
MCO,Financials,478.14,-0.035463540968641905,0.06889296588016758,0.06862934202294935,-0.06433347409216372,0.27738707942189833,39.9,0.52,-0.011433412503922158,30.300383,240.682,471.87,471.7,0.0,0.0,0.007901653785669606,0.09864171977869327,53.192296094578516,-0.1854361169805692,0.20123942455190838
MS,Financials,215.33,-0.020691351787609058,0.13299496779139197,0.19374215044964127,0.5380038871147692,0.2787280686214478,50.1,1.39,-0.007878692904416784,17.478085,517.282,186.07,215.08,0.0,-0.007255144478489128,0.01360493505183092,0.09877110300149376,55.47778608588083,-0.17998642683109686,0.2071962969347587
MOS,Materials,23.47,0.05199461565128782,0.0880496888302702,-0.19118663751223075,-0.24038556807528144,0.4377657074464507,62.2,0.76,0.03346544515721561,33.21382,52.249,24.86,22.2,0.0,0.0,0.014040710656042201,0.09865093188630548,55.658921760791216,-0.17931511584111653,0.20739653715320094
MSI,Information Technology,461.98,0.10505672315988268,0.18154018032930574,0.09938452405791298,0.030397702192638265,0.2594888009457851,74.8,0.17,0.043197481357470924,36.89936,357.85,416.23,417.4,0.0,0.0,0.0004909007904834409,0.09869631495660697,50.198427138240774,-0.19295387652446622,0.1939356781054331
MSCI,Financials,563.08,-0.09214318104344799,-0.033382578365085847,0.01421304986314098,0.044384545762775174,0.30224948001844176,50.8,0.32,-0.014681355177697974,30.769402,0.0,573.42,592.26,0.0,0.0,0.009651330609094781,0.09863825924984396,53.897259531734655,-0.18367965752059937,0.20298231873878894
NDAQ,Financials,95.62,0.07185297307356509,0.08457230669540605,0.11549082742772532,-0.0002244749666937551,0.27322928918397904,73.9,0.63,0.02136295600646121,27.556196,77.687,89.39,88.48,0.0,0.0,0.012251600524444347,0.09864344379757212,54.94218792199492,-0.181089549318797,0.2055927503676857
NTAP,Information Technology,198.72,0.21222479167512143,0.69305661371751,0.9323353229443077,0.9037544705649496,0.4295274980749394,82.3,1.31,0.04336865596799622,29.83784,202.295,123.11,167.85,-0.03390460112015753,-0.46420816088715744,0.0274953413808106,0.09878407628972959,60.96234648362796,-0.16612144814705937,0.2211121309086806
NFLX,Communication Services,76.29,0.033319775476937874,-0.10719714874025255,-0.06358168930356467,-0.3703575319963066,0.3479947013288879,79.9,0.27,0.03697160842715741,23.330276,55.236,89.89,75.47,0.0,0.0,0.011880823146649917,0.09868047680996002,54.79156250969757,-0.18153291140087172,0.20529455769417157
NEM,Materials,117.26,0.25950595121465136,-0.0259898642634645,-0.024503772442692306,0.7179875310536008,0.4831732414588244,82.4,1.54,0.19983626428384116,14.247874,15.807,104.63,98.45,-0.041037278801629745,0.0,0.02204684605521647,0.09873466207437293,58.834660602192514,-0.17147309161055446,0.21556678372098742
NWSA,Communication Services,28.49,0.027407148987660834,0.054794503135685346,0.2580938868555118,0.006543864478460115,0.2679461549092416,55.8,0.3,-0.003497739801889277,27.660194,31.561,25.85,26.95,0.0,0.0,0.00971362645355305,0.09863268732011654,53.922554843395595,-0.18360644069387536,0.20303369360098147
NWS,Communication Services,32.5,0.034702329127126674,0.0426692306849743,0.241714396856479,-0.006959933757543668,0.2761969265707369,56.6,0.32,-0.006723753438124036,31.553398,31.561,29.47,30.62,0.0,0.0,0.008941296033177741,0.09863289513425096,53.6115552064861,-0.1843791784299541,0.2022617704963096
NEE,Utilities,84.7,-0.04163838447090995,-0.10037551213567053,-0.03998498122480154,0.2035989368847122,0.21833276154497339,32.7,0.14,-0.028669725774002952,18.99103,161.676,87.72,87.0,0.0,0.0,0.007431468866062539,0.09865313705338354,53.002363350431956,-0.18592867975856917,0.20079161749069427
NKE,Consumer Discretionary,42.11,-0.037705616418401866,0.0022836035701974122,-0.3147121894421361,-0.4168279268767756,0.35581065552473806,45.7,0.71,0.013965852350176888,19.863209,74.289,53.79,43.15,0.0,0.0,0.016856009100528917,0.09862950222119186,56.784970722134865,-0.17645781525300713,0.21016983345406498
NI,Utilities,41.78,-0.10643800249408808,-0.1056780066318983,-0.04784037929287366,0.01463950777221279,0.18613874256103224,28.6,0.15,-0.06175612116294382,22.70652,146.649,45.22,45.93,0.0,0.0,0.007159806771964401,0.09866265160188262,52.89252777758292,-0.18621899036772552,0.20053860391165432
NDSN,Industrials,308.69,0.07711366895535199,0.09833123515266617,0.06611386281057263,0.48191620935267543,0.2134142449474793,73.2,0.93,-0.003164694493601128,33.12071,61.637,270.95,293.03,0.0,0.0,0.012068162516966142,0.09866270129551469,54.8676163504239,-0.18131073202224265,0.20544705705617491
NSC,Industrials,333.95,0.023449065871017805,0.07766283428687348,0.10140711587846152,0.21357045343896974,0.20406963590904903,53.8,0.27,-0.017576453596000685,28.494028,105.519,303.44,321.19,0.0,0.0,0.006970695536159859,0.09863202927810641,52.81712941092345,-0.1863480818489287,0.20028947292124843
NTRS,Financials,187.86,0.020368258039042964,0.1722512147321582,0.2260370398512057,0.5290422690088084,0.24533341106082515,55.0,0.93,0.029877730600442298,15.947369,0.0,152.83,177.9,0.0,-0.07920892894295326,0.02036336659441098,0.09864790683258327,58.17704187618441,-0.17298653079745221,0.2137132639862742
NOC,Industrials,577.89,0.06657193687318919,0.05877932550294851,-0.16579411828971824,0.010050526262337822,0.2622538737966493,84.8,0.06,0.04775637283733536,18.184078,95.348,605.07,536.45,0.0,0.0,0.008939555612613627,0.09868308924366112,53.60902253833866,-0.18447929930496218,0.2023584105301894
NCLH,Consumer Discretionary,18.55,-0.055017828317822426,0.11881781196740482,-0.188183854381739,-0.22708336512247718,0.5418974803469686,45.2,1.99,-0.07573495171281242,11.666666,621.051,20.17,19.58,0.0,0.0,0.022854634446725315,0.09886079973641322,59.14124959848943,-0.1709125330366446,0.21662180193009523
NRG,Utilities,118.91,-0.14445007524733688,-0.13086607066977496,-0.23132844524853813,-0.21083380127364149,0.4718186820001225,41.7,1.38,0.01597746695107838,30.805702,483.357,151.74,133.35,0.0,0.0,0.013605763554338712,0.09873909415064455,55.479882228245046,-0.1799228609809246,0.20713438808960202
NUE,Materials,274.61,0.17858362811829398,0.1865707766717728,0.4306158650565173,1.0023738972770944,0.30907976114436697,81.3,0.94,0.002079903623076973,21.742674,30.512,195.4,246.64,0.0,-0.2553850254227388,0.023188726155104058,0.09870495712850413,59.2868352079026,-0.17027298981676403,0.21665044212697215
NVDA,Information Technology,217.55,0.06888421538126122,-0.007457354176044539,0.1461552987473802,0.19233584007226923,0.3665873444967243,57.5,1.89,0.02646975816612307,34.259842,6.555,194.16,206.12,0.0,0.0,0.02364730705418734,0.09868036936563097,59.46935297717294,-0.16976621690244936,0.21706083101082407
NVR,Consumer Discretionary,6292.28,-0.022632909326383177,0.06456287837507846,-0.201715273537854,-0.19932105081108997,0.2766167603418182,48.9,0.57,0.003977707820937315,16.611088,32.15,6900.11,6415.02,0.0,0.0,0.01596994002148649,0.09862924907346937,56.43151424259541,-0.17734338816251347,0.20928326820548646
NXPI,Information Technology,233.43,-0.16150012431097305,-0.2345441705278699,0.02851497700205563,0.1468381913562009,0.49697686589846535,30.8,1.85,-0.01755056111369635,47.638775,93.325,241.84,280.19,0.0,0.0,0.019023782392812296,0.09866901144513629,57.6443773807903,-0.17436748003965483,0.21241504482527943
ORLY,Consumer Discretionary,92.23,0.0567140770722705,0.009633332211404388,-0.005284705104815268,-0.10742280342034327,0.25475610048253816,61.6,0.01,0.0043558915158774525,29.65595,0.0,92.84,88.52,0.0,0.0,0.00718961052812788,0.09865215863951932,52.904855490270364,-0.18616862040532997,0.20054784146158575
OXY,Energy,58.65,0.0700602090197926,0.06856914733097952,0.2687668991196057,0.3506967426191001,0.3541615005372495,56.5,-0.56,0.06462155315720719,16.521128,34.511,50.67,54.46,0.0,-0.007455404436002566,0.00407523084317229,0.09874446774459099,51.6459863741245,-0.18946392593622605,0.19761438762257064
ODFL,Industrials,212.55,-0.08737651944195157,0.09071045499575758,0.08671983525787841,0.48095603723122626,0.3835295833313727,28.7,1.02,-0.03086815633036566,41.67647,0.44,190.46,226.36,0.0,0.0,0.012495555481802464,0.09865278757362451,55.039602279362256,-0.18086390816250159,0.2058550191261065
OMC,Communication Services,84.65,0.02543910837658503,0.13845620128897695,0.22132320484863954,0.20716166709316242,0.3556002275152626,61.0,0.39,0.034714632099225984,235.13889,107.744,76.94,78.07,0.0,0.0,-0.04703286287020171,0.09917338742690371,31.766123843312876,-0.24141270222693295,0.14734697648652956
ON,Information Technology,79.78,-0.11718494683442615,-0.2560611677683544,0.22549924192412152,0.6739403909928643,0.6155295391204729,34.9,2.65,-0.012379301994447256,53.186665,65.055,75.82,100.46,0.0,0.0,0.024749885175193016,0.09873359872818685,59.89666793521861,-0.1687679683320532,0.21826773868243926
OKE,Energy,90.34,-0.008383279667368737,0.04131620613006781,0.1128672102756707,0.2791293872214142,0.26386152790553236,48.9,-0.41,0.030690185569677286,14.93223,143.07,82.42,88.07,0.0,0.0,0.00360213980709942,0.09868012313115641,51.45594345368571,-0.18981090152996716,0.197015181144166
ORCL,Information Technology,151.05,0.14831998450224781,-0.2180380420770055,-0.028642316685817293,-0.3890357514093721,0.669379816987331,71.0,1.98,0.03643472868431319,25.175001,388.87,178.69,158.88,0.0,0.0,0.024212425674526153,0.09880150350610423,59.679551931769545,-0.16943852119743813,0.2178633725464904
OTIS,Industrials,72.87,-0.007491084664667191,-0.009303785927350816,-0.17526701753504303,-0.1500124144669922,0.2117354906562213,54.1,0.32,-0.010456228265187106,19.026112,0.0,81.82,72.16,0.0,0.0,0.012928035198676411,0.09863823767868828,55.21381143388131,-0.18040291065155262,0.20625898104890544
PCAR,Industrials,131.24,0.056172567495059056,0.16543606977918635,0.03717139448290263,0.38238620414427604,0.27768530560047233,58.4,1.01,-0.034716100232596636,27.982943,72.91,117.03,123.68,0.0,0.0,0.014684856323631883,0.09863378922427589,55.91768696594691,-0.17863737055594883,0.20800708320321262
PKG,Materials,254.75,0.127911092320808,0.15761724645078212,0.08056531430657343,0.3289227200762874,0.2852271790422565,74.3,0.69,-0.0028573498502699746,33.21382,94.474,218.88,234.73,0.0,-0.01389756513543125,0.010532560770935154,0.09864399938096596,54.251564711890744,-0.18280967801575815,0.20387479955762844
PLTR,Information Technology,175.23,0.34750849565158526,0.28007886996009357,0.22615626084403284,-0.06274074970632793,0.6031153298054068,72.6,1.95,0.0772777067652175,147.25209,2.139,152.25,133.24,-0.16516136772683257,-0.0009601234806843606,-0.014586327758111741,0.09918333317678397,44.15406327914977,-0.20898566078460834,0.17981300526838484
PANW,Information Technology,385.04,0.16572819489858426,0.8021155197293726,1.3195181237645897,1.3048007552488738,0.41428783591452006,68.5,1.26,0.05104551071126684,313.04065,7.698,218.97,318.5,-0.05892366089389056,-0.6084533819419294,-0.04470359687587138,0.09974488752724478,32.7011889471283,-0.24020357642927115,0.15079638267752837
PSKY,Communication Services,9.27,-0.02931934318104401,-0.145460318933905,-0.12334798583691531,-0.10336895948072278,0.6790960459170309,63.4,0.75,0.10620529011557545,309.00003,126.479,11.51,9.48,0.0,0.0,-0.0610939197006862,0.09970658687935922,27.002511083542878,-0.25651882998423026,0.13433099058285788
PH,Industrials,1060.5,0.11483715189634647,0.21288716062823299,0.08584083704430756,0.4699157730473582,0.2620620557963256,73.2,0.85,0.06835236379104281,37.74021,55.278,915.76,950.15,0.0,-0.008059443993875731,0.010730963696103827,0.09864976935253816,54.33108702735133,-0.18262258423487096,0.2040845116270786
PAYX,Industrials,121.18,0.1055687562788703,0.3210119707185599,0.2643144061812428,-0.1039216033622351,0.27513998195218164,70.3,-0.02,0.02123711920861071,24.580122,123.967,103.36,106.16,0.0,-0.02242016823112658,0.007098386155939566,0.09865832721457063,52.8678825937183,-0.18627193518461885,0.200468707496498
PYPL,Financials,59.07,0.23966417215628133,0.31494833012639,0.44457232351017484,-0.1192672458117997,0.4184712973771735,67.9,1.08,0.009053617543697268,11.166351,71.751,51.84,48.77,-0.06110690163307564,0.0,0.018441303756003745,0.09869764734177452,57.41094817682283,-0.17500608503387433,0.21188869254588183
PNR,Industrials,66.73,-0.12424481636989992,-0.11616059288871061,-0.3106430908766188,-0.34241726248523685,0.3277078941958398,66.8,1.02,-0.025554905289338237,17.747341,47.067,89.93,70.61,0.0,0.0,0.020523958360212872,0.09864174736589193,58.241114258719115,-0.1728138664769353,0.21386178319736104
PEP,Consumer Staples,137.73,-0.005487831146504751,-0.0684756021984797,-0.1564695965362658,-0.013958628808163676,0.2120724699500318,58.0,-0.26,-0.009849103636681567,18.218254,238.949,149.33,140.25,0.0,0.0,0.00320475386487558,0.09866433914596978,51.295591748846114,-0.19017735086122517,0.19658685859097635
PFE,Health Care,27.05,0.1243141793622482,0.06637773739779296,0.03428939411398346,0.17766787384213623,0.23246522450462948,85.9,0.31,0.06454149545441501,35.12987,74.253,25.88,24.77,0.0,0.0,0.006418158679100879,0.09867611433209884,52.592998976881034,-0.18698702541181286,0.1998233427700146
PCG,Utilities,17.04,-0.018998267574097505,0.05426064955877119,0.04823169008209627,0.14804218905349886,0.2620305744057199,44.2,0.19,-0.023495692234173027,12.529412,189.45,16.73,17.08,0.0,0.0,0.009652333509795831,0.09864067875858386,53.89756791842083,-0.18368339685702853,0.2029880638766202
PM,Consumer Staples,186.0,0.03224372873008319,0.029828340484440385,0.04062162259067459,0.13254350622473132,0.27976285822561625,47.4,-0.19,-0.004868672860091849,26.05042,0.0,170.9,183.45,0.0,0.0,0.005609243139114949,0.0986696034281455,52.266715815939236,-0.18778317958005022,0.19900166585828014
PSX,Energy,215.52,0.0868929929382023,0.23793732956725155,0.38964683362188546,0.8711326873231571,0.3057389086407551,54.1,-0.2,0.04677257230249254,11.643436,62.884,162.44,189.41,0.0,-0.1767897025586562,0.012126527708195818,0.09869644631634811,54.8893756769824,-0.1813185070718465,0.2055715624882381
PNW,Utilities,99.23,-0.07822628860616532,0.0042350552159318156,0.08495467619675945,0.11284759923137622,0.16756789150871257,25.7,-0.14,-0.021882638325176007,19.380861,233.288,97.63,103.39,0.0,0.0,0.00342163989406199,0.09869043936025165,51.38287296016215,-0.19001162125203125,0.19685490104015524
PNC,Financials,251.76,0.0036273143731053725,0.1825676142038477,0.061284888959129535,0.370530201167788,0.21662081374703365,52.9,0.6,-0.0093649362104683,13.909391,0.0,218.66,242.05,0.0,-0.0013736451629520752,0.015476219363037287,0.09864139290261212,56.233571247745274,-0.17786091072608246,0.20881334945215702
PPG,Materials,115.48,0.020715345268904395,0.07640790469759673,-0.07807837365764714,0.11541919685694002,0.30612964955397404,50.7,1.08,-0.013597400299579454,17.184525,86.938,109.98,116.32,0.0,0.0,0.019023674919096317,0.09863107479553311,57.64723870800646,-0.17429323168014857,0.2123405815183412
PPL,Utilities,34.99,-0.02994172513154736,-0.026733368957311043,-0.0040486634426766255,-0.006857373389844157,0.17646340482197465,45.2,-0.02,-0.005400756823786379,20.952097,135.434,36.45,35.73,0.0,0.0,0.0062315908181586116,0.09864413553830537,52.51854050278023,-0.1871109148369199,0.19957409647323712
PFG,Financials,113.81,0.0017603815435942582,0.14500264541878183,0.2066069951528018,0.540571762825564,0.21851206500182913,63.4,0.63,-0.012494598190075923,16.166193,35.307,96.0,110.18,0.0,-0.03555909158101725,0.01521389768796263,0.098641750629507,56.12873263358167,-0.17812393354587108,0.20855172892179635
PG,Consumer Staples,146.44,-0.005640040171881577,0.029109791568929788,-0.05520811900896738,-0.018003204326024314,0.1965885763071024,48.5,-0.07,-0.010607338177809122,22.021053,64.49,147.94,146.75,0.0,0.0,0.006787575199570189,0.09864410243698374,52.742906463561546,-0.18655486557691794,0.2001300159760583
PGR,Financials,213.95,-0.08755543821807432,0.08701945566799685,0.06264954777571141,-0.07569474214145266,0.2564774602479043,62.3,-0.48,0.015183852660698438,10.800101,24.428,210.5,212.37,0.0,0.0,0.007090488259631836,0.09869363289072283,52.86367416102424,-0.18634903220618493,0.20053000872544857
PLD,Real Estate,138.76,-0.023916777347267715,-0.02986705094582831,0.026307598340171046,0.35555707932381453,0.22454559657654655,26.6,0.46,-0.0020856421327364316,31.25225,63.823,135.82,143.04,0.0,0.0,0.008358397043749083,0.09865927408228288,53.3757935173628,-0.18501378015752537,0.20173057424502353
PRU,Financials,122.11,0.05113198360189131,0.22403355147953996,0.22752665206282474,0.24628383563401712,0.2261487204008924,60.5,0.66,-0.011575200700812416,11.0009,163.891,106.35,112.9,0.0,0.0,0.014546484846597891,0.09863706525546845,55.86213790447317,-0.17878216305412026,0.20787513274731606
PEG,Utilities,74.56,-0.07825444280896787,-0.0318206310866449,-0.06611743835563288,-0.12152584950446133,0.18610025936911506,33.8,0.15,-0.02242033774401786,18.828281,142.409,80.7,79.12,0.0,0.0,0.008713146202310678,0.09865271347638452,53.51893864099422,-0.18464617221140298,0.20207246461602432
PTC,Information Technology,151.02,0.20411422801195922,0.03495070016113133,-0.054588712412910856,-0.26482326151976565,0.33121573035439,80.1,0.43,0.06592329248670459,14.328274,46.335,152.35,126.95,-0.03956850156796768,0.0,0.013085111551974041,0.09868645467938576,55.274227934836404,-0.18034033961962206,0.20651056272357013
PSA,Real Estate,325.71,0.011961741995701436,0.05516205489205728,0.14951003305650534,0.20404072288031205,0.23016330156833636,66.6,0.38,-0.0023890434703279784,31.34841,109.632,294.58,318.76,0.0,0.0,0.007395489808685206,0.09863607470784334,52.988370724014146,-0.18593121661868775,0.20072219623605816
PHM,Consumer Discretionary,130.05,0.05090911556976008,0.1288509833688669,-0.0133429171023276,0.0776605455837347,0.33447908576131197,57.4,0.93,-0.012378415208730731,13.575157,19.065,124.4,126.76,0.0,0.0,0.01997037744610783,0.09863427296877185,58.02249340539254,-0.17335279757268499,0.21329355246490064
PWR,Industrials,660.86,0.021895736627878915,-0.15411071755743322,0.2847692114736722,0.7128647134077979,0.4312000207093381,53.9,1.66,-0.04637808751578287,76.93364,67.78,568.54,675.05,0.0,-0.012382649410678265,0.008014565009302501,0.09866663056758218,53.236997377315554,-0.18537203090315857,0.20140116092176358
QCOM,Information Technology,162.17,-0.11854548355840144,-0.3147435227043689,0.1791119804205672,0.12217446879770555,0.5234527754362178,42.2,2.1,-0.0030737075405921077,19.191715,55.21,168.88,190.09,0.0,0.0,0.030025982151185633,0.09868431277735512,61.95362230939754,-0.16339527089243042,0.22344723519480167
DGX,Health Care,237.63,0.1460332668819897,0.2570263853077597,0.2530034091001434,0.3664130757420203,0.2375604804072549,87.9,-0.17,0.016729435399998716,25.30671,81.074,195.5,211.5,0.0,-0.06547698574609917,0.005966407744704478,0.0987035680640421,52.41004819441692,-0.18749258566081803,0.19942540115022697
RL,Consumer Discretionary,406.89,0.08651773147203445,0.18882129365035416,0.17479192402649701,0.42676439268859023,0.3505176803947731,65.0,1.28,0.07665643573079195,24.931986,110.373,362.46,387.19,0.0,0.0,0.017786744999592544,0.09864270371381523,57.15473036235601,-0.1755529542794853,0.2111264442786704
RJF,Financials,179.09,0.07252366103848407,0.1899390047932772,0.03875850712364981,0.10075024965805657,0.2515391625306395,69.3,0.76,0.0029119616528197056,15.385738,47.594,158.74,162.3,0.0,0.0,0.01685479223085705,0.09864359463989018,56.78352580240693,-0.1764866532633277,0.2101962377250418
RTX,Industrials,224.12,0.14119861405224232,0.2600277485412199,0.15093053205331386,0.4703079523448914,0.25713062184666313,88.8,0.37,0.028403627997249714,39.18182,57.02,189.66,195.74,0.0,-0.03167670879507409,0.006476138680724237,0.09868560819606757,52.61613865921137,-0.1869476533835682,0.1998999307450167
O,Real Estate,61.89,-0.03145681942109102,0.005374608981890461,0.006538305222200558,0.1365368537007816,0.1648308054354873,23.9,-0.06,-0.016057267277091003,45.175182,74.722,61.44,62.46,0.0,0.0,-0.00027528814905632826,0.09868994760825717,49.88871821072736,-0.19370758546124037,0.1931570091631277
REG,Real Estate,76.11,-0.04791095464203887,-0.011465873743100596,0.0199612377738263,0.10160167980648871,0.1598995831149946,17.4,0.07,-0.04179780538925515,25.976109,71.972,75.38,79.43,0.0,0.0,0.006292531088585616,0.09869836140699546,52.54174137466531,-0.18715625726912546,0.19974131944629672
REGN,Health Care,808.05,0.21861279021935331,0.1353688418305461,0.03838410378906798,0.443122569196156,0.3367803663849131,85.4,0.47,0.06230118097647419,19.419611,8.535,715.74,660.44,-0.07350027201923509,0.0,0.00842489816641287,0.0987544570663453,53.399315479900444,-0.1851338376836239,0.20198363401644964
RF,Financials,31.46,0.012552281734119486,0.18377147707933328,0.042455305489567774,0.31299736120494437,0.24210068773252616,59.9,0.78,-0.015336515391735972,12.788617,0.0,27.86,30.08,0.0,0.0,0.01780703859019498,0.0986433364922662,57.16275978478843,-0.17553390093464677,0.21114797811503672
RSG,Industrials,214.62,-0.03921572913484617,0.08858830689825758,-0.03669227823716914,-0.0770231232174553,0.19035151520120103,50.0,-0.38,0.03351628302194842,30.399433,118.798,214.18,212.59,0.0,0.0,0.0007830892369987389,0.09866225031103525,50.31663997616725,-0.19259492137263035,0.19416109984662783
RMD,Health Care,220.05,0.10856424711212997,0.11040634650041214,-0.1983780231063642,-0.21731497494096153,0.278946285803251,67.9,0.45,-0.013847792176851503,20.31856,12.542,230.51,200.69,0.0,0.0,0.014244176509181292,0.09864263227242165,55.74084136595505,-0.17909538274476516,0.20758373576312772
RVTY,Health Care,116.02,0.04484521841440081,0.17324664238851128,0.12997071522658854,0.3397144686071756,0.38237364403924856,60.2,1.28,0.041565645738285584,55.24762,46.225,99.54,108.07,0.0,-0.015574430127984235,0.011582943681059263,0.09863976753945279,54.67390417349534,-0.1817510006962682,0.2049168880583867
HOOD,Financials,94.52,-0.139632294575463,0.17009158295866378,0.0919593265825176,-0.17543401458776475,0.6991887192630029,33.0,2.98,0.010800924861112948,41.27511,240.279,98.08,98.53,0.0,0.0,0.03135951878285198,0.09879561848353982,62.45368174104791,-0.16227989344488605,0.22499893101059001
ROK,Industrials,435.22,-0.05479424545000122,-0.04400965637264487,0.06676699553681398,0.3245406089178293,0.3101168198919651,36.3,1.44,-0.02248278309777363,41.331436,103.347,414.38,463.61,0.0,0.0,0.015019546642215208,0.09865768024739749,56.05007827889802,-0.17834950664268384,0.20838859992711428
ROL,Industrials,37.23,-0.1671547733143638,-0.2925226013736323,-0.4145094160260515,-0.354068773565244,0.26826047971036354,16.9,0.12,-0.010542089889253425,34.47222,78.015,54.3,43.0,0.0,0.0,0.006393049108337446,0.09868974991449894,52.58251231207788,-0.1870388607240805,0.19982495894075536
ROP,Information Technology,403.89,0.12008103039545404,0.23145666787473718,0.15417576178819314,-0.2375422746893865,0.2867189263619283,72.4,0.05,0.028337928012208247,16.75197,60.531,380.42,354.38,0.0,0.0,0.01068176386014251,0.09866288550494058,54.310736410214886,-0.18269749172954103,0.20406101944982602
ROST,Consumer Discretionary,254.83,0.16116829506572938,0.19007050049400576,0.31553850539640904,0.7707082148348963,0.25521072969459746,74.9,0.59,0.015016347921301465,35.590084,74.911,205.36,232.4,0.0,-0.09086776420082007,0.010267493051792267,0.09865096596350895,54.144666868746796,-0.18308840023668527,0.20362338634026977
RCL,Consumer Discretionary,308.0,0.0671841434204643,0.17511945588800693,-0.10569112030694794,0.03923198182451171,0.47340363654968254,62.8,1.64,-0.05446058441154489,19.768934,224.816,286.76,300.22,0.0,0.0,0.022655679501176258,0.09866961548416213,59.08031693209023,-0.17073676684778152,0.21604812585013403
SPGI,Financials,410.94,-0.06143795478137426,0.034144151395029354,-0.01756739828470777,-0.2134485598630833,0.3036418685138723,37.3,0.31,-0.00385425627856284,24.815218,42.98,433.5,412.96,0.0,0.0,0.011233061464718247,0.09864200770838973,54.53323731707693,-0.1821052736437256,0.20457139657316212
CRM,Information Technology,197.51,0.1535451062883999,0.11566715853418885,0.023114989486683557,-0.17183617986591748,0.4121683655186947,66.8,0.36,0.03413785447482609,22.317513,124.282,203.37,172.49,0.0,0.0,0.011604823334029011,0.09866927123565598,54.68129859058297,-0.18178694828785671,0.20499659495591474
SNDK,Information Technology,1237.92,-0.26048850002647095,-0.20008271273801403,1.1219060544068657,26.918810096645018,1.1600101408124333,37.4,4.4,-0.13287846333106546,16.446394,0.0,877.69,1680.02,0.0,-0.2604232727411975,-0.01665164756875528,0.10606169123283923,43.7622565065981,-0.22453256238512018,0.1912292672476096
SBAC,Real Estate,181.05,-0.03233566464134996,-0.1616300589854469,-0.00674234938433782,-0.1608792099715498,0.34493629911636353,54.0,-0.0,-0.03645551392886304,19.83023,0.0,193.95,187.62,0.0,0.0,0.010417479552824417,0.09867113061657731,54.204132494614534,-0.18297793645566712,0.20381289556131593
SLB,Energy,53.2,0.1233108124435165,-0.02641669155415638,0.06439053757440161,0.6627065587322949,0.3550490629386428,67.5,0.78,0.047037971364920494,24.62963,47.002,47.29,50.11,0.0,0.0,0.013400503380847317,0.09864480763140997,55.402849069991014,-0.17994331957671622,0.20674432633841083
STX,Information Technology,800.99,-0.06933049609841191,-0.038907088585865446,0.8893160816927776,4.36792012636685,0.7229571083388289,38.9,2.47,-0.05247529027349329,58.466423,179.88,536.67,890.32,0.0,-0.3425222772156734,0.020263584707448185,0.09881227589396861,58.12418806832259,-0.17340847604473028,0.21393564545962665
SRE,Utilities,84.31,-0.10698025327552418,-0.08529008508844738,-0.022582267195412675,0.06168204473720085,0.19804593753825508,28.1,0.17,-0.02700523861602344,24.29683,84.663,91.73,90.78,0.0,0.0,0.007866017343177458,0.09866088104768651,53.17731351643121,-0.1855093095102881,0.20124134419664302
NOW,Information Technology,127.44,0.14542513027605786,0.39293917823855473,0.22691825427529233,-0.2696931654436895,0.5448007722887703,71.6,0.61,0.07872018875744713,78.18405,67.538,123.04,107.69,-0.033396804714366984,0.0,-0.0012411986610879476,0.09876308058030164,49.498645053179075,-0.19481683659847918,0.19233443927630325
SHW,Materials,362.71,0.10256251363095914,0.1629370879119536,0.010689242302871271,0.03957689826976862,0.2759431322119514,68.7,0.81,0.0031528724943081787,34.121353,389.958,333.5,329.84,0.0,0.0,0.0069314967362867,0.0986908067514417,52.7996481446283,-0.18650248449653903,0.20036547796911244
SPG,Real Estate,220.55,0.004829365948632036,0.10930153972562406,0.14739186813614258,0.4008261347068065,0.1919241046393276,40.1,0.27,-0.023683005707287097,15.498946,457.473,198.26,220.29,0.0,0.0,0.004004938297521536,0.09872390327511012,51.617947673145416,-0.18949391212169428,0.19750378871673738
SWKS,Information Technology,68.79,0.1811469597014319,-0.010584122828146247,0.14088958823008024,0.008485469283976865,0.4642722892153676,61.7,1.58,0.029944602074934767,36.590427,11.869,64.3,67.14,0.0,0.0,0.02107349077949926,0.098656487352236,58.457233855555,-0.1722932244308833,0.21444020598988184
SJM,Consumer Staples,118.07,0.06821678276304888,0.20319051297231927,0.12204874098901608,0.1109472699448204,0.2881826505701876,53.9,-0.3,-0.00923049837226353,23.371368,128.609,104.93,113.33,0.0,0.0,0.0032817255088281178,0.09867292119971942,51.32658253133386,-0.19011720004262195,0.19668065106027816
SW,Materials,47.59,0.10289683591427279,0.17686158182630307,0.10236852999509138,0.12406164383376495,0.4402245072420777,61.1,1.45,-0.019167359777445547,51.172043,78.427,41.43,44.78,0.0,0.0,0.014274248171314,0.09864587599125614,55.7526890474961,-0.17907166877154804,0.20762016511417605
SNA,Industrials,411.11,0.02493081789333984,0.117302268526563,0.13156919024303382,0.3127463424117498,0.20614267195856517,55.1,0.62,-0.01728261951909682,21.23502,21.595,371.36,398.38,0.0,0.0,0.013404718123787806,0.0986388875229741,55.40486032616957,-0.17992750142124145,0.20673693766881704
SOLV,Health Care,85.21,0.1006200090385958,0.14962217926256116,0.09145637783474725,0.16105736194475861,0.30248020245084034,62.8,0.65,-0.031043930874945946,10.144048,110.313,75.67,79.51,0.0,0.0,0.016269217856114526,0.098632313039617,56.55076045534676,-0.1770501157015348,0.20958855141376384
SO,Utilities,91.34,-0.0531772034611685,-0.010781158025930937,0.038483724362789795,-0.003851675184573078,0.16999307525306853,38.5,-0.26,-0.020482612998491967,22.332516,182.058,92.66,94.39,0.0,0.0,0.002714120742094849,0.0986654885816701,51.09728436116052,-0.19067023687797854,0.19609847836216823
LUV,Industrials,44.9,-0.06302163519329018,0.127683673195651,-0.15122058860115728,0.5443476905438591,0.44482078102739575,39.0,1.56,-0.07802873054475046,29.346407,97.275,42.18,46.87,0.0,0.0,0.019618186196208334,0.09864737885054677,57.88185028297656,-0.1737306763508633,0.21296704874327999
SWK,Industrials,102.64,0.18617821377117627,0.31196561817508917,0.1673719689565758,0.5481669271258882,0.3887364498330945,74.7,1.6,0.002343729103450043,25.405941,58.172,79.04,88.75,-0.00646626701361197,-0.148555058780978,0.02598562638720757,0.0986710977166847,60.38619026586052,-0.16740972513749441,0.21938097791190958
SBUX,Consumer Discretionary,104.65,-0.025060507767710405,-0.004507434323705595,0.07033955208885656,0.1659971047041333,0.278392598724898,50.8,0.57,-0.0030484871020569626,60.84302,0.0,95.52,102.58,0.0,0.0,0.0033960609454447327,0.09864292025790741,51.373200124781235,-0.1899440627600538,0.19673618465094325
STT,Financials,186.68,0.047763341720229224,0.24931212196066155,0.40648429051135326,0.7238656689950946,0.2459275586818762,55.7,1.08,0.00782808930350054,16.318182,0.0,141.98,174.49,0.0,-0.16485478648069776,0.023952180175011384,0.0986730237909325,59.58977307063928,-0.1694469464552163,0.21735130680523906
STLD,Materials,268.6,0.1471769317660241,0.14086191574393414,0.33189810216870574,1.2095002144171545,0.35008870908473205,78.6,1.13,0.013202564765816494,23.812057,46.924,202.04,250.43,0.0,-0.17945974886731433,0.021256525865094054,0.098671809650378,58.528260739853486,-0.17214022104964682,0.21465327277983492
STE,Health Care,238.91,0.1007141225662127,0.18712361238698705,-0.021066335278712045,-0.008210329362700719,0.2546525439934588,80.5,0.49,0.026025327033488255,29.064476,28.312,234.37,215.47,0.0,0.0,0.011242982553960605,0.09866179140911789,54.536317918156485,-0.18213412860791045,0.20462009371583167
SYK,Health Care,345.81,0.0433247392448215,0.22702656696403056,-0.023614371042845028,-0.07481636967690874,0.274329626517805,64.8,0.14,0.02931898545673306,35.07201,64.391,342.13,320.02,0.0,0.0,0.005928628678699375,0.098644280807887,52.396243859511515,-0.18741416170475914,0.19927141906215787
SMCI,Information Technology,31.46,0.137382474982771,-0.06145588738540397,-0.0617357521677675,-0.29461883047536086,0.8869261260900654,63.8,3.62,-0.007257855655059875,16.385416,120.798,32.07,31.66,0.0,0.0,0.04775054100022105,0.09895764145081523,68.5287084923991,-0.14620643624337679,0.2417075182438189
SYF,Financials,78.19,0.07263532960930341,0.11735393311959896,0.0662101865138538,0.14493124393238466,0.3144568423619044,68.0,1.25,-0.0069849560234284125,48.265434,0.0,74.58,74.14,0.0,0.0,0.013666277577076372,0.09865575270954047,55.50872012087803,-0.17969899773362294,0.20703155288777567
SNPS,Information Technology,411.68,-0.051035024375653104,-0.20246422687639742,-0.06201868671504929,-0.33537825056655723,0.5672393347677039,61.1,1.65,0.019363164482391948,95.29629,35.574,448.22,433.32,0.0,0.0,0.007087384317858407,0.09871346932594047,52.861848494056794,-0.1863910155609849,0.2005657841967017
SYY,Consumer Staples,83.87,0.004912576882422304,0.16337198325710878,-0.01627885791438044,0.06943115317621174,0.2708208606677941,62.6,0.18,0.013045075723053134,23.041208,561.403,78.7,80.99,0.0,0.0,0.0008999500488734021,0.09877205195265101,50.36348658362122,-0.19269327177832257,0.1944931718760694
TMUS,Communication Services,178.2,-0.05419036418139245,-0.06121624289552585,-0.08920180067735195,-0.25888657536485915,0.2902415151248599,40.6,-0.39,0.005586536859475855,18.523909,214.035,197.53,181.97,0.0,0.0,0.003441969388199512,0.09869341498868547,51.39104398189625,-0.189997123989624,0.19688106276602305
TROW,Financials,113.77,0.001055830317434392,0.099142271562213,0.21959976811996262,0.1395514593412881,0.2523597819907428,42.9,0.98,-0.017445412008715633,11.445674,3.702,102.81,112.38,0.0,0.0,0.020592336397216533,0.09864907632192449,58.267569246657736,-0.17275985319375547,0.21394452598818853
TTWO,Communication Services,253.57,0.03879557961455826,0.1449406507725024,0.2367458851578712,0.16653638045819186,0.3220723053313238,63.4,0.69,0.05557408223993088,18.523909,81.607,229.22,236.0,0.0,0.0,0.014952587245807685,0.09863124106979655,56.02491475649036,-0.17836464525099355,0.20826981974260894
TPR,Consumer Discretionary,164.78,0.21046053675784204,0.2393173221986653,0.07141030903164602,0.529952596925962,0.4046404716599229,83.4,1.29,0.056485205421825224,49.483482,574.912,136.19,146.11,0.0,-0.05991663763368607,0.005576140957710118,0.0988271507120615,52.249764964302045,-0.18812507443793042,0.19927735635335064
TRGP,Energy,266.21,-0.04274920438230867,0.056386296381156775,0.23472270799748784,0.6471884380677266,0.28319950224830737,41.9,-0.11,0.012282228054655953,24.580793,515.794,225.96,267.86,0.0,-0.028136916123641886,-0.0023855903469101243,0.09877167496217376,49.036545313452805,-0.1959780732727707,0.19120689257895043
TGT,Consumer Staples,152.02,0.12799584071486803,0.29564581736445095,0.3419062487751454,0.5054394496587038,0.30633306131148536,73.4,0.46,0.026399322436003736,19.768532,117.548,116.05,135.36,0.0,-0.15998368571819607,0.015998970944547518,0.0986612325246757,56.44103322044543,-0.17737704480381683,0.20937498669291188
TEL,Information Technology,214.28,0.08123931122479622,0.04360704522339254,-0.04721598912379832,0.0720616078449905,0.33838130760049223,54.8,1.59,-0.011714825473295498,170.06349,43.441,219.4,206.84,0.0,0.0,-0.016462842507956633,0.0988789645646397,43.38837514051176,-0.2102656130546504,0.17733992803873716
TDY,Information Technology,690.25,0.10638262902760309,0.09116630521378855,0.0516011987952536,0.26435625311014554,0.26035048631418617,72.5,1.1,0.008017393183129995,33.442345,18.565,602.27,637.88,0.0,0.0,0.015266918110828712,0.09866062248914448,56.14875455930422,-0.17810790196789444,0.2086417381895519
TER,Information Technology,365.1,0.07032928317014231,-0.003824214848148877,0.178641303153819,2.4059238424123546,0.7467221839531022,47.6,3.33,-0.09530179325936294,52.082737,2.883,296.65,382.13,0.0,-0.08073917196812286,0.030731835415789013,0.09883558200792782,62.20764961340175,-0.1629859053197495,0.22444957615132755
TSLA,Consumer Discretionary,330.88,-0.1618198482686709,-0.2564494272296348,-0.2071312204647079,0.0037312634888577723,0.4628705290778718,31.3,2.25,0.010783561061491476,303.55963,18.373,408.24,378.22,0.0,0.0,-0.04501478189943843,0.0995492887326755,32.55675427027986,-0.24013138781548243,0.15010182401660555
TXN,Information Technology,280.44,-0.055913652612237574,-0.05334543144755621,0.2950043002597349,0.5367085557323403,0.4231931896390552,43.8,1.44,-0.011247055623484825,43.479073,78.036,229.61,292.94,0.0,-0.07137325853448387,0.017227178355097284,0.09863380585304411,56.93257946769628,-0.17609508111686917,0.21054943782706376
TPL,Energy,350.44,-0.14301088004014484,-0.12829185415854893,-0.061766122499169684,0.22712231867963584,0.4779236414274474,27.2,0.36,-0.11397650643317381,43.478905,1.077,387.05,392.1,0.0,0.0,0.006954499111589948,0.0987143011064867,52.80825608817433,-0.186525531057124,0.20043452928030386
TXT,Industrials,89.2,-0.002460313410960535,-0.02663073553612838,-0.0652715321288122,0.15918969108757364,0.268002995837549,47.5,0.76,0.0008976009783978611,16.830187,52.285,89.76,90.55,0.0,0.0,0.016249626322450538,0.09862939304318005,56.54313509078415,-0.17706398404218238,0.20956323668708343
TMO,Health Care,599.69,0.13468050057811953,0.32631715358014635,0.09899157814061388,0.3063817956558541,0.3051319250513769,80.3,0.65,0.06186808754565076,31.949387,80.575,532.02,519.69,-0.0039350642467151364,0.0,0.010205770131661991,0.09865890993523582,54.119509732961745,-0.18316569334140023,0.2035772336047242
TJX,Consumer Discretionary,158.82,0.055072135867591854,0.07004364915936967,0.022725825634382302,0.22373098683238246,0.19501048233616838,58.3,0.05,0.008060959999116823,31.325443,136.307,154.92,157.79,0.0,0.0,0.0035025134290105923,0.09864025863849757,51.41626466360568,-0.18983239350244463,0.1968374203604658
TKO,Communication Services,189.42,0.046750614175512295,0.03067055117639539,-0.08818899823981474,0.17804820137822341,0.32548344336312895,63.9,0.5,0.02661104443275808,65.31724,59.216,196.69,193.75,0.0,0.0,0.0007911913121020844,0.09865130851031872,50.319951440419366,-0.1925653733681226,0.19414775599232678
TTD,Communication Services,13.39,-0.32339566832375,-0.37778810137096885,-0.5048076963771946,-0.7530886878784846,0.6841240536971177,29.9,0.64,-0.3076525213196012,16.32927,16.863,28.25,18.77,0.0,0.0,0.02095653460576318,0.09883641117498534,58.39591731447946,-0.1727628312972081,0.21467590050873447
TSCO,Consumer Discretionary,34.62,0.14484124318512337,0.15375481614459008,-0.3481366307719259,-0.40360813652009186,0.3169501758018313,78.6,0.39,0.04528985653305506,17.937824,248.71,43.74,30.91,0.0,0.0,0.011228004786069749,0.09867428576608023,54.52972958543133,-0.1821735953154475,0.204629604887587
TT,Industrials,476.99,-0.006063770992122741,0.0032998470145040315,0.04227041188531744,0.11678571658236603,0.28382608506387336,53.1,1.1,0.010058445066548849,35.972095,53.404,441.52,472.08,0.0,0.0,0.014551185177728576,0.09863461104750275,55.8641632599918,-0.1787726524753768,0.20787502283083395
TDG,Industrials,1223.48,-0.009327951037449433,0.020697886502425433,-0.058933925510348484,-0.05911926730555794,0.272152446049286,53.1,0.67,-0.04044552479078922,37.17654,0.0,1279.97,1267.08,0.0,0.0,0.011440201350084276,0.09863116601561546,54.616965555562636,-0.18187688404052202,0.20475728674069057
TRV,Financials,375.62,0.09987989920111517,0.2694453342893466,0.2928206704827776,0.44069117690608395,0.2078595392111742,54.1,-0.1,-0.004056738178595309,10.330583,27.378,303.65,338.21,0.0,-0.08700854536786198,0.011826829081795862,0.09865965614258702,54.770892687083084,-0.1815460969576747,0.20519975512126643
TRMB,Information Technology,58.44,0.11761326455351839,0.006891759215576165,-0.1268489711602504,-0.30237554054449123,0.3140936333949909,68.0,1.18,-0.02290591397969477,31.085106,25.062,66.75,53.5,0.0,0.0,0.018614666050471067,0.09864876212377338,57.483461245612624,-0.17473690771212474,0.2119662398130669
TFC,Financials,51.86,-0.0017324379454503047,0.08109233459784804,-0.03365190027729181,0.24334468686156985,0.24120928643896147,54.1,0.74,-0.015191781985921526,12.032483,0.0,49.03,50.71,0.0,0.0,0.017823519784476348,0.09864007391201027,57.16955199440827,-0.17551102508306377,0.21115806465201648
TYL,Information Technology,318.63,0.014034764321103399,0.020367041639925754,-0.10305704976348107,-0.46390171116152157,0.3989753584890746,57.9,0.01,0.016915132728046345,41.00772,47.906,369.8,305.2,0.0,0.0,0.005233455232458936,0.09869011452553225,52.11456684484088,-0.18819916923758429,0.19866607970250216
TSN,Consumer Staples,57.16,-0.013121518397089416,-0.14070114272291767,-0.1115038925865045,0.03698584802635563,0.25556355552182924,50.4,-0.03,-0.02689822584111179,35.949684,44.025,60.12,58.0,0.0,0.0,0.003904592932111741,0.09864758785011009,51.57865042761103,-0.18944467925410405,0.19725386511832751
USB,Financials,64.19,0.029676007126887338,0.18809601089937256,0.08380833746086358,0.48793222105687684,0.22455343321911067,53.1,0.75,-0.0006227761705858148,12.761432,0.0,55.19,60.52,0.0,-0.012999310451525081,0.0173012744632109,0.09864434014054557,56.96135749998038,-0.17604163221225844,0.21064418113868022
UBER,Industrials,78.03,0.05076752672522589,0.02468807899864678,0.05574340296372693,-0.12874049903533646,0.35414677842996806,62.0,0.93,0.08390055694899656,16.462027,51.872,77.95,71.89,0.0,0.0,0.019405641116662903,0.09863424863833871,57.798584185717395,-0.17391748621448097,0.21272876844780678
UDR,Real Estate,37.66,-0.05935580688498665,0.017364254553582592,0.01375067220773607,0.028777144100493146,0.20626441417922958,31.5,0.17,-0.02308688475388676,24.296774,156.144,36.86,38.98,0.0,0.0,0.006841945618319667,0.0986543684150838,52.76455560932385,-0.1865206164752446,0.20020450771188392
ULTA,Consumer Discretionary,548.66,0.15914898423779578,0.07164334812122708,-0.21197849458595153,0.1012624848050685,0.3533802288934392,71.4,0.54,0.008825778550091146,21.183783,89.209,555.11,483.38,0.0,0.0,0.013058413407305928,0.09864919311084665,55.265505960049275,-0.1802940050899535,0.20641083190456536
UNP,Industrials,292.24,0.01075635630699412,0.11546723408478488,0.16101856278833004,0.3448334627335461,0.22147647962200617,49.0,0.26,-0.013868789554554617,23.759348,150.772,252.74,280.33,0.0,-0.006291629840962404,0.007302296864748885,0.09863315750990562,52.950869604523554,-0.1860186918546661,0.2006232855841639
UAL,Industrials,123.76,0.02145921422528141,0.2808942104962684,0.06506028731959135,0.3860454795303834,0.48597485927097894,57.1,2.18,-0.06680736922911246,12.133334,201.641,106.41,121.21,0.0,-0.013090687297966086,0.02973288998745542,0.09870094457959647,61.8385094906424,-0.16372096138855363,0.2231867413634645
UPS,Industrials,104.72,-0.07237131909927597,0.0648524734488205,-0.08437717801180677,0.2913543854657832,0.29306600186831017,28.7,0.81,-0.040234619788206194,19.428572,189.9,103.92,109.22,0.0,0.0,0.013446929706080616,0.09865112731674612,55.42110674073359,-0.17990927983474178,0.206803139246903
URI,Industrials,1137.52,0.04807715126522516,0.21501837672521384,0.30337815085500175,0.3354052501121547,0.4300665074154891,67.8,1.03,-0.010963965202218429,28.010836,166.793,907.79,1084.07,0.0,-0.10305908422793755,0.017770893811126755,0.0986461654085062,57.148174773307524,-0.17557559038954537,0.2111173780117989
UNH,Health Care,408.74,-0.04742596256541676,0.06928121898898199,0.5026126556284733,0.6727920773134746,0.3766960485446683,31.2,0.45,0.0029198932083167595,30.686186,69.211,346.15,412.83,0.0,-0.030825041310027057,0.009244776382681978,0.09865675920925546,53.732883364567826,-0.1841224716674587,0.20261202443282267
UHS,Health Care,172.74,0.13071938641231684,0.028225151617648603,-0.18687738763914807,0.006846674321911772,0.3195770398901833,77.5,0.25,0.0290106065266571,7.0824113,68.74,190.71,152.8,0.0,0.0,0.014538267352318564,0.09867248811818502,55.85676211093313,-0.17885980935932408,0.2079363440639612
VLO,Energy,314.95,0.06889060265761193,0.28025355274609054,0.5774620460315916,1.4129910767362803,0.35876394673806355,51.0,-0.25,0.020147057297188242,12.438785,40.148,222.98,276.78,0.0,-0.26248517644978187,0.013268258737325235,0.09875053848758075,55.34415909600441,-0.18028279669833303,0.2068193141729835
VEEV,Health Care,234.69,0.1924699220197641,0.47298060468397796,0.2712745878635059,-0.16814944040110613,0.3984552076944355,79.3,0.53,0.10775984973701158,40.81565,1.411,201.81,185.06,-0.11821345212619563,-0.0129506034216893,0.0031446051467070735,0.09884365280506423,51.26897815217,-0.1905889543512188,0.19687816464463298
VTR,Real Estate,91.95,-0.0011948795705924997,0.05472191410087279,0.12485290757667844,0.3753221038836876,0.2157835193278849,36.6,-0.25,0.012107853523348533,170.27777,84.928,83.51,89.31,0.0,0.0,-0.03660800202157715,0.09894600429713989,35.56988492421466,-0.23054217044397132,0.157326166400817
VLTO,Industrials,97.11,0.04520500250453696,0.12340478337498162,0.050818531897337094,-0.09352222153537448,0.22824940177177333,68.5,0.28,0.006842961980222162,24.772959,115.978,93.64,89.84,0.0,0.0,0.009022017844958942,0.09863871040472737,53.64385557771103,-0.1843098545483067,0.20235389023822456
VRSN,Information Technology,293.34,0.08519847207761821,0.026705418469805897,0.3426772023764084,0.09228067858874578,0.281496831562951,69.1,-0.04,-0.019585613736826324,31.954247,0.0,257.83,275.31,0.0,0.0,0.005637175023473618,0.09866956535385507,52.27799182629518,-0.18775517307008233,0.19902952311702954
VRSK,Industrials,181.18,-0.06478089778832219,0.07773747064970515,0.022076654380434713,-0.3101945265967966,0.3404996439539646,38.6,-0.39,-0.060269762406887195,29.508142,0.0,197.78,187.5,0.0,0.0,0.004437330807717035,0.0987172845130676,51.79263736335034,-0.18904854683789546,0.19792320845332956
VZ,Communication Services,47.03,0.10192123812130283,0.012740256776624825,0.032563791130624464,0.16437006256562703,0.24868106735037307,65.9,-0.31,0.003199609807254422,12.2473955,184.081,44.82,44.9,0.0,0.0,0.004922868768744434,0.0986752109831681,51.989482543495434,-0.18848054475826506,0.19832628229575391
VRTX,Health Care,523.91,0.09091092794280331,0.20392020814534662,0.11264250977415413,0.4293391196893659,0.2834119420491304,70.6,0.48,0.09442038498520589,28.897408,9.767,455.17,474.67,0.0,-0.0010168985672897035,0.010321923445960338,0.09864819579049336,54.16667544684623,-0.18302854030340665,0.20367238719532732
VRT,Industrials,270.1,-0.11694507334714987,-0.26572027449299973,0.3377252402801041,0.9323773375306934,0.6511733166055075,38.5,2.75,0.0006298426716091488,61.666668,70.166,249.16,299.81,0.0,0.0,0.0227428797133334,0.098749377381469,59.107420302318516,-0.1708058999543458,0.21629165938101264
VTRS,Health Care,16.28,-0.0067113305124588685,-0.030758844824375298,0.06296445647073368,0.7444983233895561,0.3246973727676113,32.1,0.72,-0.08022598955290239,30.024082,95.535,14.15,16.55,0.0,-0.0002618249203724943,0.010062342478408955,0.09864292737823538,54.06247358158846,-0.18327779518293238,0.2034024801397503
VICI,Real Estate,26.07,-0.01249999729069795,-0.08340012032052124,-0.07297023765357535,-0.15629870096601484,0.18009650255622559,42.4,-0.03,-0.019556241247823514,10.345238,60.277,28.27,26.8,0.0,0.0,0.010727236615316918,0.09864960990513219,54.3295956443766,-0.18262599879874217,0.204080472029376
V,Financials,361.32,0.009979056112421336,0.11798025530748024,0.11436723649069958,0.08134095135664765,0.2187134356856401,56.8,0.32,-0.02237611703675879,30.855679,67.821,330.98,345.01,0.0,0.0,0.007932861994305361,0.09863104705601532,53.205223264833926,-0.18538399023548463,0.20124971422409538
VST,Utilities,142.87,-0.0964457403929071,-0.059059088030386286,-0.06344229015887659,-0.28943476875717067,0.495968458435004,35.3,1.52,-0.002513444258117392,23.575907,366.613,162.07,154.69,0.0,0.0,0.019207424637511492,0.09870256935766579,57.71465702705737,-0.17424961130351346,0.21266446057853644
VMC,Materials,285.34,-0.025411580273332346,0.011345103272705437,-0.12486582866128171,0.003122547183130875,0.27770978847399747,56.7,0.8,0.0008417756199130544,33.569412,58.22,289.97,288.65,0.0,0.0,0.01255696532085563,0.09862658700298892,55.065574523120645,-0.18075114520500266,0.2058650758467139
WRB,Financials,70.82,-0.04089919816960652,0.07602150253445572,0.0332011684471194,0.03045866389998464,0.22367617615122506,43.8,-0.32,-0.007984307321718065,14.723493,31.527,69.77,70.18,0.0,0.0,0.006895164862633222,0.0986686153114929,52.78562288969133,-0.18649532114789286,0.2002856508731593
GWW,Industrials,1297.45,-0.06588892554696957,0.06026783042274597,0.09449467236655584,0.3801166112843355,0.2367128568586856,37.7,0.57,-0.0003585226534212893,32.574688,61.977,1143.66,1336.1,0.0,0.0,0.00910860701186878,0.09863878698354481,53.678725955369636,-0.18422341547587903,0.20244062949961658
WAB,Industrials,294.16,0.12765475803300474,0.0984142051482495,0.2048492537686557,0.5443000131935516,0.26451372497526676,69.2,1.03,-0.016417572949020243,39.221333,61.686,245.71,273.49,0.0,-0.04720439453333666,0.013031474920718175,0.09864777672070772,55.25478174372947,-0.18031816745186896,0.20638111729330533
WMT,Consumer Staples,112.66,-0.018470074400888437,-0.11701538603577388,-0.12334017844792222,0.09516955929253856,0.24446927749073238,57.9,-0.11,0.009950699955037612,39.391613,74.816,118.14,114.49,0.0,0.0,0.0014666378273745318,0.09865214835145995,50.593076072379574,-0.19189157294148698,0.19482484859623603
DIS,Communication Services,103.18,0.07479166984558105,-0.007156120852012782,-0.029491135501074406,-0.06898458875877433,0.25738980919206433,65.6,0.69,0.050926868857795515,21.631027,39.404,104.4,98.61,0.0,0.0,0.015171484072076687,0.09863589650641717,56.112141203675925,-0.17815487308050096,0.20849784122465434
WBD,Communication Services,26.87,-0.008121052495951187,-0.013582927128988675,-0.012495342031572432,1.4628782048614837,0.4493448208704213,63.9,0.61,0.041876691949080946,18.523909,94.199,26.7,26.51,0.0,0.0,0.01069591193446791,0.09869443123494763,54.31504942863889,-0.18274517328602943,0.20413699715496528
WM,Industrials,226.6,-0.04271049099572899,0.06292090101133274,-0.008733621830790517,-0.02066523861860159,0.2036811847060276,39.2,-0.39,0.005993367829148166,59.94709,235.301,223.53,226.41,0.0,0.0,-0.009369510583343184,0.09870331949589725,46.21868052857851,-0.2028280167953018,0.18408899562861544
WAT,Health Care,411.77,0.10329025150549809,0.18300910836628947,0.25486064067752845,0.4643313340630637,0.3657469388507507,75.4,0.88,0.03961321695950826,103.2005,33.472,356.19,374.36,0.0,-0.006024836001719686,-0.005821832593681247,0.09871613647841271,47.64858148367344,-0.19930546009137015,0.18766179490400767
WEC,Utilities,106.12,-0.08414602372388058,-0.05090818476111569,-0.03044277690599584,-0.005966405123531637,0.15727700264824848,29.0,-0.12,-0.02864986044318507,20.930965,157.985,112.24,113.17,0.0,0.0,0.004753113283755898,0.09867446937884705,51.9209475521798,-0.18864884669878432,0.19815507326629614
WFC,Financials,87.52,0.004020397906924877,0.19628238986988,-0.06430923008632572,0.14872860908200325,0.2656865837742833,51.1,0.78,-0.004158144751599924,12.665702,0.0,84.91,84.36,0.0,0.0,0.01846174417776697,0.09863672881245288,57.423596011400676,-0.17486624429464065,0.2117897326501746
WELL,Real Estate,235.04,0.002089065137496071,0.0977583071542023,0.19989451172764428,0.4203083805360823,0.2239884300488011,35.3,-0.07,0.014984608766953844,106.352936,41.375,205.99,226.31,0.0,0.0,-0.01692022561092242,0.09874788482265222,43.19751773053842,-0.21046607986332078,0.1766256286414759
WST,Health Care,352.13,-0.02040588316995151,0.093267231571184,0.41656532204264596,0.4658002064311235,0.3382552452957856,44.6,0.68,0.00966279109652568,45.260925,10.585,287.32,342.28,0.0,-0.07555026688620681,0.010411820236046521,0.09863426143527554,54.203421874710834,-0.18291133217709352,0.20373497264918658
WDC,Information Technology,438.34,-0.2109800990559244,-0.1500023789358369,0.5338442543437933,4.862717704827667,0.7839062331698551,34.1,3.1,-0.20092606407912583,17.891428,11.868,342.79,559.33,0.0,-0.12873797288754188,0.03182382023834779,0.09897475111883852,62.609740257511326,-0.1621666919545757,0.22581433243127128
WY,Real Estate,25.29,0.08030760702132445,0.08910593760857788,-0.03496486700642787,0.027659489872055243,0.27081823743430516,64.8,0.35,-0.02090588500866064,38.907696,57.625,24.17,24.3,0.0,0.0,0.006687396403836108,0.09863686711501254,52.70268389106945,-0.18664086314158848,0.2000156559492607
WSM,Consumer Discretionary,250.82,0.1615853863208756,0.42906001868813726,0.16128224599692875,0.2754593487652026,0.34262978499200714,75.4,1.24,0.007794930903829433,28.245497,79.878,200.2,225.06,0.0,-0.10286001841786471,0.020864074751282807,0.09865719505911029,58.374383373086545,-0.17250402756457336,0.21423217706713896
WMB,Energy,71.85,-0.03505238574325786,-0.024257616496414225,0.0744459443486849,0.28051757938645716,0.22924698089095372,44.5,0.0,0.004754528425868543,27.9572,200.371,68.76,72.93,0.0,0.0,0.002864336466548539,0.09864909486970384,51.15819043337297,-0.190487889478071,0.19621656241116808
WTW,Financials,343.01,0.16058204680387855,0.3785781884494186,0.19067553365210377,0.05930135649170509,0.295815599140219,88.6,-0.1,0.009952020829192554,21.371342,91.39,298.69,285.09,-0.05317263199207137,0.0,0.0032819505507733437,0.09874226711177088,51.325742098129034,-0.19025289298829756,0.19681679408984426
WDAY,Information Technology,184.19,0.27141581175875795,0.5169659464590171,0.19170552116229,-0.17057686150074414,0.4980496341102041,73.5,0.19,0.07537367908756565,55.81515,56.936,163.68,141.95,-0.1475714181268252,0.0,-0.006840864284325518,0.09902535683394248,47.24621961264225,-0.20093056367885276,0.18724883511020174
WYNN,Consumer Discretionary,102.5,0.05528675896665969,0.034207995519187406,-0.11926284099697326,-0.02787895838054688,0.3432594989202402,74.5,0.88,0.05020493445169638,24.580336,0.0,109.53,100.57,0.0,0.0,0.017234384838088646,0.09865507558548207,56.93397000943461,-0.17612956330945623,0.21059833298563352
XEL,Utilities,76.87,-0.04485587052402318,-0.03908491898628208,0.020832448909516854,0.08059725343642188,0.1944912682283949,40.8,-0.0,-0.011318292648462625,21.35278,173.135,78.94,79.07,0.0,0.0,0.005515752425561604,0.09864842796120508,52.22945350909607,-0.18783516637840036,0.19886667122952356
XYL,Industrials,121.19,-0.0001649751936098065,0.08629619776881614,-0.12919849129785943,-0.13941471851490106,0.2412305319420261,58.0,0.81,-0.008021574381820495,28.650118,28.642,127.59,116.31,0.0,0.0,0.014710890822151473,0.09863538363606211,55.92800570833485,-0.17861446110453028,0.2080362427488332
YUM,Consumer Discretionary,145.33,-0.10112562831143479,-0.02827064186486883,-0.07668794711603943,0.04844731094731092,0.2280773457046475,47.3,0.04,-0.015912723193897804,18.972586,0.0,154.34,153.32,0.0,0.0,0.009709597781140195,0.0986470282131801,53.920365064750186,-0.1836385775166928,0.20305777307897319
ZBRA,Information Technology,378.08,0.4175696400033273,0.7426252529153352,0.46662001644793105,0.19020330609334168,0.49974421958463766,90.2,1.86,0.025079305741827485,34.49635,86.23,248.27,267.29,-0.2644808740305715,-0.3728713124646047,0.018447919240336893,0.09921807204578147,57.37513699645391,-0.17601950196939478,0.21291534045006857
ZBH,Health Care,97.78,0.039328198089180644,0.2319655347793108,0.09557618273992774,-0.0045471128284070295,0.3165125714681211,70.8,0.22,0.020561541289032537,23.392345,60.175,90.99,90.15,0.0,0.0,0.009971695485435327,0.09865557033092698,54.02548750456714,-0.18339322236318154,0.2033366133340522
ZTS,Health Care,74.83,-0.0005089109346759768,-0.017195268565597277,-0.4055036438224129,-0.4824080485846658,0.3679157662411459,48.7,0.55,-0.015912665306472618,11.84019,293.996,108.41,76.29,0.0,0.0,0.01414037512595968,0.0986590473315087,55.69835125689689,-0.17923135764379736,0.2075121078957167
