ticker,sector,price,momentum_1mo,momentum_3mo,momentum_6mo,momentum_1y,annualized_vol,rsi,beta,perf_1w,pe_ratio,debt_to_equity,ma_200,ma_50,ma50_proximity,ma200_proximity,pred_return,pred_se,prob_positive,conf_lower,conf_upper
MMM,Industrials,156.95,-0.008684941488059539,0.03413104140144485,-0.05642160561056586,0.012480557422307692,0.25926824078774274,39.9,0.79,0.014512025987483801,30.239885,396.497,158.04,153.94,0.0,0.0,0.005726733986891792,0.0958033906153035,52.38329402437483,-0.18204791161910305,0.19350137959288666
AOS,Industrials,60.07,0.016756903065110462,-0.09739248462837846,-0.14504697005365896,-0.10916364403272205,0.2596284334882911,60.0,0.75,0.010089094699937906,16.018667,34.981,66.64,58.84,0.0,0.0,0.013721501791124404,0.0957458314991972,55.69780081548209,-0.1739403279473021,0.20138333152955093
ABT,Health Care,89.21,0.011680639325609254,-0.1116312095856552,-0.2761200331477388,-0.3105172983727691,0.2525557802516623,46.5,0.13,-0.06272327381342191,24.985994,64.773,110.61,89.17,0.0,0.0,0.0022690188156672727,0.09575354124167124,50.945263037156266,-0.18540792201800835,0.18994595964934288
ABBV,Health Care,244.56,0.0739033159741962,0.1727808899928598,0.12967147196604056,0.3185426064711363,0.2583109366214496,59.9,-0.02,-0.03236530725956466,120.47291,0.0,222.92,225.47,0.0,0.0,-0.028891473904354606,0.09589645089224845,38.16013254347334,-0.21684851765316154,0.15906556984445236
ACN,Information Technology,135.37,-0.19548584912504718,-0.2803873017649867,-0.5082772645273663,-0.5065737468393576,0.4131242352682223,59.9,0.39,-0.0014384189210788767,10.550663,25.035,217.69,158.71,0.0,0.0,0.010878561950801722,0.09578945193539876,54.52096466244566,-0.17686876384257982,0.19862588774418327
ADBE,Information Technology,221.91,0.08768747679152589,-0.05858644784947009,-0.3227223934201623,-0.3953240972038816,0.35580283381672073,71.4,0.42,0.004390337693421342,12.698141,61.443,284.49,231.86,0.0,0.0,0.009831760574528435,0.09577389973926975,54.08819817957434,-0.17788508291444027,0.19754860406349717
AMD,Information Technology,562.72,0.09998624361589847,1.2061393129136242,1.7094225243792378,2.8479208805105602,0.689001647892042,56.9,3.04,0.08757078508406924,188.20065,6.005,289.53,490.01,0.0,-0.7935555501553027,0.03436883500312466,0.09648554150409765,63.91572626852716,-0.15474282634490674,0.22348049635115605
AES,Utilities,14.8,0.007833771711681647,0.04009886572325971,0.07939933125130372,0.23653639009736738,0.35086380103953446,60.0,0.52,0.010587413206030849,7.703125,259.603,14.47,14.6,0.0,0.0,0.01007035305666762,0.09576759941452437,54.18732231338693,-0.17763414179580014,0.19777484790913538
AFL,Financials,123.31,0.04677414570536986,0.10727644731329833,0.1444442280846292,0.22665347508815792,0.17073646734616427,66.8,-0.06,0.015398510207456306,14.092571,48.276,112.36,116.88,0.0,0.0,0.0022798907538911974,0.09576852940009478,50.94964276587981,-0.18542642687029456,0.18998620837807698
A,Health Care,134.59,0.038577232943582285,0.12010027007266588,-0.08671822452975853,0.12983019608317825,0.334566136270223,66.5,1.02,0.04276740296299719,27.080482,49.733,130.85,125.64,0.0,0.0,0.013747761450147035,0.09574866066126565,55.70846285637925,-0.17391961344593365,0.2014151363462277
APD,Materials,304.18,0.08681754627798699,0.03182268588164505,0.15334245142418101,0.07388720454922537,0.2671380772173795,63.9,0.25,0.025037886017796884,31.784744,101.611,274.25,288.97,0.0,0.0,0.0008354144746435652,0.09575092224527708,50.34806758974278,-0.1868363931260995,0.18850722207538662
ABNB,Consumer Discretionary,146.73,0.1092606823636404,0.09624949583868836,0.05936760904096783,0.058908811094065205,0.3015493299265057,59.9,1.17,0.02646383239946415,36.23037,33.185,130.75,138.66,0.0,0.0,0.013414913011056505,0.09575120507757366,55.571020769759286,-0.17425744894098785,0.2010872749631009
AKAM,Information Technology,125.74,-0.058127356825696364,0.4153534786914541,0.37767067479476824,0.6243378363940926,0.560500849278947,57.3,1.02,-0.00655765057324742,42.3367,119.534,102.19,133.62,0.0,-0.08041693524771301,0.012557511882969948,0.09579114227974804,55.21489806995938,-0.1751931269853362,0.2003081507512761
ALB,Materials,128.8,-0.24422013592517267,-0.3198736699684731,-0.23552424729672383,0.8163884820688103,0.6175585163468246,23.9,1.5,-0.004482932517895888,31.7120835,19.845,150.4,163.01,0.0,0.0,0.02011158798888431,0.0958415062890388,58.31045637991254,-0.1677377643376317,0.20796094031540036
ARE,Real Estate,47.63,-0.09234413184384649,0.06323116556335151,-0.0981867871007327,-0.35712020463044125,0.44742985781392597,37.8,0.87,-0.00843052844037806,32.883146499999995,66.509,53.85,48.85,0.0,0.0,0.010659447443605913,0.09576148690209867,54.43157155809464,-0.17703306688450746,0.1983519617717193
ALGN,Health Care,176.69,0.010581137853265421,-0.04331582594752548,0.0272674560546875,-0.1134915227247324,0.5426087018261101,56.5,1.56,0.011506811597798317,29.74579,2.797,163.51,171.55,0.0,0.0,0.021701754182873585,0.09578560980131096,58.96193499314742,-0.16603804102769587,0.20944154939344306
ALLE,Industrials,135.77,0.017650995052158613,-0.0726792333985754,-0.15241692840044108,-0.07726542917789347,0.25816190006622114,66.6,0.67,0.005815159429414685,18.548496,105.863,154.01,132.78,0.0,0.0,0.010784464668872843,0.09574605806743279,54.484047693760914,-0.17687780914329543,0.1984467384810411
LNT,Utilities,76.71,0.049240848639951595,0.06893863443790149,0.19553002013649046,0.2640306056703865,0.16000544310101605,59.0,-0.09,0.004451961839242458,24.12264,159.526,69.79,73.7,0.0,0.0,-0.002483134130341251,0.09576397665130806,48.96566931517962,-0.19018052836690508,0.18521426010622255
ALL,Financials,253.04,0.1417001222190215,0.18376768862621184,0.22522336279733524,0.3156370131031334,0.2394141570806596,72.1,-0.24,0.007425271755226115,5.493595,23.719,210.71,224.51,0.0,-0.05088822901324938,0.005288803268856948,0.09580251247572935,52.2012533512855,-0.18248412118357257,0.19306172772128646
GOOGL,Communication Services,358.35,-0.0037116088808462067,0.07704496388508719,0.08121330886244627,0.9793307435025826,0.2985154837374913,60.0,1.34,-0.009877906925268909,27.337149,20.026,319.42,372.15,0.0,0.0,0.01805259268066953,0.09577432388645522,57.47540928744337,-0.16966508213678272,0.20577026749812177
GOOG,Communication Services,355.86,-0.006421762025434652,0.07711947149113296,0.07091335689544387,0.9521700083229252,0.29465293391915914,57.6,1.33,-0.007945153944429628,27.125,20.026,318.74,369.37,0.0,0.0,0.01803773911225883,0.09577260775489564,57.469463239987675,-0.1696765720873366,0.20575205031185428
MO,Consumer Staples,70.94,0.0008464666261374099,0.0972401688227369,0.2505528350532795,0.30314631085096844,0.22889087451089343,46.8,-0.38,-0.025683219061813922,14.810021,0.0,65.11,70.98,0.0,0.0,-0.0014487952628704918,0.09580108495219347,49.39670447802867,-0.18921892176916968,0.18632133124342873
AMZN,Consumer Discretionary,245.84,0.030538686098984247,-0.01279012731486806,-0.0025763561637967003,0.0892596218465238,0.3093485305014417,64.3,1.41,0.009092076352822387,29.379189,53.3,233.47,253.34,0.0,0.0,0.018539048235470288,0.09576658205913197,57.67498822378169,-0.16916345260042837,0.20624154907136893
AMCR,Materials,42.34,0.0428571858094009,0.04962950059653637,0.013012887209535862,-0.09334293644213965,0.32355602697958136,59.7,0.84,0.00929676716461425,34.14516,143.74,41.74,39.91,0.0,0.0,0.008152880420622196,0.09573925606796438,53.39317645881313,-0.17949606147258798,0.1958018223138324
AEE,Utilities,113.54,0.04165138454612238,0.022173502751442697,0.148872562964667,0.2099788785036698,0.16918804161095696,53.9,-0.12,0.0030921324019077545,20.420864,155.674,106.77,110.06,0.0,0.0,-0.0015812769518843183,0.09576312064223964,49.34128131704436,-0.189276993410674,0.18611443950690537
AEP,Utilities,135.44,0.04805391100499601,0.0071136324956033725,0.17956845439014102,0.3305002119145042,0.18870353110543253,53.9,-0.04,-0.0033847790709137238,20.065186,157.099,124.97,131.34,0.0,0.0,-0.00042638880776397234,0.09575972400137892,49.822363772466275,-0.18811544785046663,0.1872626702349387
AXP,Financials,358.18,0.10361502019857993,0.09848447907671032,0.001963061323918547,0.1280419313929444,0.26579046328003697,65.2,1.01,0.06477593590320008,22.343008,177.847,338.48,325.36,0.0,0.0,0.013408421586258863,0.09575640771308423,55.5680419866809,-0.17427413753138624,0.20109098070390394
AIG,Financials,79.74,0.05980861413829053,0.04219554985271001,0.08980135021874891,0.0001661252762574783,0.2393391626435788,62.5,0.14,0.0015070976268289904,14.038733,22.647,77.63,76.14,0.0,0.0,0.00574356985468436,0.09575906048280054,52.391397448653535,-0.1819441886916047,0.1934313284009734
AMT,Real Estate,167.51,-0.10508600779259658,-0.04138661827872958,-0.004263605583013974,-0.21552502181293542,0.25658587755087964,37.1,-0.12,0.014966076837029663,27.017742,444.55,180.39,177.5,0.0,0.0,-0.006499505118082732,0.09584343494726319,47.296693913183454,-0.19435263761471858,0.18135362737855312
AWK,Utilities,131.68,0.04255403454905937,-0.0057200910117645165,0.02475993250680686,-0.0571852075848992,0.22272685334712797,60.9,-0.47,-0.0014786724067232804,23.183979,142.33,131.63,126.86,0.0,0.0,-0.007085402108680592,0.09579667340602635,47.051994325083534,-0.19484688198449224,0.18067607776713107
AMP,Financials,516.72,0.1254328081542213,0.12255046971498862,0.019562036833475016,-0.02849805147413209,0.2609096280450855,70.0,0.87,0.053283837185251315,12.889054,56.246,473.28,466.65,0.0,0.0,0.01585423590714782,0.09575727406123671,56.57511048063583,-0.17183002125287614,0.20353849306717178
AME,Industrials,232.99,0.027361396687298978,-0.004376558096153227,0.1141531383792791,0.31448565489410263,0.22847197345994877,48.5,0.93,0.007110764668891489,35.247353,22.489,215.47,230.89,0.0,0.0,0.010438075024288378,0.09575646058078259,54.34013259872636,-0.1772445877140455,0.19812073776262223
AMGN,Health Care,357.08,0.005292720440951415,0.02515012607611533,0.11282613095378502,0.23830275180811644,0.27026213438676416,60.3,0.48,-0.029647555508672152,24.84075,623.754,337.88,343.78,0.0,0.0,-0.0003703700356259813,0.09590896964397198,49.84594152151143,-0.18835195053781106,0.1876112104665591
APH,Information Technology,158.74,0.03367681635189412,0.06898526402839678,0.09774459336371755,0.5948711462692975,0.431953458893522,50.0,1.75,0.003286589991461142,45.61207,133.051,139.98,147.62,0.0,0.0,0.017427578249457905,0.09577127024508053,57.21971939404784,-0.17028411143089994,0.20513926792981574
ADI,Information Technology,398.93,-0.045130354007259066,0.14752642313427233,0.3655491157511177,0.6606021957501405,0.34952555159317267,46.9,1.57,0.03511936657099368,59.36533,25.81,321.79,407.76,0.0,-0.08974941656585578,0.016729461502084902,0.09577296396441201,56.933380234063016,-0.17098554786816264,0.20444447087233245
AON,Financials,362.67,0.08161101796433345,0.12572525054540318,0.03749537960082194,0.01271451981392313,0.2502206801836421,75.5,-0.18,0.014447086476627069,19.905323,155.05,336.24,327.92,0.0,0.0,-0.002460425659748985,0.09579172473362982,48.97542307646558,-0.19021220613766343,0.18529135481816544
APA,Energy,34.1,-0.07887633569788921,-0.07296117488047116,0.3906373408989048,0.8243496765283536,0.4607696556121167,49.4,-0.54,-0.027381713108010852,7.9487176,61.314,30.55,36.22,0.0,0.0,-0.00254326173285165,0.0959665005059473,48.94286456588867,-0.19063760272450836,0.18555107925880504
APO,Financials,119.97,-0.10389903760673624,0.049259039209186284,-0.159418752799094,-0.1793694288065102,0.35919146199365143,33.4,1.17,0.015490112074734164,76.41401,101.267,127.48,127.94,0.0,0.0,0.0010244334097145465,0.095778955954175,50.42669290375815,-0.18670232026046843,0.18875118707989755
AAPL,Information Technology,315.66,0.0842578860573675,0.2206886760588911,0.21516406490651252,0.5190887946580482,0.2406748491455496,64.7,0.85,0.007243335484758084,38.257954,79.548,272.76,299.57,0.0,-0.007263744246802983,0.007622187153530143,0.09575334412001779,53.17232200829463,-0.18005436732170474,0.195298741628765
AMAT,Information Technology,598.57,0.0552137634627039,0.5147965726602892,0.9530711871360198,2.059162623890877,0.5558756865173383,51.3,2.55,0.049202466825974955,56.26222,30.399,351.11,515.95,-0.010137116995943801,-0.5548118413295429,0.05468903132716888,0.09598584720775225,71.55802326589202,-0.13344322920002552,0.24282129185436327
APP,Information Technology,453.89,-0.08631756207811947,0.04701161316628144,-0.3108783150016282,0.2753302119483996,0.73107505016785,47.9,2.18,-0.13077861845569527,45.21791,162.888,536.35,507.3,0.0,0.0,0.0238002296715174,0.0958617168637489,59.80398330594482,-0.16408873538143046,0.21168919472446526
APTV,Consumer Discretionary,58.56,-0.1394563005566487,-0.008633795906010322,-0.3255787154394937,-0.16912601327891297,0.3973713868654903,41.0,1.45,-0.0001707072150469724,34.857143,103.823,72.68,61.41,0.0,0.0,0.017517050790353844,0.09575439134262577,57.257639621835274,-0.17016155624119267,0.20519565782190036
ACGL,Financials,101.99,0.1126990376275796,0.06018712161334583,0.09384384599390905,0.12584172631333557,0.2092357720558164,73.1,-0.26,-0.00019610108854051234,7.8453846,11.282,94.04,94.61,0.0,0.0,0.0018205429750427248,0.09579818965034609,50.75810185389401,-0.18594390873963562,0.18958499468972106
ADM,Consumer Staples,82.11,0.023367398428690844,0.2007030202046074,0.3388970514968299,0.5598828237519227,0.2657848647224569,77.6,-0.04,0.02273006510689002,35.873363,46.128,67.99,78.85,0.0,-0.05775732576604725,-0.0013374771153381111,0.09579502106009097,49.44302028471437,-0.1890957183931164,0.1864207641624402
ARES,Financials,120.14,-0.10048010695752929,0.07757063836455824,-0.29429531512768115,-0.30924160324832906,0.4270706864340647,49.1,1.71,0.01809323844263111,55.36175,168.762,136.37,122.71,0.0,0.0,0.014073665950603565,0.0957738628472481,55.84130076282353,-0.17364310523000273,0.20179043713120984
ANET,Information Technology,184.92,0.13282586613301417,0.1979173832969976,0.4983187761615231,0.7063993349043629,0.5477428002733111,63.5,2.11,0.021389105182653356,63.275684,0.0,144.13,160.84,0.0,-0.132994589116004,0.02561244042319636,0.09579844692787187,60.54030693242613,-0.1621525155554325,0.2133773964018252
AJG,Financials,256.73,0.17396763677091132,0.17134071417780716,-0.024402994646254617,-0.1768376551509413,0.2943957114757349,80.1,-0.2,0.00048712056091182454,41.47496,56.18,238.73,216.84,-0.03400426909050924,0.0,-0.010052023879471371,0.09583032769605443,45.82299704132436,-0.19787946616373805,0.1777754184047953
AIZ,Financials,279.76,0.07191854183524082,0.2629680612434755,0.1831441526413795,0.4863950925095768,0.24308635458602929,75.0,0.27,0.006222389648325111,14.3393135,37.61,233.05,256.95,0.0,-0.05041903859390409,0.009401903013876299,0.09576959706354489,53.91021840969613,-0.17830650723067168,0.1971103132584243
T,Communication Services,21.33,-0.08323885435657585,-0.15623631625722945,-0.07988735761226706,-0.17755920022520255,0.2349732692517499,37.5,-0.39,0.023542882328968506,7.0417495,127.233,25.49,23.11,0.0,0.0,-0.0002897966474493197,0.09579934596039283,49.879318634274185,-0.18805651472981927,0.18747692143492062
ATO,Utilities,179.42,0.05566010285586964,-0.0410567592974761,0.08249711204456944,0.18035929555096186,0.15717392280008333,66.0,-0.1,0.013157162342524398,22.123304,64.588,176.0,174.83,0.0,0.0,-0.0009074139586162945,0.09576791984367271,49.622002463999735,-0.1886125368522148,0.1867977089349822
ADSK,Information Technology,207.35,0.044952949437986334,-0.09291740922458869,-0.2538414654235166,-0.29604476422773995,0.33948383926751413,68.3,0.57,0.006358051155454847,30.270075,85.419,260.62,221.32,0.0,0.0,0.00625176076146894,0.09575271301800342,52.60287228294308,-0.18142355675381777,0.19392707827675565
ADP,Industrials,245.88,0.08695458903295061,0.269968639309182,-0.04949595655119632,-0.16695348212996974,0.25544911417070837,71.0,0.1,0.0186850472588167,22.111511,69.259,238.37,223.53,0.0,0.0,0.002098195438502173,0.09576587969229251,50.87399803697119,-0.18560292875839116,0.1897993196353955
AZO,Consumer Discretionary,3024.29,-0.029525401381110594,-0.13801053468362545,-0.14155831988007384,-0.19829016782426845,0.2836146783080238,48.6,0.14,-0.014943760110997517,20.809813,0.0,3561.9,3192.73,0.0,0.0,0.0044094138056829275,0.09576278158440762,51.83628772251583,-0.183285638099756,0.19210446571112189
AVB,Real Estate,193.09,0.04202960142839962,0.13971225709274493,0.10466921674686525,-0.005897910690845887,0.20907771869330566,69.4,0.34,0.020991969771589458,23.576313,81.307,179.92,185.04,0.0,0.0,0.004753231752680292,0.09575323700684295,51.97955356333321,-0.18292311278073187,0.19242957628609247
AVY,Materials,157.65,-0.010047134088010168,-0.07134736179238965,-0.1517449419556841,-0.10658564866157982,0.2399011137714775,49.7,0.47,-0.001899354590403135,17.894436,164.751,172.33,159.53,0.0,0.0,0.007759689847251935,0.09574298453237082,53.22977465611082,-0.17989655983619487,0.19541593953069872
AXON,Industrials,552.77,0.25137528758117056,0.45137331510686685,-0.12499004856301255,-0.26322873092498855,0.5818836639629916,68.1,1.26,-0.0784094185042764,224.70326,52.074,528.29,459.64,-0.05260518529890579,0.0,-0.04594063989956058,0.096290443078722,31.664372138036278,-0.2346699083338557,0.14278862853473456
BKR,Energy,57.31,-0.09233446424950753,-0.06486186061172527,0.20372396737428256,0.4622341237305252,0.33804833817965485,44.7,0.79,-0.004689135970434299,18.306677,82.935,55.87,61.89,0.0,0.0,0.012970449869922813,0.09574390443391906,55.38799544690558,-0.17468760282055854,0.20062850256040418
BALL,Materials,61.04,0.07125309592678297,-0.0353625504050884,0.10775541704788894,0.06411721757295319,0.2645482395308777,52.9,0.26,0.012439873753706365,17.795918,145.542,56.23,57.89,0.0,0.0,0.004917777675456515,0.0957460831872548,52.04817480623133,-0.1827445453715629,0.19258010072247592
BAC,Financials,60.83,0.08586221588694065,0.1461304829918122,0.11418241861727996,0.3204820115170015,0.21754138788960298,65.8,0.78,0.04339627147689318,15.102978,0.0,52.81,54.48,0.0,-0.0019197430488981926,0.014511867335994863,0.09576219590200752,56.022538441322126,-0.17318203663193987,0.20220577130392958
BAX,Health Care,21.45,0.02852345618145513,0.2203610874391846,0.06584118277056383,-0.2415414256266053,0.47274061514434396,59.6,1.13,-0.023885333460605618,26.3790305,161.021,19.54,19.7,0.0,0.0,0.014651691484438106,0.09576212684839527,56.080121677488506,-0.17304207713841663,0.20234546010729282
BDX,Health Care,149.51,0.022360427317029474,-0.03317270998251021,-0.049321572355492505,0.10024773376716123,0.2639961839213917,57.0,0.41,-0.006973984250691734,26.138111,71.599,154.33,147.71,0.0,0.0,0.005301620391994937,0.0957415489874079,52.207986138315285,-0.18235181562332453,0.19295505640731442
BRK-B,Financials,496.09,0.013985253257537078,0.03884968019299051,-0.005169206493419787,0.041532379540748066,0.14510132559057787,53.0,0.04,0.0026319783925263796,14.769047,17.669,490.43,486.38,0.0,0.0,0.004232681986291809,0.09576332008009725,51.76272727405895,-0.1834634253706988,0.19192878934328242
BBY,Consumer Discretionary,82.01,0.05827597572256016,0.3391299884908172,0.2560934413952878,0.22043447538620686,0.3725846258230133,72.0,0.84,0.05053157051678281,15.190741,134.09,70.08,69.69,-0.026905003132280197,-0.02030285165840018,0.013122516369975233,0.09576474320297902,55.44959372901898,-0.17457638030786363,0.20082141304781412
TECH,Health Care,71.17,0.3178703873245805,0.21542325093641557,0.0726058819727946,0.36061996294511567,0.5003369735690819,94.0,1.01,0.002888977363298073,101.66429,13.922,58.64,56.26,-0.1148202301235848,-0.0636214301944257,-0.012769865348512611,0.09600019095544678,44.70891114113221,-0.20093023962118828,0.17539050892416308
BIIB,Health Care,190.84,-0.04606346512030035,0.06635560770282334,0.02803965789011631,0.43366393087542754,0.355802888544376,45.9,0.25,-0.04753939842018684,20.519894,35.181,179.46,197.82,0.0,0.0,0.005299479831996346,0.09577331346209672,52.20636429610883,-0.1824162145537132,0.19301517421770592
BLK,Financials,1029.05,-0.0028633295103560608,-0.018696131922681936,-0.04466805196500667,-0.054750642365092084,0.26444485355323605,53.4,1.21,0.039082553507142404,25.907478,23.635,1060.57,1031.41,0.0,0.0,0.017417246059193765,0.09576100967020047,57.21625071073092,-0.17027433289439917,0.20510882501278668
BX,Financials,123.84,0.008551147605948994,-0.010627071649945363,-0.1924885310375376,-0.21438492590698566,0.352199171857062,56.1,1.37,0.044006014756722944,31.672632,72.022,134.8,119.78,0.0,0.0,0.017452742724786044,0.09575188143854735,57.23147733909807,-0.17022094489476675,0.20512643034433886
XYZ,Financials,79.5,0.1435558664965637,0.20181403123472896,0.13151149420482033,0.15754221966724158,0.4731858479288977,68.4,1.95,0.038536862581803,62.08594,37.514,67.38,73.08,0.0,-0.02985519689111857,0.0179793997303026,0.09579513785657469,57.44385705392907,-0.1697790704685838,0.205737869929189
BNY,Financials,153.6,0.06681490944187152,0.1815931522899923,0.28371277453827837,0.6429014653756728,0.2039970906268399,62.6,0.78,0.02304520266373289,19.062035,0.0,122.8,141.63,0.0,-0.10085818235911867,0.018385236210301987,0.09576919110191147,57.61188839885504,-0.16932237834944447,0.20609285077004846
BA,Industrials,219.56,0.0023282104530053527,-0.018813990407494985,-0.08444185065742404,-0.04750335000297545,0.32153977364179614,52.7,1.14,-0.023960877807384873,87.12698,828.696,218.63,222.95,0.0,0.0,-0.012266992474207324,0.09614351914498137,44.92365544475058,-0.2007082899983708,0.17617430504995615
BKNG,Consumer Discretionary,175.55,0.06432642447741377,-0.028316447939905953,-0.18208219015249238,-0.2324257999942223,0.33651516629262296,56.4,0.91,0.007229386735682741,23.50067,0.0,187.53,168.55,0.0,0.0,0.014360420549354012,0.09574576486786729,55.961174223624724,-0.17330127859166586,0.2020221196903739
BSX,Health Care,42.36,-0.09699422834919402,-0.3362582135238251,-0.5574592554310416,-0.5939806396347368,0.3572297737871999,33.8,0.16,-0.05467531104339074,17.723848,42.25,76.84,49.32,0.0,0.0,0.005740359675912363,0.09578872436451373,52.38932318715905,-0.18200554007853456,0.19348625943035927
BMY,Health Care,57.97,0.026157602779423028,0.009372931594198164,0.06202001937096968,0.28332230293726623,0.2774719526511552,59.9,0.21,0.007473067402397948,16.243698,230.967,54.39,56.3,0.0,0.0,0.0033467803224342383,0.09576114326966977,51.393989639561596,-0.18434506048611848,0.19103862113098696
AVGO,Information Technology,395.63,0.037129695652448724,0.04064335564192434,0.1274165549816726,0.4460405839351902,0.47020262318059025,56.2,2.15,0.01785485193294223,66.048416,74.018,362.67,405.14,0.0,0.0,0.01757832012985788,0.0958072122133986,57.278770970261064,-0.17020381580840335,0.20536045606811912
BR,Industrials,147.21,0.01611794569315994,-0.06561699644047869,-0.3318210139735954,-0.36347264840942173,0.26408415463804263,65.9,0.07,0.0009178928409130371,15.365867,120.878,189.51,146.31,0.0,0.0,0.0033340064845656585,0.09576287600607884,51.38864616074743,-0.18436123048734887,0.1910292434564802
BRO,Financials,68.28,0.13812961818245295,0.02910359867332679,-0.13787307979760866,-0.36204270112895276,0.30051586904275723,71.2,-0.24,-0.0019530178318825087,21.751593,64.37,72.67,60.14,0.0,0.0,-0.0023432785350353366,0.09580799615453459,49.024361508565086,-0.19012695099792312,0.18544039392785247
BF-B,Consumer Staples,25.11,-0.07034430220028653,-0.13286912453839572,-0.03971980699092237,-0.07989696143588065,0.3887279470246208,34.5,0.06,-0.025989141134546867,16.411766,64.95,27.26,26.15,0.0,0.0,0.004114023103198032,0.09580590009066571,51.71258085048434,-0.18366554107450675,0.1918935872809028
BLDR,Industrials,74.11,-0.047061800060411274,-0.15563400427444296,-0.40272405289565893,-0.43440432495782666,0.4940797938839724,46.2,1.59,-0.0012128887007016864,28.28626,132.159,99.41,77.08,0.0,0.0,0.021323542888938306,0.09576689719718286,58.81002800977365,-0.16637957561754008,0.2090266613954167
BG,Consumer Staples,117.18,-0.07859554345443298,-0.0363804547326263,0.1735981037033414,0.6065383460722957,0.3098220268717113,61.7,0.02,0.016879281768303223,30.828949,94.032,109.49,119.9,0.0,0.0,-0.002297559633165247,0.0957800344978427,49.04311395617223,-0.19002642724893692,0.18543130798260643
BXP,Real Estate,67.02,0.02182932848252661,0.23072596053652394,0.026068577482416533,-0.017193872630571594,0.2825962661988435,65.0,0.81,0.0035938584629613413,33.67839,211.994,64.24,62.57,0.0,0.0,0.006822550612896484,0.09575128667387034,52.840173393435585,-0.18084997126788938,0.19449507249368236
CHRW,Industrials,197.82,0.021059160294070844,0.17795667367510526,0.15437839597512992,1.0500725785224976,0.42474606465553216,80.1,0.8,0.04143201106826555,39.48503,96.501,167.88,180.51,0.0,-0.02836207156436904,0.006977857210867939,0.09579708205658052,52.90332706290932,-0.1807844236200299,0.19474013804176576
CDNS,Information Technology,381.81,-0.008182652655872036,0.30591375289915423,0.17295931339717052,0.20258908722362223,0.38965187751647706,52.0,1.56,0.02071860142913584,90.26241,46.992,327.93,374.55,0.0,-0.014301006678039074,0.003133905879670984,0.09579417026669679,51.3049067320528,-0.1846226678430547,0.1908904796023967
CPT,Real Estate,113.57,-0.0031683793119750003,0.12611230666258377,0.07907483072883448,0.03594833849886636,0.20060083958812916,61.6,0.17,-0.0035533110788136257,31.37431,104.147,105.93,109.18,0.0,0.0,-0.0001955804497124214,0.09575119933624467,49.918512502302576,-0.18786793114875197,0.1874767702493271
COF,Financials,206.63,0.11855145164174674,0.03841562316728142,-0.10672819483909546,-0.05056926424590891,0.3213485047159896,59.5,1.38,0.0764782920967102,63.578465,0.0,207.95,191.79,0.0,0.0,0.008536482212218931,0.09577382131061962,53.551137227508704,-0.17918020755659553,0.19625317198103337
CAH,Health Care,230.93,0.033896330936868724,0.0767048237577781,0.1455595944622774,0.44311155994399787,0.3001865124462467,54.2,-0.12,-0.026207027188891563,35.31116,0.0,203.64,212.0,0.0,0.0,-0.004215722550870716,0.09579402702494454,48.24489343944088,-0.191972015519762,0.18354057041802058
CCL,Consumer Discretionary,26.55,-0.0901302618440597,-0.06892237877178398,-0.1510251484746583,-0.0847170182643715,0.4719995852722548,33.0,2.14,0.03549141455048166,11.959459,201.556,28.12,27.27,0.0,0.0,0.033183533546986076,0.09582759798905809,63.54352349170058,-0.15463855851156777,0.22100562560553993
CARR,Industrials,69.34,-0.008153444347875016,0.07619813580427603,0.2619261213830222,-0.08157191165053024,0.3628372259431734,46.2,1.29,0.038957125522063096,46.226665,91.102,60.35,68.0,0.0,0.0,0.011752484390421113,0.0957477635818083,54.88451762571216,-0.17591313222992314,0.19941810101076538
CVNA,Consumer Discretionary,67.81,0.05780034195399386,-0.09402477611170423,-0.27016058732476245,-0.023939108058923853,0.6108228381916984,55.6,2.33,0.021775160963437568,39.14451,121.351,72.93,68.8,0.0,0.0,0.028220782853854643,0.09582390244026232,61.581463400920086,-0.15959406592905948,0.21603563163676878
CASY,Consumer Staples,858.18,-0.041289654543230525,0.15667775897844227,0.42680192533340855,0.6462828374415799,0.32105758136704315,56.2,0.02,0.017886392511591964,44.790188,73.514,671.05,825.98,0.0,-0.12886014078486355,0.0006309075443839982,0.09578817361432923,50.2627609079055,-0.1871139127397013,0.18837572782846929
CAT,Industrials,939.0,0.03122219318350372,0.18449816045484124,0.49735432535637236,1.339163944408925,0.37757142595623716,44.3,1.7,-0.009577268718008791,46.66948,230.793,711.34,929.06,0.0,-0.17003513908236054,0.023754874116526815,0.09579496353220933,59.79236017274761,-0.16400325440660346,0.2115130026396571
CBOE,Financials,277.65,-0.05852636245395226,-0.07487297347067623,0.05663129400484257,0.1820603734558437,0.3105721988219396,62.7,-0.25,0.04781486295134152,23.710503,29.489,275.88,300.76,0.0,0.0,-0.002845912854965369,0.09580882465850006,48.81515295666306,-0.1906312091856255,0.18493938347569475
CBRE,Real Estate,135.83,0.01813955552444546,-0.07642622515401964,-0.18528070515520456,-0.03680330651088892,0.30898659999117223,54.7,0.8,-0.02936973373337226,31.011415,113.689,148.92,135.14,0.0,0.0,0.00896537890720974,0.09573593907586536,53.73051944832358,-0.17867706168148637,0.19660781949590586
CDW,Information Technology,140.49,0.06275057126670447,0.08672725165266648,0.06390114902814759,-0.19414710530335155,0.415570355687045,63.0,0.81,0.020076963150889027,17.101095,240.522,134.22,125.38,0.0,0.0,0.011827515732357269,0.09576695623365813,54.9145639187097,-0.17587571848561268,0.1995307499503272
COR,Health Care,303.14,0.07620618210890129,-0.050224527738288005,-0.11049405584320326,0.02815427518490088,0.30502720829958474,70.8,-0.13,-0.02078688957698105,23.24655,420.985,324.66,278.31,0.0,0.0,-0.005964238735751429,0.09584797441494565,47.51914176678409,-0.1938262685890449,0.18189779111754206
CNC,Health Care,68.83,0.055836773329163814,0.8472894506620692,0.4837249997121915,1.246410026179979,0.5065660355176715,70.0,0.33,0.025935394069791506,26.3790305,76.049,44.62,61.59,0.0,-0.39241246100393934,0.024103673653992262,0.0959347269884729,59.918988133371684,-0.1639283912434146,0.21213573855139914
CNP,Utilities,44.28,0.03216776700078916,0.037818750059791295,0.18183724892005237,0.25039369230545505,0.16604530727281192,55.6,-0.15,0.005221329085582038,26.830303,215.591,41.07,42.88,0.0,0.0,-0.004774836455927318,0.09577159987266994,48.011837237094426,-0.19248717220636039,0.18293749929450573
CF,Materials,119.43,0.09088414909709663,0.008049687402721828,0.492236313192977,0.252357601478707,0.4173923757142041,81.9,-0.77,0.020594802010295288,10.7594595,43.847,100.78,114.91,0.0,-0.0350071767715156,-0.00484402431686108,0.09600140483708448,47.98787694080997,-0.19300677779754666,0.18331872916382452
CRL,Health Care,229.7,0.22500135287384992,0.2810216946948667,0.04972118298078154,0.45342955395074136,0.4605998493420026,82.7,1.36,0.025629532337478667,26.3790305,102.551,182.74,188.79,-0.06672027605283598,-0.10699636936673093,0.019360340476757144,0.09580473489012653,58.00733966664683,-0.16841693990789086,0.20713762086140514
SCHW,Financials,101.94,0.1190450208820133,0.039955379344836395,0.00742199080014827,0.11368052944047502,0.25220223867038866,72.8,0.53,0.0024090732933523817,20.268389,120.766,94.94,91.97,0.0,0.0,0.0078431404566778,0.09575398813538358,53.2640573527733,-0.179834676288674,0.1955209572020296
CHTR,Communication Services,131.42,-0.0987519437113743,-0.390360468971508,-0.36410703375768083,-0.6711293436440866,0.5051843780977896,49.6,0.26,-0.01587535737436374,3.556698,459.525,201.99,141.17,0.0,0.0,0.006160316279755235,0.09590885352303745,52.560683107717395,-0.18182103662539814,0.19414166918490863
CVX,Energy,181.56,-0.030231832203852615,-0.020302994524137863,0.13967779651797563,0.24737378517318453,0.2274647537821922,58.0,-0.38,0.03176675739678836,31.685863,23.989,172.94,181.9,0.0,0.0,-0.007084180439842769,0.09579656036709086,47.052498224157674,-0.19484543875934085,0.1806770778796553
CMG,Consumer Discretionary,36.55,0.13403660428735042,0.04667815445548351,-0.09395143532948669,-0.3332725384799412,0.39485033814830023,75.1,0.85,0.09332931209700623,33.536697,217.885,35.36,32.43,0.0,0.0,0.00749294826487484,0.09577306551495775,53.118003102704805,-0.18022226014444234,0.19520815667419203
CB,Financials,351.82,0.07216429456538997,0.08343382846608582,0.1543916082683663,0.2632388770881742,0.1833644485133059,63.8,-0.29,-0.009208902101990657,12.444995,31.458,313.7,329.65,0.0,0.0,-0.00020041168200178903,0.09578349728580579,49.91652775544307,-0.18793606636218116,0.18753524299817756
CHD,Consumer Staples,94.83,-0.027982736734894376,-0.00408667494300341,0.10124085817976392,-0.01027920912843261,0.2273466688091938,45.5,-0.14,-0.013933621331016388,30.990198,56.794,92.33,96.04,0.0,0.0,-0.0034818413106571648,0.0957700850548717,48.5499148621213,-0.19119120801820566,0.18422752539689136
CIEN,Information Technology,465.44,0.04363422345328982,-0.003745799334007538,0.986852272498556,4.7165317232705535,0.6892577779565822,51.3,2.55,0.05549130587787077,156.18791,54.649,334.72,509.06,0.0,-0.2405314335460814,0.006079369888788908,0.09610347359880506,52.521970353020905,-0.182283438364869,0.1944421781424468
CI,Health Care,299.67,0.0056040719051488885,0.10567412588955905,0.09799012393497741,0.01072026111028479,0.33285794588146084,64.0,0.29,0.034307810942910244,12.241423,72.805,280.42,285.36,0.0,0.0,0.007838460710429302,0.09576476466378037,53.26174787316433,-0.17986047803058022,0.1955373994514388
CINF,Financials,181.68,0.08085727614540006,0.11830836907750908,0.12298448440395204,0.24447104352269533,0.20835926239902977,56.6,0.12,0.0006057462528274993,10.38765,5.626,164.11,169.49,0.0,0.0,0.0067043336096164925,0.09576059528288823,52.79077081099257,-0.18098643314484442,0.19439510036407742
CTAS,Industrials,181.9,0.03188107077436375,0.03550917117644414,-0.05292393200690226,-0.15340609407100814,0.21344248112139205,66.1,0.33,0.009602018899488751,38.37342,60.943,184.61,173.14,0.0,0.0,0.0005163486727749875,0.09575330211906055,50.21512816174495,-0.1871601234805837,0.18819282082613364
CSCO,Information Technology,119.39,-0.010432435601091972,0.4506311099641047,0.6279690041964554,0.7968465164430429,0.32073811451290546,47.9,1.08,0.048936915390604296,39.662792,67.541,86.37,114.54,0.0,-0.23226465395218335,0.02275387076621761,0.0957825829281188,59.388784078975895,-0.16497999177289524,0.21048773330533044
C,Financials,141.79,0.013981275873948373,0.09936486155690383,0.2166375710461892,0.6571365490123904,0.28340776177643884,43.5,1.35,0.0319892589852655,17.533993,0.0,116.49,133.69,0.0,-0.06710656527711314,0.02552967208522946,0.09577584505604109,60.50946661200693,-0.16219098422461106,0.21325032839507
CFG,Financials,70.85,0.047302245026824785,0.10004172042623538,0.19370073861627168,0.5276005474157028,0.26365399091229735,57.8,1.05,0.033401414776455196,16.7891,0.0,60.09,65.78,0.0,-0.029119654004864437,0.01930501268658486,0.09575856159417734,57.98856311976844,-0.16838176803800273,0.20699179341117244
CLX,Consumer Staples,93.82,-0.03098533370642398,-0.09036153490522425,-0.10212262434059305,-0.2303870077507193,0.2918611585494438,53.0,0.16,-0.0009584065996738333,15.253658,4876.087,105.99,93.66,0.0,0.0,-0.05461692686391338,0.10916923107291798,30.843334401752877,-0.2685886197668326,0.15935476603900584
CME,Financials,245.95,-0.08750414262566208,-0.16769285981694482,-0.04471967245740749,-0.07776856209213157,0.22661830219595744,53.0,-0.28,0.011827868158843513,20.971416,14.059,279.59,262.09,0.0,0.0,-0.001958580197637208,0.0957833556983588,49.18429877769797,-0.18969395736642045,0.18577679697114605
CMS,Utilities,75.58,0.027388873154911675,-0.03359487620999668,0.09866944146838863,0.10403772443178494,0.16802294146574043,51.0,-0.14,-0.007940718434795602,20.833332,189.842,74.0,74.06,0.0,0.0,-0.002288249659694571,0.09576658493267715,49.04685681210768,-0.18999075612774177,0.18541425680835263
KO,Consumer Staples,83.85,0.02137893980511163,0.11180937275122482,0.20519948237668073,0.2411049061881374,0.17297057622553297,64.0,-0.3,0.0053357276580641155,26.366352,124.943,74.83,80.49,0.0,0.0,-0.005762085886018256,0.09577803131675024,47.601377104666085,-0.19348702726684872,0.1819628554948122
CTSH,Information Technology,42.89,-0.17787999051188164,-0.2806057897019385,-0.4906462268377766,-0.41907290215643567,0.3626885012447342,55.5,0.38,0.010841364156590538,9.303687,7.247,65.48,48.18,0.0,0.0,0.011314135970881647,0.0957712830188536,54.70204626941177,-0.1763975787460714,0.1990258506878347
COHR,Information Technology,315.91,-0.17951846696705775,0.007944579566387944,0.7059618541794317,2.3422557647253495,0.7693600900465086,33.1,3.1,-0.0035955974601827867,158.1725,31.093,243.18,368.37,0.0,-0.1490796345639371,0.010724300073126268,0.09604844441933003,54.44515649860715,-0.17753065098876059,0.19897925113501314
COIN,Financials,157.84,-0.012141710202952072,-0.14408116043911812,-0.350399213460842,-0.5994010496540912,0.674936944422139,49.7,3.05,-0.009538179384031675,58.03309,59.081,225.87,174.05,0.0,0.0,0.03394681244883438,0.09590857732401523,63.831171126606456,-0.15403399910623547,0.22192762400390423
CL,Consumer Staples,92.01,0.02861939938879554,0.10006916060804416,0.13693086216401906,0.0617395172686348,0.2217135871979939,51.6,-0.15,-0.011070494079552184,35.662792,1640.535,85.13,89.83,0.0,0.0,-0.025020312399118148,0.09723519267244128,39.84668591014569,-0.21560129003710304,0.16556066523886676
CMCSA,Communication Services,23.61,-0.023043240530813747,-0.14941572562505034,-0.15699872157809358,-0.2587989331103333,0.29126024342603274,62.8,0.12,0.018270820305473556,4.5493255,106.858,27.36,24.06,0.0,0.0,0.007533952610167281,0.09576626010165938,53.135253289541765,-0.1801679171890851,0.19523582240941967
FIX,Industrials,1776.91,-0.05363465088082797,0.07702082270967803,0.713117944221654,2.280026724396772,0.5717726735244691,43.4,2.52,0.05458063259742718,51.296337,45.489,1335.4,1881.42,0.0,-0.18061462277371307,0.03634022214868485,0.09583761666857633,64.77248926175409,-0.15150150652172475,0.22418195081909445
COP,Energy,110.8,-0.05282954460446665,-0.06032972106124901,0.177927715838905,0.21559419509116085,0.2978169669650121,51.6,-0.35,0.0007225598823397128,18.779661,36.143,106.17,114.33,0.0,0.0,-0.002652539149066236,0.09581124786898985,48.895667391424794,-0.19044258497228636,0.18513750667415388
ED,Utilities,112.22,0.041627999807671845,0.013478710033384411,0.15404304655869017,0.14795083406496934,0.16855852547340353,60.6,-0.44,0.0012044084275237843,18.918213,106.177,105.45,108.02,0.0,0.0,-0.005098776250881255,0.09578567541033062,47.877389081865566,-0.19283870005512926,0.18264114755336675
STZ,Consumer Staples,131.23,-0.11635579704032295,-0.19692614200501946,-0.1241901449650823,-0.1810002831167834,0.30740561858683757,30.0,0.05,0.006828290736952569,12.486203,123.205,145.8,141.98,0.0,0.0,0.004517276991373671,0.09578400524181788,51.880757608331706,-0.18321937328258936,0.1922539272653367
CEG,Utilities,261.38,0.030008691905764273,-0.11742322092438162,-0.21952030321272298,-0.1939964862245378,0.4686935806314964,43.9,1.43,0.06893094811481393,22.708513,66.428,314.42,271.28,0.0,0.0,0.021448436225587123,0.09576012721761722,58.861390414163765,-0.16624141312094262,0.20913828557211686
COO,Health Care,68.92,0.01532116908674408,-0.037564619724600234,-0.1719332525630154,-0.06371420190895516,0.310038790664604,58.0,0.57,-0.009912403898235889,58.40678,33.093,72.91,65.23,0.0,0.0,-0.0016804496149041262,0.09575388141320754,49.299905152495015,-0.1893580571847909,0.18599715795498264
CPRT,Industrials,27.5,-0.10585363124444236,-0.17407629669337144,-0.31124744237532576,-0.41661361731148916,0.26157575137160244,37.9,0.26,-0.03830008071040092,17.07764,1.059,37.01,31.2,0.0,0.0,0.007561426391322018,0.095763377551074,53.14675732369408,-0.18013479360878304,0.19525764639142706
GLW,Information Technology,191.16,0.0667689539154761,0.10784615248571883,1.1826961221664187,2.6380777109030698,0.6500529344210805,49.2,2.65,0.03877082298627177,91.387566,80.363,130.49,191.87,0.0,-0.31501178880756564,0.032350175977080675,0.09587660728406588,63.209784485613376,-0.15556797429968847,0.22026832625384982
CPAY,Financials,359.45,0.009379200227062956,0.12159885136288762,0.08683820719822832,0.1012898559234523,0.37326452448921044,61.3,1.04,0.03932342305480563,21.032768,271.343,314.99,343.85,0.0,0.0,0.013267081730167295,0.09576151062034272,55.50943343111192,-0.1744254790857044,0.200959642546039
CTVA,Materials,85.39,0.1214867359357712,0.03178782940315217,0.2524385496237449,0.17929359581962379,0.2349177087899319,70.0,0.24,0.0024653567001677867,46.156757,13.64,73.67,80.51,0.0,-0.009052416474974373,-0.0023392570733224063,0.09576722986481113,49.0256210202782,-0.19004302760835223,0.1853645134617074
CSGP,Real Estate,27.54,-0.16138852656621838,-0.2675531374161553,-0.535581766107077,-0.678421285476373,0.4073913226404685,39.0,0.24,-0.06134966692908417,393.4286,14.35,52.47,31.89,0.0,0.0,-0.10755132574405209,0.0975931002933794,13.52225297389965,-0.2988338023190757,0.08373115083097153
COST,Consumer Staples,926.26,-0.05709774236707932,-0.04841603157064012,-0.015066278945624623,-0.05039800346255374,0.19569113494235008,39.6,-0.11,-0.028191322253558915,46.08259,60.257,956.73,982.29,0.0,0.0,-0.007603905660616083,0.09577823915251993,46.83609153307317,-0.19532925439955515,0.18012144307832298
CRH,Materials,104.19,-0.02150639409590349,-0.10936966952080629,-0.20126904271777835,0.10646655882654388,0.3221565628598528,36.7,1.35,0.012044735599044953,19.330242,83.227,115.11,107.18,0.0,0.0,0.020925617187905105,0.09576486703402766,58.64842629634308,-0.1667735221987891,0.20862475657459933
CRWD,Information Technology,206.26,0.208318677178277,1.0704158153184475,0.7667187633149675,0.7326220981927989,0.4676328632673006,72.8,1.47,0.07921724453982515,40.794052,17.568,127.84,166.61,-0.08795896248401583,-0.46341339418535943,0.03523566424976614,0.09584914496862434,64.34201501632198,-0.15262865988873758,0.22309998838826983
CCI,Real Estate,78.54,-0.13784214373095682,-0.07897903545409946,-0.053422737653130214,-0.20265187469923418,0.29059760723019323,38.2,0.07,0.02132638955925814,33.0,0.0,88.38,86.09,0.0,0.0,-8.904558279857852e-05,0.09577567239720114,49.96290911684108,-0.1878093634813128,0.18763127231571566
CSX,Industrials,50.04,0.0520285577044135,0.18086120353547375,0.4299753844470209,0.49358171798040007,0.224174820678036,83.5,0.57,0.027829114406527022,30.70552,143.06,40.22,46.61,0.0,-0.09413756661513067,0.009443516450646111,0.09578150135178277,53.92698284554023,-0.17828822619884813,0.19717525910014036
CMI,Industrials,670.57,0.016662103080175683,0.09278729406456776,0.2005721027721863,1.0025530839876593,0.35506161654258706,43.7,1.65,0.002032225021905143,35.38701,61.621,563.72,678.09,0.0,-0.03955206434338035,0.021899420560920643,0.09577528619537443,59.043114900996144,-0.16582014038201323,0.20961898150385452
CVS,Health Care,106.0,0.03962339105339008,0.3776136707634259,0.34158998556791786,0.7072237666981418,0.30990859500127727,64.2,0.1,0.014645340876991098,45.693966,100.912,82.45,96.81,0.0,-0.13564714443821155,0.0012914681109081761,0.09578335862232976,50.5378863615792,-0.18644391478885813,0.1890268510106745
DHR,Health Care,198.12,0.10230988441918121,-0.0004228911527598411,-0.1675765922704312,0.00923672870761827,0.2896146748075756,69.3,0.6,0.0385018664161314,38.27027,37.17,204.09,180.69,0.0,0.0,0.004552731979590479,0.09575165996107421,51.896147966696574,-0.18312052154411498,0.19222598550329592
DRI,Consumer Discretionary,195.48,-0.06813731655216149,-0.004641853397334916,-0.05177098425845228,-0.037232729396378894,0.25587939370011425,32.5,0.28,-0.020084517192839657,18.724138,362.378,195.97,200.34,0.0,0.0,0.002661412540839306,0.09579909916296173,51.10816640009307,-0.1851048218185657,0.19042764690024427
DDOG,Information Technology,266.99,0.16133100183809002,1.4146693585174424,1.1094255422147477,0.9235589651595022,0.6444358239926734,75.5,1.18,0.022597548658466637,684.5897,32.221,159.78,226.08,-0.030958827077504025,-0.5209620360363983,-0.15922891244781437,0.10142609727935578,5.82190943691473,-0.35802406311535173,0.039566238219722966
DVA,Health Care,234.7,0.12479628500486517,0.5704249029160164,1.1316984577743496,0.6365664246214138,0.42906446502322915,81.3,0.08,0.017250328131421355,22.589027,1261.331,149.21,204.19,0.0,-0.42297510080406175,0.008668807531140318,0.0967974039667294,53.56800535236563,-0.1810541042436493,0.19839171930592994
DECK,Consumer Discretionary,107.06,-0.059474691764557,-0.006956683211057357,0.05156664498472763,0.08822932046660759,0.45976228444123723,55.8,1.13,0.04734881901870258,15.250712,15.01,102.16,104.81,0.0,0.0,0.019709856037171177,0.09576711608049851,58.15304407604833,-0.1679936914806059,0.20741340355494825
DE,Industrials,584.26,0.014363081717313486,-0.017223028553717157,0.19714646282424053,0.16541974976845353,0.30866401914429,48.0,0.59,-0.02091359833928408,33.119118,376.022,537.66,580.17,0.0,0.0,0.002074591522563447,0.09578409130939226,50.864003151655545,-0.1856622274438454,0.1898114104889723
DELL,Information Technology,460.53,0.1642186977078759,1.503685186948744,2.851381582431409,2.72031872568892,0.6747963934229151,57.4,1.95,0.06611569664070682,36.683914,0.0,195.69,354.18,-0.15026150756693438,-1.2034138363711615,0.07818912116858998,0.09652120933563008,79.10505785060812,-0.11099244912924497,0.2673706914664249
DAL,Industrials,85.96,0.0374095823904641,0.20496295739348902,0.21963366261283834,0.5006229900338244,0.39871453806578133,48.5,1.75,-0.012862505744497876,14.250414,96.649,68.94,80.65,0.0,-0.09676092130277394,0.032664078130989274,0.09577585931826038,63.3465934158979,-0.1550566061328011,0.2203847623947796
DVN,Energy,42.95,-0.04535902964415639,-0.04409317146762404,0.21726494519664796,0.32725248539319796,0.3392038441672414,47.8,-0.35,-0.008328388437107703,11.9635935,56.404,41.18,44.77,0.0,0.0,-0.0007841606427082245,0.09583160782164392,49.67356141559497,-0.1886141119731303,0.18704579068771385
DXCM,Health Care,73.9,-0.019503796830759534,0.17394758745397887,0.0411383210882883,-0.13395054564520104,0.4025840428754329,62.6,0.72,-0.002160356980679845,31.16878,46.833,67.19,69.54,0.0,0.0,0.008636230141694146,0.09575673727449603,53.59315941852025,-0.17904697491631807,0.19631943519970638
FANG,Energy,189.4,-0.014209186056041934,0.02108033227324846,0.29831970217295267,0.3686086345104105,0.3129409900946367,51.5,-0.17,0.015005293147822618,193.26529,32.594,170.01,192.41,0.0,0.0,-0.05346512797847878,0.0961780787804108,28.914055456925304,-0.24197416238808395,0.1350439064311264
DLR,Real Estate,175.62,-0.04019562738700022,-0.09701231940948551,0.12750826840311125,0.05712963389028047,0.2394763716179115,22.1,0.76,-0.003828718321460478,46.58488,76.592,175.4,187.12,0.0,0.0,0.004603294159463805,0.0957850907069811,51.9165216448766,-0.18313548362621915,0.19234207194514677
DG,Consumer Staples,121.64,0.06498602504583784,0.02232959033969073,-0.17479412809604922,0.08497477560585298,0.359047161424371,63.3,0.5,0.05958184804931399,17.212872,178.649,121.68,110.99,0.0,0.0,0.007944134939378905,0.09575780939046598,53.305860582065336,-0.1797411714659344,0.1956294413446922
DLTR,Consumer Staples,125.47,0.10065788135193943,0.2463991333698825,-0.08572578365008143,0.15506767602512395,0.40895697591300295,68.5,0.74,0.015087758713378419,20.14045,216.518,111.07,107.91,-0.012807918085040032,0.0,0.009089926627232993,0.0957723829824712,53.78075471915733,-0.17862394401841059,0.19680379727287656
D,Utilities,71.42,0.05168597139679365,0.13224203265435475,0.24856795961437372,0.30374560284203556,0.20584305412436002,68.1,-0.09,0.022330339893564144,21.061947,154.901,62.57,66.61,0.0,0.0,-0.0016467117152468356,0.09577030853674068,49.31407701636365,-0.18935651644725857,0.1860630930167649
DPZ,Consumer Discretionary,305.92,-0.049597769824905824,-0.16619373936017534,-0.25623026927750336,-0.3406707530910611,0.278698836974235,63.9,0.12,0.011823984181528857,17.601267,0.0,378.8,309.23,0.0,0.0,0.004904452565687455,0.0957692416667058,52.04213646470611,-0.18280326110105594,0.19261216623243083
DASH,Consumer Discretionary,188.0,0.24850576247787015,0.14949554565587264,-0.1250523373565161,-0.22585960356177892,0.460696881734128,67.3,1.41,-0.007129686083968689,89.952156,32.194,196.95,168.38,0.0,0.0,0.0006124534371998445,0.09580265604999137,50.25503667298339,-0.18716075242078323,0.18838565929518292
DOV,Industrials,213.7,-0.01715492734758539,-0.019479154246832442,0.05542545422154199,0.1431204439587026,0.24927776071219176,35.8,0.89,0.010545210737534783,26.745934,43.927,203.76,216.96,0.0,0.0,0.012589082973012524,0.09575776457167932,55.229745531010366,-0.17509613558747894,0.200274301533504
DOW,Materials,30.35,-0.103397289525055,-0.21709357124975792,0.170631921551877,0.13053266572437505,0.4886575668299614,50.1,0.24,0.045470191650097025,31.7120835,117.133,29.99,33.59,0.0,0.0,0.0009789216122704969,0.09582764038479395,50.40753004718389,-0.18684325354192563,0.18880109676646664
DHI,Consumer Discretionary,149.27,-0.03128749959647237,0.030778404423507322,-0.05987352266844237,0.10950616390612011,0.39250963293741287,41.2,0.79,0.005110168748794663,14.029032,27.453,151.39,149.85,0.0,0.0,0.015337251626015737,0.09575679362932207,56.362595066861445,-0.17234606388745552,0.203020567139487
DTE,Utilities,149.95,0.025256336958426884,0.023035659743035675,0.16898003337624012,0.1550025251774354,0.16730838314188426,51.6,-0.01,-0.00951187295866196,24.62233,218.787,141.18,145.67,0.0,0.0,-0.002023821570619766,0.0957650713857722,49.156970399866864,-0.18972336148673327,0.18567571834549376
DUK,Utilities,127.01,0.016323924906783027,-0.012886908167845545,0.10700555037026849,0.11462933277126885,0.154606471449391,54.8,-0.29,0.0017351622297858693,19.54,161.495,124.46,124.77,0.0,0.0,-0.0037463941472607883,0.09577299512745238,48.43983792631648,-0.19146146459706748,0.18396867630254587
DD,Materials,133.8,-0.07580471194951421,-0.0407314601965173,0.035191005298937705,0.45032736398742257,0.3095167041302322,33.9,1.22,-0.023107311942138442,117.3728,22.594,129.98,142.14,0.0,0.0,-0.010294596021005041,0.09586160856505845,45.72397197654771,-0.1981833488085196,0.1775941567665095
ETN,Industrials,411.89,0.05236463463585528,0.02767664704763506,0.2589217222595328,0.1564709997287188,0.35642906249555684,52.3,1.68,0.030846461813845316,40.74481,110.463,372.36,404.87,0.0,0.0,0.018390196094519612,0.09577195680963849,57.61369960004868,-0.16932283925237182,0.20610323144141104
EBAY,Consumer Discretionary,112.73,0.03793391698212867,0.1259215802308682,0.21565301825419492,0.4707895067684251,0.39038914510071476,59.7,0.78,-0.02186548063398186,26.04157,163.327,95.08,110.81,0.0,-0.03568930331088019,0.011115327702213585,0.09574784167454002,54.620923057430794,-0.17655044197988487,0.19878109738431202
ECHO,Communication Services,95.81,-0.1601946110847985,-0.2656932673503084,-0.2400650389697031,2.2031093545279665,0.934784851892074,35.1,1.63,-0.0049335114265002256,22.651226,515.06,104.71,116.43,0.0,0.0,0.017676072200565548,0.09625929021033791,57.28480500058348,-0.17099213661169674,0.20634428101282784
ECL,Materials,270.85,0.023277830154253554,-0.005644999920453531,0.00485625465831685,0.02053098073720694,0.214037624862053,52.7,0.56,-0.011929042287754044,36.650883,92.369,270.82,262.93,0.0,0.0,0.004030019214803148,0.09574494640290258,51.67870003608621,-0.1836300757348859,0.1916901141644922
EIX,Utilities,76.68,0.06367821373493077,0.07220282305061088,0.3090895924688175,0.5877371869823715,0.24060269190899147,68.1,0.15,0.025474709954452113,8.335326,226.101,65.41,71.23,0.0,-0.022375113550671677,0.00576104047814416,0.09577171054214954,52.398346326522685,-0.18195151218446895,0.19347359314075727
EW,Health Care,89.58,0.052578997086469625,0.14558826829323013,0.07920728561663859,0.14441748187872583,0.24770895996334702,57.7,0.58,-0.04330414706969821,48.424324,6.806,83.01,86.68,0.0,0.0,0.001637100864411025,0.09575109705332094,50.6820568680426,-0.18603504936009801,0.18930925108892005
EA,Communication Services,206.7,0.01687407194218249,0.019942972965240058,0.013910393084300754,0.39430158117978276,0.20544482788912624,78.4,0.12,0.008833996602984895,58.88889,27.41,201.84,202.82,0.0,0.0,-0.008913202270464913,0.09579605863210627,46.293449453887405,-0.1966734771893932,0.1788470726484634
ELV,Health Care,423.98,0.049273648875735265,0.35856133660830625,0.14230309833270183,0.27293291908199513,0.38021193250134194,63.9,0.31,0.018986792609623437,17.589174,72.299,348.06,396.69,0.0,-0.06811620418684008,0.00998207066074735,0.09577533604522911,54.15041313593883,-0.1777375879879017,0.19770172930939642
EME,Industrials,773.82,-0.05982016412343005,-0.04910415112708166,0.17257623021595503,0.3922674388341407,0.4006135452245097,37.0,1.79,0.006287578474681421,26.010588,13.355,738.53,845.31,0.0,0.0,0.025834315256228008,0.09578684977564093,60.630688692925474,-0.1619079103040282,0.21357654081648422
EMR,Industrials,135.21,-0.05497312567644419,-0.06093368306705882,-0.06251302683151694,-0.017839031831353047,0.31138278642971134,34.9,1.59,-0.009341983707485624,32.115204,69.182,138.73,140.19,0.0,0.0,0.02068536149950852,0.09578719896133607,58.54871104575095,-0.16705754846471016,0.20842827146372722
ETR,Utilities,116.13,0.04518042134362754,0.010329509233813372,0.2570229117323528,0.4386066902518635,0.20060288999701661,57.9,0.19,0.015655072353139232,29.624998,192.883,102.86,112.32,0.0,0.0,-0.0006939951107214202,0.09575623260992042,49.71086835734086,-0.18837621102616542,0.1869882208047226
EOG,Energy,137.33,0.004976274898961464,0.035977895139235105,0.3250716638226889,0.1600680388334097,0.2660198083792573,54.0,-0.42,-0.0018896323406931703,13.516732,26.873,121.84,135.86,0.0,0.0,-0.0019558756136047973,0.09581020412963823,49.185653247502806,-0.1897438757076957,0.1858321244804861
EQT,Energy,49.21,-0.05256063947665346,-0.12980662370914786,-0.05104951222506682,-0.1457345086517179,0.32070093794980714,36.9,0.11,-0.03811573042915273,9.18097,20.816,56.64,54.0,0.0,0.0,0.0075078035823592775,0.09578193928304148,53.12388328373886,-0.18022479741240202,0.19524040457712058
EFX,Industrials,168.18,0.027273814396053142,-0.0948107766095162,-0.23658764519981546,-0.34794294256629477,0.3765704532991894,64.9,0.66,0.006493546816968454,29.609154,113.353,196.63,165.17,0.0,0.0,0.0075119439754792764,0.09575255450791702,53.126559736807266,-0.18016306286003808,0.19518695081099663
EQIX,Real Estate,1025.41,-0.02882979789752571,-0.0254294294322166,0.32178976387616953,0.3795467831179187,0.22929195821887288,29.1,0.42,0.009291675688041456,70.96263,162.961,914.37,1064.3,0.0,0.0,-0.009080722833946045,0.095797811858021,46.22406149510919,-0.19684443407566718,0.1786829884077751
EQR,Real Estate,69.21,0.03844558261632858,0.13964997523836375,0.17450749042843317,0.07925675599308302,0.20348214000587744,70.6,0.2,0.013175253374982487,27.684,78.42,62.9,66.24,0.0,0.0,0.0014748158325385934,0.09575848972611195,50.61440310252614,-0.18621182403064085,0.18916145569571802
ERIE,Financials,237.98,0.055904110104692206,-0.0404450425738585,-0.14726687023448348,-0.2993870321533647,0.3224511302201619,63.0,-0.24,-0.0532304457762699,22.199625,2.108,266.44,225.43,0.0,0.0,-0.0015635990193125422,0.09581484273136102,49.34899640271067,-0.18936069077278014,0.18623349273415504
ESS,Real Estate,297.2,0.05664878288434361,0.19252282500797624,0.2118014214260886,0.08613460701570697,0.212248734406477,75.8,0.23,0.019274387453107167,33.43082,121.856,261.55,278.18,0.0,0.0,-0.0004976100553347878,0.09576567363211808,49.79270568526123,-0.1881983303742862,0.18720311026361666
EL,Consumer Staples,81.72,-0.08876002517155712,0.07348830049322785,-0.27186893972105997,-0.07446920381068445,0.4658943326110049,43.9,1.46,-0.0009780174580686918,25.292253,232.908,92.74,83.58,0.0,0.0,0.018915594756955676,0.09576773250766443,57.82878547592294,-0.16878916095806662,0.20662035047197796
EG,Financials,374.29,0.1027991021681598,0.1034157234874915,0.15378645336066743,0.11092336166060401,0.2364709380904617,77.6,0.06,0.008079937329197096,7.6183596,23.471,335.72,347.2,0.0,0.0,0.006196180498817822,0.09578575585953829,52.57887560590423,-0.18154390098587722,0.19393626198351285
EVRG,Utilities,86.45,0.03100773430453363,0.06413915507089607,0.19832649311028372,0.30727325860227617,0.1594331562150451,57.3,-0.05,0.006285569352978415,22.99202,155.555,79.36,83.51,0.0,0.0,-0.0015220688291772233,0.09576191598446385,49.3659357818958,-0.18921542415872636,0.18617128650037193
ES,Utilities,74.97,0.09149797363999301,0.09933343886145973,0.11515780868502667,0.19926890299998368,0.2490312588084868,67.3,0.13,0.015921346528119162,16.057816,181.822,70.2,70.04,0.0,0.0,0.00277623864819951,0.095761969004872,51.156412990907526,-0.1849172206013496,0.19046969789774862
EXC,Utilities,47.12,0.019692704294337116,-0.022541436184283947,0.11819105836412858,0.12411129299929491,0.18770467104334215,53.5,-0.21,-0.0033840916147013234,17.130909,174.794,46.12,45.6,0.0,0.0,-0.00199707874810466,0.09576894216924695,49.16814220434297,-0.18970420539982866,0.18571004790361936
EXE,Energy,86.3,-0.02793417167873835,-0.09267497679050785,-0.15114729863083598,-0.18716005507600908,0.31453605061843215,41.6,0.03,-0.04217531061839841,6.4222474,25.883,103.68,92.19,0.0,0.0,0.007091491326001505,0.09578339671395153,52.95094280970601,-0.18064396623334347,0.1948269488853465
EXPE,Consumer Discretionary,268.82,0.19533997978476747,0.08376206825256083,-0.07393686698247892,0.476011096021133,0.4798505845642118,62.1,1.23,0.03269182837939,23.74735,256.536,243.73,239.05,0.0,0.0,0.015135574491870956,0.09578160810910266,56.27801583095404,-0.17259637740197026,0.20286752638571215
EXPD,Industrials,177.54,0.06550839553947352,0.23145324055027583,0.10755901176427574,0.5601860782204096,0.30451954021083627,80.1,0.5,0.08015942445140167,28.63468,24.708,147.63,160.36,0.0,-0.05256480994829224,0.008463440002172001,0.0957748204234876,53.520794723991294,-0.17925520802786368,0.19618208803220769
EXR,Real Estate,145.81,-0.021278112457820186,0.04218015123046537,0.062222315596546895,0.01430543914934157,0.24988310528252866,46.3,0.37,0.012639711063252124,32.766293,98.092,140.26,143.77,0.0,0.0,0.0026339830650155926,0.09574316264349683,51.09738872811024,-0.1850226157162382,0.19029058184626937
XOM,Energy,144.58,-0.016529438586355805,-0.024649357079587486,0.18142027609628864,0.3095914925711756,0.25026191687349625,60.0,-0.44,0.024445524189607326,24.348486,18.261,136.46,146.25,0.0,0.0,-0.005674289507609779,0.09581131240686583,47.638701181876165,-0.1934644618250668,0.18211588280984722
FFIV,Information Technology,431.2,0.08846168867679682,0.4607709712589527,0.5937499647518361,0.4659357318362307,0.34062009916308145,69.7,1.04,0.02878506346846388,35.431797,7.12,305.78,388.39,0.0,-0.26018555097250207,0.02554756053540055,0.09580777268332386,60.513235229116326,-0.1622356739239142,0.2133307949947153
FDS,Financials,250.46,0.03854286792087036,0.12581988768289798,-0.1480003637674724,-0.4210846920040665,0.4477870178929247,63.9,0.06,0.010632694814622479,16.499012,77.284,249.42,233.7,0.0,0.0,0.003659247730218303,0.09583778218379918,51.522858708441056,-0.1841828053500281,0.1915013008104647
FICO,Information Technology,1232.88,0.04553131059830284,0.223969471273461,-0.24423931650026054,-0.2030613765060536,0.5005557934914584,68.5,0.71,-0.02622263389693924,39.052265,0.0,1405.3,1181.54,0.0,0.0,0.006706465114588852,0.09581119416536861,52.79018473387577,-0.1810834754495336,0.19449640567871132
FAST,Industrials,45.19,-0.02968648709220134,0.018114859575544928,0.0954343861488256,0.02360667948735129,0.25438755312895095,47.5,0.55,-0.02843471015394372,39.64035,11.167,44.33,45.53,0.0,0.0,0.004131016775481247,0.09574649044087313,51.72071694567819,-0.18353210448863008,0.19179413803959258
FRT,Real Estate,122.65,-0.016344992865188646,0.12315708679703397,0.2290203734296734,0.3473728419568174,0.1730490563330867,50.4,0.27,0.01843395511980006,21.219723,138.432,106.8,119.14,0.0,0.0,0.003860978741835878,0.09575248892868501,51.608198788707405,-0.18381389955838673,0.1915358570420585
FDX,Industrials,314.9,-0.06568775278354466,0.05977253542817351,0.2626779662489498,0.7027529206331342,0.29183690406718993,48.1,0.99,0.0166095972735949,17.040314,135.694,267.73,316.86,0.0,-0.02620921288237124,0.01662867557986939,0.0957478957134777,56.89381606988856,-0.1710372000185469,0.20429455117828565
FIS,Financials,40.61,0.03596938316249099,-0.12571833192433213,-0.37459431959309175,-0.47265095230438314,0.3148341487971305,61.2,0.51,-0.005631722364764835,7.8701553,132.328,54.2,41.28,0.0,0.0,0.011896981302891586,0.09575075527925928,54.94411257870073,-0.1757744990444566,0.19956846165023975
FITB,Financials,57.51,0.058341918742637056,0.16381457499597651,0.2045815158738553,0.3592290916552152,0.26091291578130754,69.2,0.84,0.03147419513887417,19.36532,0.0,48.24,52.01,0.0,-0.0422023228336014,0.016147226164013317,0.09575840922203696,56.69540463199735,-0.17153925591117913,0.20383370823920577
FSLR,Information Technology,222.68,-0.16695972949171012,0.11001441602254225,-0.06370100087723762,0.3844814582560543,0.5406576972334668,28.6,1.53,-0.00722251606747748,14.397221,5.943,235.46,249.41,0.0,0.0,0.026124557365603287,0.09580646204158186,60.74506008127179,-0.16165610823589716,0.21390522296710374
FE,Utilities,48.6,0.033489279264723004,-0.03788589213169191,0.10833423436439982,0.2501134682105539,0.15677006840791677,58.1,-0.09,0.010498983038158327,26.41576,198.922,47.25,46.43,0.0,0.0,-0.00365244311588201,0.09576774018775058,48.478860606710924,-0.19135721388387314,0.18405232765210913
FISV,Financials,49.89,-0.0723317121224244,-0.15469334119454836,-0.26847504952953927,-0.6985862850297841,0.5755117123111848,58.4,0.56,-0.014031602883066818,8.341205,0.0,68.61,53.36,0.0,0.0,0.014589299295956148,0.09588071403496648,56.0469998581384,-0.17333690021257814,0.20251549880449043
FLEX,Information Technology,131.4,-0.12230319949405766,0.6396305826957258,1.1145799032365873,1.5288682873697543,0.6503239242414445,39.4,2.71,-0.014770947685588176,56.394848,86.8,83.8,141.22,0.0,-0.4180545727944234,0.050232862862500255,0.09591838953113278,69.97578508795068,-0.13776718061852,0.2382329063435205
F,Consumer Discretionary,13.95,-0.05997306834040361,0.11139573756790644,0.01773546399820547,0.23214895661047819,0.3739142110163234,49.1,1.29,0.03333331920482485,24.631578,425.544,13.17,14.01,0.0,0.0,0.013908592313830298,0.09581293611366971,55.77093190893932,-0.17388476246896234,0.20170194709662292
FTNT,Information Technology,165.88,0.1338345961901839,1.1077510967618598,1.1088227454878332,0.6109546753065465,0.4537963339131769,65.9,1.06,0.05851571550046941,63.072243,57.31,95.47,137.39,-0.057323750992329475,-0.5874919269454477,0.030793791820667996,0.09598358014058643,62.5827939800467,-0.1573340252548814,0.2189216088962174
FTV,Industrials,61.08,0.016629691690220882,0.023950917138137573,0.10263048727479473,0.17596975100010726,0.2610403773701472,53.6,0.65,-0.0031010057987507222,35.929413,58.806,56.01,60.5,0.0,0.0,0.005861686739389074,0.09573997291722415,52.4410018709703,-0.18178866017837025,0.19351203365714842
FOXA,Communication Services,55.09,-0.1634016487602784,-0.13120958389599768,-0.25148407279373686,-0.006159513817924789,0.3459458979503844,69.7,0.18,0.03184118341213282,14.497369,67.867,63.25,60.2,0.0,0.0,0.005576220231332055,0.09578318059700025,52.321215511052245,-0.18215881373878842,0.19331125420145254
FOX,Communication Services,49.47,-0.1603021043507491,-0.1292678856063455,-0.2548181581671395,-0.025865875576678965,0.33196669987637784,67.6,0.13,0.031803914221421925,13.019736,67.867,56.87,54.14,0.0,0.0,0.005363180890066125,0.09578008260215361,52.23270015507083,-0.18236578101015494,0.1930921427902872
BEN,Financials,32.88,0.03345619788864185,0.25633557371513094,0.3139715550092439,0.39342625931051134,0.2772703856437452,44.8,1.24,-0.018656716417910446,25.683594,23.471,26.41,31.86,0.0,-0.09460277768838934,0.022807962133589533,0.0957677803852736,59.41211257033521,-0.1648968874215467,0.2105128116887258
FCX,Materials,62.12,-0.09187258186905323,-0.08800639381835318,0.06313977422056616,0.37732662896693925,0.49435143399959974,44.3,2.18,0.08043478260869574,33.763588,33.008,55.56,63.56,0.0,0.0,0.028679004857817523,0.09580406951818239,61.76637215073044,-0.15909697139781998,0.21645498111345501
GRMN,Consumer Discretionary,243.47,0.027082885831237746,-0.07536140240509592,0.160743650538981,0.13822604930152615,0.3014878504751399,60.0,1.23,-0.00024636619264362114,27.17299,2.331,229.0,237.16,0.0,0.0,0.017356172334671453,0.0957578286916157,57.191459494412896,-0.1703291719008953,0.20504151657023822
IT,Information Technology,135.9,-0.08284399033661505,-0.08856473031856793,-0.43914567659566917,-0.6359435150105395,0.5438989679922398,56.2,0.54,0.009021470617425864,12.653167,5293.41,191.83,147.37,0.0,0.0,-0.05321001402518457,0.11139921629297087,31.644909869979642,-0.27155247795940746,0.1651324499090383
GE,Industrials,355.01,0.060088134695520434,0.11775953131139039,0.09808210447162846,0.360096893190784,0.31700043037660863,49.2,1.25,-0.00287895373984981,44.045284,116.527,311.34,329.34,0.0,0.0,0.011128528369937763,0.09575161564891527,54.626204730969164,-0.17654463830193615,0.1988016950418117
GEHC,Health Care,61.46,-0.05707274015473929,-0.1769117370886263,-0.29240620985262744,-0.17299826133948315,0.3307529986086124,39.5,1.01,-0.04978356842162002,14.589073,97.055,73.79,63.36,0.0,0.0,0.01755880821500906,0.09574782161026715,57.275241264306466,-0.17010692214111456,0.20522453857113265
GEV,Industrials,1074.56,0.14293066782689223,0.08871811200550717,0.6814781075664735,0.9412456898186659,0.5204966706811279,53.9,2.13,0.003333428315789977,31.42412,24.925,808.35,1037.82,0.0,-0.17931833420764068,0.03777065231900929,0.09579481302211174,65.33154310687851,-0.1499871812043297,0.2255284858423483
GEN,Information Technology,26.3,0.0812088982834176,0.3979860746475312,-0.007210140948526567,-0.10038662847169677,0.3452263400072123,75.0,0.9,0.018791190251342238,16.748407,316.354,24.36,24.33,0.0,0.0,0.011885818632682054,0.09578710116184366,54.93763275519286,-0.17585689964453152,0.19962853690989565
GNRC,Industrials,227.08,-0.13447166294521862,0.07178933810544708,0.45006381213644664,0.5272042376927077,0.5665147951994065,31.6,1.96,-0.04027724421923673,70.925,52.086,201.76,264.68,0.0,0.0,0.014206051494367366,0.09580976504801621,55.893654540431235,-0.1735810879997444,0.20199319098847915
GD,Industrials,375.0,0.04561219411184525,0.10818642964030745,0.052656106296336436,0.251814739160948,0.2233922475145711,77.4,0.46,0.0018433983754286842,23.614609,37.701,346.67,349.86,0.0,0.0,0.006659408894173838,0.09576682906363622,52.771920355780544,-0.18104357607055316,0.1943623938589008
GIS,Consumer Staples,36.34,0.07125597318596988,0.06539017151144555,-0.135394764273028,-0.24267206345127945,0.25986198177438025,60.6,-0.32,0.0175898610959635,25.292253,217.629,41.88,33.91,0.0,0.0,-0.006386184417007264,0.09579445013662032,47.342400217090905,-0.19414330668478308,0.18137093785076858
GM,Consumer Discretionary,77.01,-0.055091998328460456,-0.02873228979411413,-0.06683150353317613,0.457239182164372,0.3477516524660196,41.0,1.16,0.010099741527233919,28.10584,199.048,75.75,78.69,0.0,0.0,0.013822341002362487,0.09575382907612713,55.73890883545766,-0.1738551639868467,0.20149984599157167
GPC,Consumer Discretionary,122.36,0.17937349985881035,0.12550609446759875,-0.03392805479260952,0.018766607870548846,0.3264250316410658,69.8,0.59,-0.019001063760095582,278.0909,149.454,120.01,105.94,-0.005040595496545536,0.0,-0.07053713511162168,0.09660582819918632,23.264801811219886,-0.25988455838202684,0.1188102881587835
GILD,Health Care,130.38,0.04492274969835863,-0.06563304690405625,0.07648543830599741,0.1934281845657373,0.27160653428230014,58.8,0.36,-0.040089876532114044,17.744543,94.635,130.52,129.38,0.0,0.0,0.006782434768261897,0.09574495930946063,52.8236877624097,-0.18087768547828093,0.19444255501480473
GPN,Financials,75.66,0.11741256365575437,0.1071451099223204,-0.04368095504342673,-0.03567950850996171,0.40502612569492014,72.4,1.27,0.03629641759130786,27.512728,95.593,74.77,70.22,0.0,0.0,0.016636040222148426,0.09576361490970339,56.895717921695656,-0.1710606450008702,0.20433272544516706
GL,Financials,179.52,0.07848910251456598,0.21355492297474177,0.2617936181574374,0.4995044889774527,0.2077297593186337,65.8,0.31,0.013836318105280299,12.458015,53.588,145.66,163.41,0.0,-0.08248422645730646,0.012176772565453539,0.09576029488913645,55.05926779065703,-0.1755134054172539,0.199866950548161
GDDY,Information Technology,90.63,0.18874606234068114,0.1425869591793727,-0.1925338651251628,-0.46622297639951693,0.40065031234314163,74.0,0.27,0.04304290355669038,14.362916,1621.618,103.56,85.31,0.0,0.0,-0.012247259821697503,0.09719435360727692,44.98628215893235,-0.20274819289196025,0.17825367324856525
GS,Financials,1122.11,0.05585978850564577,0.23903166360066175,0.19318811726967833,0.6047997523762687,0.2958956316388778,55.2,1.54,0.08981291934104996,20.505941,678.596,897.01,1015.17,0.0,-0.10094730064359772,0.02043589191643393,0.09600341430566553,58.42843769957808,-0.1677308001226705,0.20860258395553838
HAL,Energy,35.12,-0.11300501632709758,-0.05959924284313345,0.11113869171672164,0.6321497666897131,0.3562317516820565,50.1,0.36,0.004432335541501464,19.400555,74.651,33.09,38.23,0.0,0.0,0.006480065392600348,0.09576508336116223,52.697434733513106,-0.18121949799527762,0.1941796287804783
HIG,Financials,139.73,0.07799723029777361,0.011692636001356282,0.04254130047601934,0.1567172144540121,0.19057853155675814,71.2,0.05,0.0071355787456977016,9.84014,23.151,134.15,132.59,0.0,0.0,0.005425817457835727,0.09577188699322765,52.25894121504023,-0.18228708104889046,0.19313871596456195
HAS,Consumer Discretionary,78.91,-0.0594755396068779,-0.14225041739328315,-0.07542957261748329,0.07616134660269491,0.2833609469251281,37.8,0.84,0.04020568187738216,24.631578,574.488,86.5,86.3,0.0,0.0,0.005941120957491181,0.09588887044432473,52.470201970794136,-0.1820010651133853,0.19388330702836767
HCA,Health Care,364.28,-0.05726852032477692,-0.2680247529221076,-0.22931848195493998,-0.036014258108657216,0.2918832900057817,38.9,0.18,-0.11284012596779103,13.056513,0.0,459.96,397.08,0.0,0.0,0.007426194733078795,0.09576990766858601,53.09038285750815,-0.1802828242973498,0.19513521376350737
DOC,Real Estate,21.67,0.052797645219464506,0.30578177935622475,0.3342534453420005,0.25235445823491176,0.2986813967397891,67.6,0.49,-0.004363859380133617,67.734375,118.243,17.99,20.0,0.0,-0.05455810566548269,-0.00423762467531044,0.09576976246173123,48.235334292817875,-0.19194635910030364,0.18347110974968275
HSIC,Health Care,85.49,0.052184589092548084,0.10738343579320708,0.12294760210215738,0.20953590116933318,0.28151752036513705,66.7,0.57,0.02727705611354514,25.845922,77.748,74.84,78.08,0.0,0.0,0.007322747889726391,0.09574607759067544,53.04817525521528,-0.18033956418799746,0.19498505996745025
HSY,Consumer Staples,171.09,-0.05819666416637337,-0.1278667033593911,-0.10145822411184191,0.06853132898192293,0.27665641422558934,41.1,-0.09,-0.019047108284119818,31.6244,120.011,193.01,182.78,0.0,0.0,-0.003679768212964942,0.0957745146017289,48.46759440011153,-0.19139781683235357,0.18403828040642367
HPE,Information Technology,49.74,0.03561407804639627,1.0386402272312591,1.2718186607186182,1.456510404622045,0.5032263583234088,51.8,1.92,0.11349907583041197,46.49065,84.03,27.91,41.86,-0.03826107892760472,-0.6324188318049874,0.05091390512059297,0.09600658818812445,70.20538442799797,-0.13725900772813096,0.23908681796931688
HLT,Consumer Discretionary,324.63,-0.061627421800638515,-0.019913919916444422,0.0816720964779456,0.16739781693097755,0.23275887135735124,32.2,0.74,-0.025515564120350276,49.531296,0.0,301.42,331.06,0.0,0.0,0.004100461447382297,0.09577249989851995,51.70753379485148,-0.1836136383537168,0.1918145612484814
HD,Consumer Discretionary,339.21,0.032963796725189676,-0.002773920997753865,-0.08240198190790826,-0.059107044484405735,0.24938563319319043,59.9,0.69,0.008937880964831502,24.074875,459.356,353.2,323.47,0.0,0.0,0.005067503996213901,0.095822163898341,52.108801940842675,-0.18274393724453447,0.19287894523696225
HON,Industrials,222.99,-0.03487938072516583,-0.08337216330805419,0.029988943310928606,-0.03166807567833829,0.2578848906557956,41.9,0.79,0.011957680611442756,17.825338,257.387,225.33,230.83,0.0,0.0,0.011248407589648346,0.09576152740493767,54.67532998684869,-0.17644418612402948,0.19894100130332618
HRL,Consumer Staples,24.41,-0.002116454603967255,0.18967327902627762,0.09624905059996935,-0.13719953027345755,0.30275368398600194,49.8,-0.06,0.006422811114278337,28.711765,4.244,23.25,22.78,0.0,0.0,-0.0009204319442732059,0.09578190476889079,49.61663576410868,-0.18865296529129916,0.18681210140275273
HST,Real Estate,23.27,-0.029039376379073945,0.1557728056655472,0.3317804193358911,0.5266920510581206,0.23988246257307053,39.5,0.82,0.022627389475810222,15.833333,80.482,19.62,22.59,0.0,-0.03605069919818757,0.016050052106154903,0.09575582700547147,56.65566651399533,-0.17163136882456917,0.20373147303687897
HWM,Industrials,274.93,0.03878408436950531,0.06598501266771772,0.2501188151757612,0.4949890295308237,0.3104457562183272,49.7,1.03,0.012353675352419158,63.790024,87.794,230.09,264.15,0.0,-0.044912163007663264,0.0046337912686600065,0.09575400404340373,51.92983468166871,-0.1830440566564113,0.19231163919373132
HPQ,Information Technology,25.49,0.009706847918190098,0.35836169632857007,0.2376683392173189,0.079043278894523,0.4040246048506697,66.6,0.83,0.07169890136561508,9.441259,0.0,22.55,23.32,0.0,0.0,0.017186248242099758,0.09577328298317837,57.12067168925989,-0.17052938640492987,0.20490188288912936
HUBB,Industrials,476.4,-0.0010170392632317116,-0.12423173838006052,0.013226602149041256,0.16159647012707068,0.3102025880139292,38.3,1.25,-0.008522375069101251,28.943197,72.468,479.24,489.54,0.0,0.0,0.016633571083580455,0.09575718857845915,56.8951627773707,-0.17105051853019945,0.20431766069736038
HUM,Health Care,406.65,0.07486259010522911,1.0774138751268363,0.48117999466001393,0.8135836117598487,0.49636388013756827,76.1,0.51,0.026142433894817962,43.35288,77.073,257.03,337.74,-0.05404867363777022,-0.4321091672712686,0.020471744588942423,0.09588732092521006,58.45306984753523,-0.16746740442446928,0.20841089360235415
HBAN,Financials,18.01,0.03725057322474434,0.09539671126708771,0.025559630793506427,0.09463377797583283,0.26300244743187917,61.7,0.82,0.03150063993407093,13.853923,0.0,16.73,16.66,0.0,0.0,0.01563644343616391,0.09575269594205217,56.485899893859106,-0.17203884061025834,0.20331172748258616
HII,Industrials,283.36,-0.048105373812661334,-0.285091066552591,-0.2831811669943448,0.1146815330247486,0.35151324934579875,49.9,0.69,-0.021107596101062387,18.484018,56.946,347.04,303.42,0.0,0.0,0.011984772433535433,0.09574371270946073,54.98077155895962,-0.1756729044770076,0.19964244934407846
IBM,Information Technology,215.14,-0.20974137853725472,-0.09800049119429621,-0.30181601722298224,-0.22251467054374063,0.4833544184824918,33.5,0.86,-0.2877337921393667,19.045174,211.169,275.23,262.41,0.0,0.0,0.012965428003348893,0.09578436677042439,55.38366074060419,-0.17477193086668288,0.2007027868733807
IEX,Industrials,223.08,0.02434877337918273,0.09618071759423108,0.20982631024503928,0.2517064399335882,0.2575654367981784,55.0,0.78,0.021475353516707596,33.0,46.915,193.38,216.41,0.0,-0.0035943649855810778,0.008844602639347327,0.09574224545429201,53.68016615978962,-0.178810198451065,0.19649940372975966
IDXX,Health Care,551.68,-0.016402817228176048,-0.055423329841181146,-0.23881010921920875,0.03812429042407728,0.4255649412726693,54.3,1.23,-0.007180503459047083,40.564705,71.04,625.48,555.22,0.0,0.0,0.0127131045127555,0.09574644714081844,55.281586491184456,-0.17494993188324862,0.20037614090875963
ITW,Industrials,272.4,0.06455969153302021,0.006610063007272959,0.08345541320288175,0.0840953333148724,0.20676759619445584,65.5,0.57,0.027536731893239796,25.269016,283.22,260.44,256.83,0.0,0.0,0.004963246064952995,0.09577085289913224,52.06656063141494,-0.1827476256173462,0.19267411774725218
INCY,Health Care,114.28,0.05298074324770807,0.16982286747143016,0.07476720409422888,0.6330379150799805,0.335836012527524,68.3,0.48,-0.025413638944603467,16.141243,0.701,98.88,103.5,0.0,-0.005730882774895613,0.010020850697456563,0.0957732892914384,54.16656744099787,-0.1776947963137627,0.19773649770867582
IR,Industrials,78.86,0.06567568392366985,-0.10686029145679665,-0.08299233521637872,-0.09927886280703668,0.3395899921047219,57.5,1.42,0.028027656779285426,53.283783,48.353,81.39,75.19,0.0,0.0,0.011731508863250455,0.09576181611612868,54.87513151138902,-0.17596165072436176,0.19942466845086265
PODD,Health Care,158.24,0.0570474864329793,-0.21465084530690204,-0.43191523091799466,-0.4581007492853697,0.3960128326745291,63.9,0.34,0.004953631055752972,36.975468,77.844,242.71,153.52,0.0,0.0,0.0013130575201284475,0.09577843593781574,50.546905728827475,-0.1864126769179904,0.1890387919582473
INTC,Information Technology,105.92,-0.14972066690107488,0.6599168466556895,1.4039785057486691,3.5458926923986835,0.7670416252940885,29.8,2.64,-0.03919359291407509,40.794052,36.028,62.83,117.4,0.0,-0.5356976747442621,0.059816236831204225,0.09599239488180913,73.34021485046487,-0.12832885713714165,0.24796133079955013
IBKR,Financials,95.49,0.051536179176264074,0.2397758153048717,0.3517359337734913,0.6095555612710741,0.38447100348627616,51.4,1.87,0.022376834087219244,41.004295,152.192,74.42,88.44,0.0,-0.13318141199368863,0.027276174418963666,0.09578814912483793,61.208415492518284,-0.16046859786571868,0.215020946703646
ICE,Financials,138.52,-0.01064202766111999,-0.1419743448065709,-0.16100086404079228,-0.2284091022095961,0.2375740289931849,59.3,0.3,0.009841846770697549,19.816883,70.986,155.96,142.39,0.0,0.0,0.005845306972754984,0.09574570901015994,52.4340436225044,-0.1818162826871585,0.19350689663266846
IFF,Materials,75.93,-0.024831245248674083,0.051473441785929275,0.1133588173985578,0.04196565012378506,0.3480243839662361,53.0,0.79,-0.0381935558196409,24.257189,45.701,70.91,76.12,0.0,0.0,0.011756648796114183,0.09574043361349718,54.88661195718245,-0.17589460108634028,0.19940789867856865
IP,Materials,35.97,-0.004979261343790675,-0.0009143934858735214,-0.12958417061897487,-0.2768163266307856,0.4268194609723365,46.9,1.17,-0.019089091442469508,31.7120835,65.904,39.11,34.39,0.0,0.0,0.014997866290506636,0.09574696219535664,56.22359676200958,-0.17266617961239236,0.20266191219340565
INTU,Information Technology,282.17,0.02417495191017882,-0.2273174779662377,-0.5526001040142252,-0.6209366953847173,0.457844038756621,63.6,0.39,0.04160214021841746,17.205488,33.448,493.27,315.28,0.0,0.0,0.008793396394289289,0.09581164173783528,53.656276963605244,-0.17899742141186786,0.19658421420044642
ISRG,Health Care,384.3,-0.06510438977687116,-0.1774791613120037,-0.3290297909107649,-0.25587060367295866,0.3181107158187639,40.8,0.81,-0.07420336881415279,46.754257,0.0,487.79,421.56,0.0,0.0,0.006147283579360622,0.09575094945192135,52.55948132658727,-0.18152457734640523,0.19381914450512647
IVZ,Financials,28.61,-0.010719206954514893,0.16640602467528365,0.010648956361850148,0.7077289584762383,0.362542811250052,62.0,1.64,0.05845356579982153,17.533993,14.829,25.69,27.49,0.0,0.0,0.025552160879239658,0.09578582670964407,60.51743645076153,-0.1621880594716627,0.21329238123014205
INVH,Real Estate,30.02,0.021831652543024882,0.14574857407909692,0.15232611056251155,-0.029718580692067675,0.21347117199360027,63.0,0.12,0.013196110656607418,31.6,97.038,27.62,29.07,0.0,0.0,-0.0008486652566424434,0.09575345080000554,49.646421076839424,-0.1885254288246533,0.1868280983113684
IQV,Health Care,204.77,0.12848554127621692,0.16827359266658837,-0.14981734876038333,0.2788046440537131,0.42742893275540295,81.6,1.03,0.004833410092754509,25.501245,255.426,195.99,182.21,0.0,0.0,0.011500503204491395,0.09579961200319347,54.777723681071265,-0.1762667363217678,0.19926774273075057
IRM,Real Estate,122.56,-0.030195563316263385,0.08215302602937591,0.3899882020218801,0.29322399125216125,0.32754964153553723,31.5,1.11,0.06149314507552184,133.21739,0.0,105.57,125.61,0.0,-0.010917154489259367,-0.015648946101143865,0.09589779026647499,43.51869414577536,-0.20360861502343486,0.17231072282114712
JBHT,Industrials,281.49,-0.027197938607944394,0.22823046252200685,0.36954647358112735,0.8673267459023579,0.37969128537775754,62.0,0.84,0.018231064585988666,43.64186,43.622,214.13,269.91,0.0,-0.16455777747296965,0.014598419132030001,0.09575722374334544,56.058493688156005,-0.17308573940492705,0.20228257766898705
JBL,Information Technology,327.33,-0.149381567421229,0.07006870973878976,0.4203827007790637,0.4863154688668967,0.4334180617689495,33.5,2.05,0.006534239586219792,42.019897,297.136,271.01,357.9,0.0,-0.05781446386806208,0.024167174807509646,0.09582797220934877,59.9554180843971,-0.16365565072281393,0.21199000033783325
JKHY,Financials,145.96,0.1382672664514515,-0.0317258045708011,-0.2266305531556957,-0.15892885687510894,0.2636844719222648,83.2,0.09,-0.009567676257294488,20.384079,6.398,159.19,137.63,0.0,0.0,0.0030374762871442354,0.0957974409125688,51.26472554167797,-0.1847255079014906,0.19080046047577906
J,Industrials,127.37,0.0029134074534018506,0.01884497905204796,-0.08175463604250233,-0.054004071241513296,0.3231094229590905,64.8,0.91,-0.017964489255847593,37.54277,138.776,135.33,121.89,0.0,0.0,0.008036693009023658,0.09574409106945889,53.34476577980175,-0.17962172548711575,0.19569511150516306
JNJ,Health Care,252.92,0.050026999194711985,0.05945254706278602,0.21937262728737683,0.6531020537408403,0.1877417588741386,61.4,-0.13,-0.03978738029757767,29.206697,67.73,221.48,236.76,0.0,0.0,-0.0037379050030652812,0.09577307686710514,48.44337270772862,-0.19145313566259134,0.18397732565646077
JCI,Industrials,144.9,0.0023865607811959233,0.022921138886312642,0.30850067140532555,0.3716720970029095,0.29407917116541266,55.4,1.06,0.03333811020604416,44.313454,70.317,128.28,141.8,0.0,0.0,0.008796259393312765,0.09574710772549666,53.659922275923996,-0.17886807174866068,0.19646059053528622
JPM,Financials,343.01,0.07431786479009905,0.10746740165763158,0.06727037774133837,0.2108487547589346,0.22115047537849683,60.6,0.83,0.037475091741036026,16.51661,0.0,309.19,314.97,0.0,0.0,0.014862163171091737,0.09575833771290632,56.16701070326101,-0.17282417874620465,0.20254850508838812
KVUE,Consumer Staples,18.92,0.042998936763504636,0.10172491443733556,0.13928684148505743,-0.09258007194754647,0.3278830634682694,57.3,0.16,-0.01918096535369107,22.5125,82.975,17.31,18.01,0.0,0.0,0.0029380992348437894,0.09576347277655506,51.22379453318256,-0.18475830740720414,0.1906345058768917
KDP,Consumer Staples,30.75,-0.023208234709502396,0.19039451507475924,0.1280737947198698,-0.044187928766009854,0.2921861221144826,50.6,0.04,-0.006942207211970475,22.785185,85.985,28.28,30.38,0.0,0.0,0.0011866032723453004,0.09576242374006842,50.49432134574175,-0.1865077472581888,0.1888809538028794
KEY,Financials,23.38,0.03009686810004042,0.09176278880724009,0.13187650514866567,0.32746185106585957,0.23792706174027875,55.5,0.84,0.03282686935335488,14.346626,0.0,20.5,22.05,0.0,0.0,0.015701755994302218,0.09575517072879039,56.51258286384695,-0.17197837863412696,0.20338189062273138
KEYS,Information Technology,327.85,-0.06508971777746542,-0.007913182539467822,0.5706654909754711,1.0071324144180331,0.4210811758042079,41.0,1.85,0.03342898535110028,52.708202,43.642,258.66,343.54,0.0,-0.11749428283396915,0.02390794176686265,0.09577941988374508,59.85572973593406,-0.1638197212052777,0.211635604739003
KMB,Consumer Staples,108.07,0.05650599987842497,0.12756663591619022,0.12860041909345155,-0.11061361531259295,0.26801772024451154,57.9,-0.06,-0.02622097291482528,21.31558,371.264,104.5,101.53,0.0,0.0,-0.003459561009958442,0.09580430681395292,48.55970434829995,-0.1912360023653062,0.1843168803453893
KIM,Real Estate,25.18,-0.02817443251776941,0.07862942134337092,0.24953013323232276,0.21430054958953249,0.18605782163259715,49.8,0.21,0.008410132062317555,28.613636,78.788,22.35,24.32,0.0,0.0,0.0016191059024260952,0.09575070897909967,50.67456317228991,-0.18605228369660926,0.18929049550146143
KMI,Energy,32.32,0.011897280977231306,0.03061020925811575,0.22345132216228958,0.1885609641372079,0.20351458587880905,47.4,-0.13,-0.004926103745908295,21.691275,98.84,30.16,32.22,0.0,0.0,-0.001223880245028231,0.09576440026502014,49.49016097467741,-0.18892210476446772,0.18647434427441126
KKR,Financials,96.91,0.006961822664296458,-0.03315575134035187,-0.2738891617528292,-0.30033803825445127,0.3713443522695012,58.4,1.5,0.03869239541556002,32.962585,69.029,109.18,95.89,0.0,0.0,0.018961540123444535,0.09575930554994526,57.84823606951165,-0.16872669875444818,0.20664977900133724
KLAC,Information Technology,232.26,-0.08751078213255337,0.2949504422624092,0.6305035330371052,1.5358194440568864,0.574651676355637,47.0,2.72,0.0501175833300449,65.796036,105.4,155.64,214.81,0.0,-0.3423070636766198,0.04301489812475777,0.09588706568174377,67.31397343430437,-0.14492375061146,0.23095354686097552
KHC,Consumer Staples,24.98,0.02418618225588598,0.15027763449316422,0.10558112124875052,-0.04115945899703288,0.2682333960663375,69.3,-0.04,0.00240370319542893,25.292253,50.258,23.94,23.48,0.0,0.0,-0.0006485010644479537,0.09577716044119836,49.729880782123715,-0.18837173552919673,0.18707473340030084
KR,Consumer Staples,58.78,-0.0916396289456709,-0.12055894028909964,-0.028211636719930544,-0.16969559611946128,0.2765158160822117,57.8,-0.7,-0.009103184732053515,35.197605,373.449,65.79,62.51,0.0,0.0,-0.01669149235526211,0.09588282238175495,43.09004322324223,-0.2046218242235018,0.1712388395129776
LHX,Industrials,293.04,-0.04792228334418869,-0.17249620539578803,-0.13334457304629588,0.13526207654676714,0.2569591092816569,49.2,0.33,-0.0013631198649006748,31.81759,34.574,316.71,301.86,0.0,0.0,0.003022237137216617,0.09574666123396347,51.25904963637249,-0.1846412188813518,0.190685693155785
LH,Health Care,275.23,0.034077273818094556,0.02646744794586131,0.10499180114811502,0.11343538661094099,0.23282610176569943,70.7,0.29,-0.009037154663715463,24.374668,83.407,267.34,263.84,0.0,0.0,0.003695942840183526,0.095755337457131,51.53944613259923,-0.18398451857579323,0.19137640425616026
LRCX,Information Technology,347.33,-0.05245309594761338,0.27590650587379195,0.5788844223845233,2.5057946444213846,0.5891335341577688,45.7,3.07,0.042548457362275416,65.80208,35.282,229.25,332.56,0.0,-0.36507727998361594,0.0494021804130239,0.0959320533885168,69.67131933666299,-0.13862464422846904,0.2374290050545168
LVS,Consumer Discretionary,45.15,-0.10894013898839072,-0.18204784754598502,-0.23777521952646996,-0.08311767207150311,0.3448600532418156,31.7,0.73,-0.02251563394134215,16.660517,981.405,56.24,49.55,0.0,0.0,0.0020313395597123087,0.0962321779672255,50.842054160550596,-0.18658372925604969,0.19064640837547428
LDOS,Industrials,106.46,-0.12542102530209998,-0.3158828779776621,-0.4524363198988426,-0.3426968366834272,0.3097065518696125,50.8,0.31,-0.006694334551725412,9.785156,137.125,165.47,119.15,0.0,0.0,0.008541545473753685,0.09575212009658662,53.554041114687514,-0.1791326099155561,0.19621570086306347
LEN,Consumer Discretionary,82.73,-0.07836851755573415,-0.05814990631083572,-0.30489697705207275,-0.25240646865392735,0.3777515344276715,40.5,0.87,-0.004386503726531155,12.967085,28.692,105.89,87.78,0.0,0.0,0.01702042184128052,0.0957535011216339,57.05413139549954,-0.1706564403571219,0.20469728403968296
LII,Industrials,556.98,0.09013924733520606,0.07281592490161559,0.05007847776156571,-0.08518944939804152,0.3589133614275478,64.3,1.28,0.03574079580871348,24.765673,161.043,510.45,524.48,0.0,0.0,0.01694149997101536,0.09575483584970057,57.02166596221214,-0.17073797829439777,0.20462097823642847
LLY,Health Care,1147.92,0.013168617780505265,0.24649981339805294,0.06550905751039826,0.4462436311911189,0.38838192021304535,56.3,0.42,-0.05585477785868964,40.997322,139.015,998.5,1097.3,0.0,0.0,-3.615985926352031e-05,0.09576701232490785,49.98493667493576,-0.18773950401608291,0.18766718429755586
LIN,Materials,525.03,0.0027885897821342542,0.05411845324170117,0.1912165269070183,0.13506854542561175,0.17801699753595784,57.2,0.16,-0.005003039207804871,34.793243,65.642,471.2,512.57,0.0,0.0,-0.0009058034903784607,0.09575409274412013,49.62261882464417,-0.18858382526885392,0.18677221828809698
LYV,Communication Services,181.64,0.05292449813654532,0.09237431274424579,0.22028882728650667,0.22349448454310217,0.3091952805391093,70.4,0.78,-0.0027451411094515654,22.651226,738.269,154.57,170.59,0.0,-0.02515229226930696,0.004283854678305241,0.09599988333374039,51.779631061432376,-0.18387591665582592,0.19244362601243642
LMT,Industrials,521.03,-0.03571888879488183,-0.14248188113720628,-0.04360200660203262,0.12989198891120823,0.27227107262877615,57.7,0.11,-0.013125979974559776,25.207066,276.365,542.02,519.68,0.0,0.0,-0.0012247512947493907,0.0957705198540029,49.489830735461744,-0.18893497020859507,0.1864854676190963
L,Financials,116.23,0.0750092527222761,0.05456265810307315,0.11332013138998076,0.27151221534842085,0.16300287600096536,70.8,0.11,0.00894102809008035,14.78944,45.603,106.41,108.89,0.0,0.0,0.004378743025422696,0.09576770354467304,51.823430240099036,-0.18332595592213646,0.19208344197298183
LOW,Consumer Discretionary,209.78,-0.04982335384011016,-0.15155780844486255,-0.21837789048807332,-0.03819114081609354,0.2680768762537549,45.5,0.67,-0.014423336792039887,17.717905,0.0,241.85,218.6,0.0,0.0,0.012753476064557286,0.09574757115669803,55.298197988800936,-0.17491176340257086,0.20041871553168544
LULU,Consumer Discretionary,116.61,-0.018173723187675073,-0.2739010014363784,-0.4421569683010034,-0.49053473759435917,0.45258751518989015,61.5,1.38,0.026328998258910774,9.369182,44.264,163.15,121.14,0.0,0.0,0.0249428533245082,0.09577364511199021,60.273605338482675,-0.16277349109499262,0.212659197744009
LITE,Information Technology,820.48,-0.10968671167365918,-0.03789076682829107,1.4140910454113635,7.895025269061472,0.8942209429716962,49.2,2.82,0.16034102693401864,144.35475,111.445,560.37,884.08,0.0,-0.3141577598000591,0.014764251390137522,0.09650348757128109,56.07976663565767,-0.17438258424957342,0.20391108702984845
LYB,Materials,58.15,-0.09956643113756891,-0.1978388335135831,0.23385310763364586,-0.006298121241392507,0.4577543157880686,52.2,-0.13,0.04361091622289659,31.7120835,141.24,57.41,64.39,0.0,0.0,-0.004512565153909483,0.09585846836160976,48.12266107902119,-0.1923951631426646,0.18337003283484563
MTB,Financials,244.17,0.053001522457030825,0.11503606916795839,0.1703530669398723,0.23824792591339583,0.21810450759838623,70.2,0.67,0.04065973271789192,13.717416,0.0,209.13,222.6,0.0,-0.017547367119917473,0.014187921055415996,0.09576351009714197,55.88900999854839,-0.17350855873498225,0.20188440084581424
MPC,Energy,299.23,0.13527202593403787,0.3413880467971939,0.7197355643128631,0.7371252462984805,0.32781479166992555,87.8,-0.04,0.06610728644707664,18.843513,146.523,213.45,258.21,-0.00889890107128874,-0.2519022571012196,0.012134737067368772,0.09586317858340854,55.03651383060596,-0.17575709295611194,0.2000265670908495
MAR,Consumer Discretionary,362.61,-0.09919516655672589,-0.009201778966683394,0.12580086084605768,0.2932371187879579,0.26608164252636013,29.5,0.89,-0.02303593659388603,37.99738,0.0,327.55,373.78,0.0,0.0,0.009736928492148246,0.09576927543907401,54.04909669598018,-0.17797085136843682,0.1974447083527333
MRSH,Financials,179.56,0.06450086172178637,0.038819735135326994,-0.022786261161629073,-0.14313837539713326,0.24716971240553703,69.2,-0.19,0.0028483356500614843,22.416977,151.634,178.57,166.43,0.0,0.0,-0.0030997843060520474,0.09578190608088517,48.70913073534243,-0.190832320224587,0.1846327516124829
MLM,Materials,575.7,-0.002823350310155126,-0.08604515439941107,-0.1302966874303333,0.024715671781806003,0.2689297981732248,41.3,0.88,0.010000021415844218,36.116688,50.35,616.22,581.35,0.0,0.0,0.009500356912582211,0.09574756940215799,53.9519375922076,-0.17816487911564743,0.19716559294081187
MRVL,Information Technology,224.94,-0.19558277580722105,0.6812036694904042,1.7157452292850217,2.1088021974256166,0.7506762916568893,34.4,2.92,-0.028978101257034705,77.31959,28.97,127.48,233.83,0.0,-0.6145162519319253,0.05776050769692214,0.09608349336209167,72.61296659949082,-0.13056313929277752,0.24608415468662181
MAS,Industrials,77.43,0.04592734812836108,0.19859424565447936,0.12341932237333375,0.19675939191931624,0.33131035748005966,59.8,1.05,0.02217822185050533,19.165842,12229.63,67.94,72.62,0.0,0.0,-0.135579359037498,0.16448122120127262,20.488889642753815,-0.45796255259199237,0.18680383451699636
MA,Financials,539.06,0.10201152974933358,0.05223253160197072,-0.044833756285476256,-0.019169157346675902,0.2159816570774094,75.5,0.37,0.03867128018240806,31.231749,282.059,529.45,499.73,0.0,0.0,0.00022580518644245198,0.0957811581954754,50.0940510161477,-0.18750526487668934,0.18795687524957422
MKC,Consumer Staples,53.14,0.09543487413493779,0.00481984651508216,-0.19061187934977641,-0.23767993170475443,0.2913087921514884,71.5,-0.34,0.030444050884526064,8.844425,65.143,59.63,48.2,0.0,0.0,8.070832753189217e-05,0.09581968938517856,50.03360265581362,-0.18772588286741806,0.18788729952248187
MCD,Consumer Discretionary,270.65,-0.0497173687141943,-0.10136012029611974,-0.10673915629382313,-0.08169814819781118,0.17544397149743948,49.0,0.0,-0.027313588871574535,22.30916,0.0,302.73,277.25,0.0,0.0,0.0017800937664455344,0.09576409234967019,50.74152404632538,-0.18591752723890803,0.1894777147717991
MCK,Health Care,807.96,0.03049554818180944,-0.06251415511441727,-0.019493663966653196,0.13370957456484356,0.2960668860695976,65.0,-0.21,-0.013070079792439016,21.073553,0.0,829.98,768.44,0.0,0.0,-0.0011344899615572765,0.09580491025640045,49.52759682795648,-0.18891211406410213,0.1866431341409876
MDT,Health Care,79.36,-0.0015456935641151581,-0.09128431334350096,-0.16730449790702873,-0.08681194568387873,0.22925054201388337,48.5,0.25,-0.032313150309115635,21.27614,58.214,90.98,78.57,0.0,0.0,0.004958060369462171,0.09574695329790477,52.064918217946186,-0.18270596809443118,0.19262208883335552
MRK,Health Care,120.94,0.023181030098605726,0.015419379527457755,0.12383844277546507,0.49376419087232737,0.2796340309715817,52.1,0.17,-0.04008251058011558,34.067608,106.936,108.57,118.22,0.0,0.0,-0.0011028917527163551,0.09575608732700217,49.5405196313732,-0.1887848229136406,0.1865790394082079
META,Communication Services,662.71,0.16992536633164512,0.0012592924226209057,0.03414834902913122,-0.07773120592870042,0.38442809571190806,70.2,1.48,0.09880293695766174,24.07776,35.608,642.22,600.88,0.0,0.0,0.021443628694031405,0.09577177952503556,58.85837716012495,-0.1662690591750383,0.2091563165631011
MET,Financials,93.49,0.05228505700061392,0.23883948949961487,0.211394473302001,0.23610506533822972,0.23983671212835894,65.0,0.8,0.037569391715391864,18.082205,178.019,78.82,84.46,0.0,-0.035997410816783065,0.013565247692805718,0.09575372741649342,55.63289094975726,-0.17411205804352137,0.20124255342913283
MTD,Health Care,1305.21,0.15353204376747587,-0.027073615622612013,-0.12518852708089145,0.09324137476921823,0.3262461525770439,76.8,0.95,0.04502072198759066,30.630924,0.0,1314.13,1182.86,0.0,0.0,0.012115874766785856,0.09576768234276782,55.03371446556295,-0.17558878262503907,0.1998205321586108
MGM,Consumer Discretionary,47.06,-0.03910559256261026,0.28110538773806937,0.35137853870142965,0.23471528605524483,0.38947645437055606,51.0,0.91,0.009763988110586874,63.587837,951.186,37.36,43.91,0.0,-0.1094684378141855,-0.004122046367126244,0.09621891918622508,48.291442348213835,-0.1927111279721274,0.18446703523787492
MCHP,Information Technology,88.17,-0.07428598390313068,0.18936241798277265,0.21446021505557145,0.22291003783138708,0.47126550602586753,43.2,1.94,0.03129024586034612,400.81818,87.715,74.39,93.32,0.0,-0.0351098229832848,-0.08554999590556019,0.0975356293027665,19.021199881990427,-0.27671982933898254,0.10561983752786215
MU,Information Technology,974.08,-0.007518427136436245,1.0921483382614285,1.817934756938905,7.225642072325565,0.7592343682552327,44.0,3.23,0.026644213345406564,22.03753,6.33,468.34,916.44,0.0,-0.9298720942951141,0.09235619951473935,0.09643934464858897,83.08831363636457,-0.09666491599649503,0.28137731502597374
MSFT,Information Technology,386.02,-0.012079647178861674,-0.01590886405345615,-0.18743649189209677,-0.22646545351541036,0.27152331346992514,56.6,0.76,0.0069911637225013035,23.00954,30.271,441.69,402.26,0.0,0.0,0.01194434030166064,0.09574257402904618,54.96411417287593,-0.17571110479526986,0.19959978539859113
MAA,Real Estate,134.54,-0.03159864407315782,0.0779584642085358,0.026117355104138484,-0.06966094883005591,0.19425102437380593,51.4,0.15,-0.02408245545858112,40.769695,99.825,132.38,133.75,0.0,0.0,-0.0030298493400723763,0.09575403716603435,48.73787740944675,-0.19070776218549973,0.18464806350535495
MRNA,Health Care,66.48,0.33199766700421374,0.258137834310314,0.9645390974340637,1.022513097572578,0.6881056653852433,56.2,1.62,-0.099186983633192,26.3790305,17.522,42.59,55.99,-0.037310416093930016,-0.4109105601565717,0.04235536787399068,0.09587264581027921,67.06786259797207,-0.14555501791415656,0.23026575366213795
TAP,Consumer Staples,39.03,-0.06132763202173075,-0.09534338114381213,-0.18313258706562996,-0.17721609074629052,0.26964414876819187,46.2,-0.2,0.0061871064218887994,25.292253,62.567,44.89,40.3,0.0,0.0,-0.0025136639400930925,0.09578088028173229,48.953139999570624,-0.19024418929228837,0.1852168614121022
MDLZ,Consumer Staples,58.95,-0.05635341902271551,0.02766771317361094,0.09167768124853892,-0.09825791735322675,0.23098134238571366,44.4,-0.12,-0.008974415297269611,29.178217,83.793,58.72,60.66,0.0,0.0,-0.0028984842989815815,0.09576754192933318,48.792752324836755,-0.1906028664804746,0.18480589788251145
MPWR,Information Technology,1393.0,-0.11550887133722254,0.023254320859682265,0.4453811272509003,0.94518019087607,0.5279342397625008,48.0,2.56,0.05890490354245248,99.93764,0.543,1181.93,1507.79,0.0,-0.028579499502213085,0.015312245842604754,0.09587590314620613,56.344484957253194,-0.17260452432395923,0.20322901600916876
MNST,Consumer Staples,97.67,0.052138276876253276,0.3010523320366987,0.2602580408896169,0.6368359504957508,0.26085758629938677,65.8,0.28,0.026484462455641955,47.207733,1.082,78.55,89.9,0.0,-0.09343872711370349,0.0023368041895863566,0.09576935611058074,50.973335868359435,-0.1853711337871519,0.19004474216632458
MCO,Financials,491.6,0.09767778167022367,0.12488704750917945,-0.0771545378882249,-0.015321079371358959,0.27372760878013597,71.9,0.59,0.013388981726381477,35.29038,235.539,471.1,456.0,0.0,0.0,0.0027928100512987237,0.0957624947599755,51.163307298480895,-0.18490167967825327,0.19048729978085072
MS,Financials,229.11,0.07041399554084626,0.25636884636315993,0.24142384563430608,0.6297935351391226,0.2682169296406264,53.1,1.35,0.050632350730885234,20.776518,502.246,180.32,208.46,0.0,-0.12057104872042687,0.020918872644453232,0.09588704232399971,58.634840681076675,-0.1670197303105862,0.20885747559949264
MOS,Materials,22.61,-0.0033054544369391925,-0.045743000318064886,-0.10429440020306169,-0.3506932168512602,0.45206279778027414,61.3,0.7,0.09515739413499058,161.5357,48.19,25.88,22.1,0.0,0.0,-0.031263834148768946,0.09599199680945239,37.232866440494575,-0.2194081478952956,0.15688047959775775
MSI,Information Technology,414.27,0.007911722999928372,-0.055827076428712985,0.08030660629805397,0.01287236201601516,0.24071737652824504,69.6,0.21,-0.014909448337494524,33.35628,374.132,418.64,409.12,0.0,0.0,-0.0037102220880155363,0.09580113549114021,48.455347608323876,-0.19148044765065034,0.1840600034746193
MSCI,Financials,609.93,0.018051479719502384,0.1217682655709833,0.04788014298233012,0.08375126017903645,0.29653424435096637,59.8,0.42,0.0094417974517218,34.873356,0.0,570.7,593.17,0.0,0.0,0.0036594716428647914,0.09575196168246902,51.52431617431314,-0.1840143732547745,0.19133331654050406
NDAQ,Financials,88.55,-0.004832549887089588,0.024883009474477635,-0.10330884352564229,9.960991859725432e-05,0.2720885655496858,62.1,0.7,0.04929498391037623,26.677711,79.058,88.93,87.22,0.0,0.0,0.009106922792001785,0.09574062628523483,53.78905525009541,-0.17854470472705847,0.19675855031106204
NTAP,Information Technology,174.52,0.0831635761869125,0.7701493546778744,0.6439007068906004,0.6965153134209516,0.41756999401514394,67.8,1.38,0.05834383826303946,28.331171,202.295,117.57,147.68,-0.03172457301258946,-0.33439610097211225,0.03206039041188227,0.09580796550043796,63.104856713696456,-0.15572322196897614,0.2198440027927407
NFLX,Communication Services,73.56,-0.08441250240733333,-0.3078820375566067,-0.1772923253465184,-0.4171060946828449,0.34384376760142354,52.0,0.28,-0.026877896979853766,23.572115,53.788,94.7,81.64,0.0,0.0,0.005011878509387804,0.09576051095334538,52.08701663316978,-0.18267872295916915,0.19270247997794476
NEM,Materials,96.04,-0.041803874100303506,-0.19309093582671233,-0.1460776085691834,0.5958753949546465,0.47869335955780296,46.5,1.54,0.03047214656951458,12.754315,15.762,103.75,104.01,0.0,0.0,0.026088715672478672,0.09578010391021173,60.73356010288706,-0.16164028799153632,0.21381771933649366
NWSA,Communication Services,27.36,0.06542057185401129,0.09308828844536166,0.03520470495895167,-0.07271981639173353,0.25356165580458634,72.4,0.37,0.023952144964210387,34.2,31.559,25.83,26.27,0.0,0.0,0.002585792602611417,0.09575962554423574,51.077131035919386,-0.18510307346409063,0.19027465866931345
NWS,Communication Services,30.98,0.05878329801435611,0.07457508235240717,0.019483070495003307,-0.09724018237897691,0.2598693145487799,70.0,0.39,0.029235852146644925,39.215187,31.559,29.42,29.99,0.0,0.0,0.0014052347682280714,0.09575720922577081,50.58542583531691,-0.1862788953142827,0.18908936485073885
NEE,Utilities,89.61,0.04215606570595498,-0.011374645962629382,0.12040074538114354,0.22881029763717464,0.22821247963515745,62.9,0.11,0.02487414640479635,22.633965,156.686,87.05,88.44,0.0,0.0,0.0008432102488601764,0.09575533189825014,50.35129936413036,-0.18683724027171011,0.18852366076943045
NKE,Consumer Discretionary,42.62,-0.05152456289750584,-0.02723257023725001,-0.34061986743771744,-0.3939875081194837,0.3537362786852498,51.1,0.81,-0.006411697717300768,20.292858,74.221,56.47,43.46,0.0,0.0,0.013235551408879798,0.09574127623398346,55.49757732608745,-0.17441735000972777,0.20088845282748738
NI,Utilities,46.97,-0.004977771974345457,0.0010445996070029828,0.12275550814425795,0.20725943048423168,0.18224904613014306,48.1,0.14,0.0026680897347104438,23.370646,140.908,45.03,47.1,0.0,0.0,0.0014921538399161136,0.09575316519008457,50.62166003825078,-0.18618404993264967,0.18916835761248188
NDSN,Industrials,288.79,0.00486037466255218,0.03799427604168493,0.10709273117572105,0.3394900564677299,0.21400566732141788,47.6,0.94,0.017268998854932383,30.820972,61.637,264.27,286.77,0.0,0.0,0.011427176684131488,0.09575897902439655,54.74941076903763,-0.17626042220368573,0.1991147755719487
NSC,Industrials,325.98,0.03845053417670252,0.09239348698363159,0.13890747668812753,0.2630010904052613,0.20124286648595888,79.3,0.37,0.021176648517557073,27.485668,111.586,299.13,313.46,0.0,0.0,0.0032182368525800766,0.09576995343243554,51.34034643628145,-0.18449087187499358,0.19092734558015373
NTRS,Financials,186.8,0.07146958228517053,0.20438661025396532,0.2910970057232918,0.5093633016522747,0.24518970571573784,71.5,0.93,0.03823924495792941,19.53975,0.0,147.5,170.43,0.0,-0.11643254197181666,0.02114153120454422,0.09577452187395258,58.73536280898881,-0.1665765316684028,0.20885959407749127
NOC,Industrials,536.75,-0.02467613371637467,-0.20733925637038653,-0.14059774701490024,0.046161869658028154,0.2728583679693857,61.1,0.04,-0.01533632767004045,16.76546,102.682,611.88,540.68,0.0,0.0,0.0025314871989884132,0.09576215290018726,51.05448721974363,-0.1851623324853786,0.19022530688335543
NCLH,Consumer Discretionary,19.52,0.004632020132491421,-0.07444284890778285,-0.19802792377187983,-0.16115169429439657,0.5339729104253127,43.4,2.14,0.05684900830775841,15.733871,661.444,20.61,18.5,0.0,0.0,0.026196801526794627,0.09600703689397098,60.75208691416128,-0.1619769907853885,0.21437059383897775
NRG,Utilities,141.67,0.12911450379080036,-0.16878890167332927,-0.042598728137609454,-0.05143354374252651,0.4523032757720374,55.2,1.47,0.03047717901963054,155.6813,479.237,155.27,137.1,0.0,0.0,-0.02410466298564274,0.09605296942581042,40.092569785415435,-0.21236848306023115,0.16415915708894568
NUE,Materials,234.7,-0.11668334984422335,0.23801001098845553,0.422388590686015,0.6800169695020823,0.3008847705926175,46.6,0.92,0.03535827998680641,23.260159,31.595,183.81,238.12,0.0,-0.1268070295201604,0.020442524583421957,0.09575257455573305,58.45288579685204,-0.1672325215458148,0.20811757071265874
NVDA,Information Technology,207.82,0.012817412405672801,0.058786937010159024,0.12508641759509742,0.2683414988932027,0.3572172348495674,57.6,1.86,0.018126652437489232,32.933437,6.555,191.8,209.13,0.0,0.0,0.024432059866318794,0.09579467040419644,60.06562643922668,-0.16332549412590622,0.21218961385854382
NVR,Consumer Discretionary,6374.75,-2.826317720849847e-05,-0.06852423080671566,-0.16030559488918894,-0.16035538631662605,0.27807145102966185,49.4,0.54,-0.008458358098796248,15.568676,31.22,7048.26,6252.86,0.0,0.0,0.011207418089732815,0.09574371301684825,54.65923354522998,-0.17645025942328973,0.1988650956027554
NXPI,Information Technology,288.6,-0.050141122633057034,0.37964624163560345,0.22131821707871668,0.30770896029343886,0.4813502548996694,44.9,1.83,0.016859884088901822,27.568766,103.991,238.53,298.57,0.0,-0.05989431151462496,0.027959204981819502,0.09576884672477165,61.48355381357599,-0.15974773459873293,0.21566614456237193
ORLY,Consumer Discretionary,85.76,-0.057734535785859964,-0.08292341244425105,-0.10287656110303167,-0.07898414024911049,0.2426104210281503,46.2,0.02,0.009237420589614409,27.936483,0.0,94.28,89.64,0.0,0.0,0.00046414870426994743,0.09576557566555634,50.193355301513,-0.18723637960022047,0.18816467700876036
OXY,Energy,54.33,-0.03908735494671234,-0.014428487528049483,0.2837101494002592,0.23038696289241778,0.34865875863040174,57.2,-0.48,0.013808577651796439,73.41892,41.989,49.53,55.03,0.0,0.0,-0.021315205187462678,0.09588576614368187,41.204099040523005,-0.20925130682907914,0.16662089645415376
ODFL,Industrials,227.36,-0.07483214400670779,0.08192667818910193,0.3133957816945854,0.3808345244749958,0.3925755104534802,64.1,1.14,0.04174112536243557,46.49489,0.909,182.06,218.55,0.0,-0.09880398353063721,0.015300301067725442,0.09575364272930151,56.34760354396159,-0.1723768386817055,0.2029774408171564
OMC,Communication Services,81.67,0.06507561090127845,0.07927719033133629,0.06661590319015764,0.16931414015187918,0.3534025188461301,73.8,0.4,0.03905852104863605,22.651226,110.574,76.59,75.15,0.0,0.0,0.00545787740807261,0.09577321734090195,52.27224286702873,-0.18225762858009523,0.19317338339624043
ON,Information Technology,94.31,-0.1924822603023446,0.30895202725869786,0.6052765541888299,0.5965802953416521,0.6259727867547229,33.6,2.42,0.005544265252057645,69.3603,44.337,72.34,110.33,0.0,-0.15372271608114227,0.0294024916618394,0.09582680676557867,62.051342538022666,-0.1584180495986948,0.21722303292237358
OKE,Energy,91.02,0.004746664339977835,0.08569938957823786,0.2880722674720475,0.1771863798452038,0.26659326564076996,58.0,-0.28,-0.0015358382340781018,16.224598,149.644,80.5,88.8,0.0,0.0,-0.002434367299309311,0.0957879876935757,48.98623247840088,-0.1901788231787177,0.18531008858009906
ORCL,Information Technology,129.6,-0.2937007517811602,-0.20214182120935065,-0.3623944786226194,-0.4283097487864449,0.6487859731336533,14.6,1.84,-0.07430514298655955,22.228989,388.87,194.81,181.18,0.0,0.0,0.024253636706865447,0.09590641741501353,59.982283867328256,-0.16372294142656107,0.21223021484029198
OTIS,Industrials,72.69,0.02742052920715543,-0.10707659416501014,-0.17905090989960815,-0.25864896981754326,0.2396047288294479,54.1,0.31,0.008602785475334995,19.332447,0.0,83.63,72.35,0.0,0.0,0.007145088575281469,0.09575113683026956,52.97420460731739,-0.18052713961204686,0.19481731676260983
PCAR,Industrials,123.32,0.04049952065231199,-0.013768244736416801,0.04697907414911495,0.3186048947574769,0.27667672963845946,63.9,1.02,0.006693875059789578,26.350428,76.163,113.64,116.55,0.0,0.0,0.013501352731786074,0.09575035141891093,55.606731085268244,-0.17416933604927934,0.20117204151285148
PKG,Materials,224.63,-0.009262077732538399,0.07710247996166109,0.04706926481008189,0.13170054909341977,0.27132435568946084,38.6,0.73,0.0007573650711061308,27.32725,95.185,215.68,224.02,0.0,0.0,0.009493316275736208,0.09574501392735262,53.94912348769441,-0.1781669110218749,0.19715354357334733
PLTR,Information Technology,132.83,0.03781548596036988,-0.0211495591874048,-0.2596287881403805,-0.10941999821170878,0.5163611401878795,66.1,1.74,0.004613527489939706,150.95454,2.477,156.54,132.97,0.0,0.0,-0.013003289492206015,0.09594433296106829,44.60966125844076,-0.20105418209589987,0.17504760311148782
PANW,Information Technology,349.73,0.2507153000877045,1.1642738661385188,0.8515724113862491,0.8337091226148341,0.4120127109974316,66.6,1.2,0.09087934776017681,301.60776,7.698,205.37,273.47,-0.12882594403478095,-0.552907084032556,-0.04582898288110398,0.09685935947902982,31.805316833724227,-0.23567332746000244,0.14401536169779447
PSKY,Communication Services,9.2,-0.11660270093011615,-0.16523740611977833,-0.23481532699747754,-0.2801911626643363,0.6829005437724986,41.2,0.58,-0.055897443722455975,306.83334,130.167,12.46,10.22,0.0,0.0,-0.0777884405673483,0.09689445513693651,21.104048179394642,-0.26770157263574385,0.11212469150104726
PH,Industrials,956.56,0.058750628942884076,-0.026678060806075377,0.03398382812634004,0.35498764823479956,0.25363654191468205,52.5,0.88,0.018559722919252453,35.652626,65.554,891.62,905.25,0.0,0.0,0.008992206425522078,0.09574554509275549,53.741275422037916,-0.17866906195627869,0.19665347480732281
PAYX,Industrials,109.46,0.08769755359738896,0.24775271224384365,-0.005984262574226462,-0.21033739346851266,0.2638591131367086,71.9,0.12,0.0269750417583714,21.720238,123.378,104.43,98.2,0.0,0.0,0.0018440301104088992,0.09576568346479468,50.768141668150136,-0.18585670948058866,0.18954476970140646
PYPL,Financials,46.6,0.1220804200300547,-0.02535733171891663,-0.18144237937744934,-0.36387097983649863,0.3915031536352112,69.4,1.2,0.046485509803934955,8.742964,58.28,53.11,44.2,0.0,0.0,0.02212049357376727,0.09576817685224571,59.133466828680824,-0.16558513305663433,0.20982612020416888
PNR,Industrials,76.24,0.03306225895818038,-0.15788265943101853,-0.25626616765515575,-0.2784516833575391,0.27787573892055617,63.5,1.05,0.0406769811717671,19.110275,54.634,94.34,74.57,0.0,0.0,0.01682461298004208,0.09575382505786202,56.97379142841205,-0.17085288413336747,0.20450211009345165
PEP,Consumer Staples,136.88,-0.05122339482081151,-0.11173814708427443,-0.012762510682014616,0.04963794464183224,0.2259089357675066,42.1,-0.21,-0.03950592829300392,17.79974,238.949,150.06,144.51,0.0,0.0,-0.002692003354322038,0.09578327590714006,48.87891432229765,-0.19042722413231655,0.18504321742367247
PFE,Health Care,24.18,-0.07726057570638856,-0.09316802835516036,-0.010841893749581666,0.02071306357488112,0.24301476918250045,44.1,0.28,0.005613315308293343,18.461376,71.602,25.87,25.31,0.0,0.0,0.006098597335148562,0.09574781049776722,52.53932097360098,-0.1815671112404752,0.19376430591077232
PCG,Utilities,17.51,0.03633893953080203,0.0003385696152724549,0.12205955738851504,0.3219318458769418,0.26409583249633406,62.7,0.22,0.027272737442541883,13.473077,187.872,16.57,16.63,0.0,0.0,0.004778185611479276,0.09575734972609734,51.98985196999521,-0.18290621985167152,0.19246259107463007
PM,Consumer Staples,179.57,-0.01755952013244544,0.13540968711038093,0.10607968368257548,0.029480248643674267,0.2825609012094067,53.9,-0.13,-0.04006527012631511,25.292253,0.0,167.74,179.36,0.0,0.0,-0.0010236065773716406,0.0957842287555952,49.57367494108069,-0.18876069493833822,0.18671348178359495
PSX,Energy,199.71,0.1129005857351364,0.26706919006655006,0.46066741730103966,0.6010858792152349,0.30371887329982966,82.0,-0.13,0.0633619578827842,18.752113,91.385,155.03,177.15,0.0,-0.13822094000369475,0.006260044899821764,0.09582690065172991,52.604301513909846,-0.18156068037756887,0.1940807701772124
PNW,Utilities,108.89,0.05268751759097601,0.06977797379122919,0.2372796237923298,0.24019310698637297,0.1670135710297256,64.2,-0.18,0.00992394451727674,20.315298,212.957,96.28,103.06,0.0,0.0,-0.003332737046483923,0.0957752671584618,48.6120618776363,-0.19105226067706904,0.18438678658410118
PNC,Financials,253.49,0.06662876046064259,0.1459990895773018,0.19311664248912153,0.32743371599984084,0.21869525949432994,70.8,0.64,0.028252124984294413,14.720964,0.0,212.71,230.28,0.0,-0.0417637163884263,0.014673009270420602,0.09576400595033178,56.08878056887009,-0.1730244423922297,0.20237046093307087
PPG,Materials,113.95,-0.04516507084839838,0.037569413723576695,0.06758057378638704,0.0053793348564259436,0.29596140012763267,43.5,1.01,-0.002887660435593853,16.343122,93.736,108.62,113.55,0.0,0.0,0.016828460245243912,0.09574655691859862,56.97589384023705,-0.1708347913152094,0.2044917118056972
PPL,Utilities,36.18,0.009205072387741042,-0.07925415506273481,0.055864802922017454,0.07389268761279588,0.17607498178356615,49.0,-0.02,0.0052792058307311596,22.19325,135.116,36.6,35.83,0.0,0.0,-0.00026154895693805257,0.09575772669338892,49.89103458156139,-0.18794669327598032,0.1874235953621042
PFG,Financials,114.12,0.02704281118738905,0.221960234847574,0.28680908579609277,0.4616301602550823,0.224898644138872,54.1,0.71,0.030567113974434346,16.350286,33.624,92.89,105.74,0.0,-0.07863546910459515,0.016937490356100437,0.09575366173519496,57.020106561478336,-0.1707396866448817,0.20461466735708256
PG,Consumer Staples,146.2,-0.022792618462655345,0.020230486049374496,0.034063219114022436,-0.021815215939816057,0.19599348446525436,41.5,-0.09,-0.014824777888985508,21.188406,67.651,148.32,146.36,0.0,0.0,0.00013431064044593658,0.09576623507186671,50.05595100984787,-0.1875675101004128,0.1878361313813047
PGR,Financials,227.86,0.12235330052538473,0.15957676046511238,0.053483369313571005,-0.01902314418383433,0.23462870896053645,60.6,-0.38,-0.021640160662146246,11.404405,26.174,213.03,207.32,0.0,0.0,-0.0007753063234187186,0.0957977785781662,49.677133331493614,-0.18853895233662446,0.18698833968978704
PLD,Real Estate,142.42,-0.035540983972452644,0.036814339031257415,0.12046903068336623,0.34461684672781456,0.2203392448495131,43.8,0.53,0.01007090899961205,35.78392,60.934,133.07,142.07,0.0,0.0,0.004221130554583879,0.09574916015100393,51.758179528865114,-0.18344722334138383,0.19188948445055157
PRU,Financials,115.46,0.06419351463493661,0.1850819737213949,0.007527516524027833,0.15377938246973977,0.22971518628580653,66.7,0.73,0.024806942525678277,11.806237,158.972,104.58,105.24,0.0,0.0,0.012835348607155973,0.09575504029327904,55.33159440836835,-0.17484453036767095,0.20051522758198287
PEG,Utilities,81.15,0.018255983522804664,-0.0023094662228254625,0.04985223611861889,0.010091755925648371,0.18991710348187546,49.0,0.16,-0.0012921899356778122,17.952433,141.01,81.17,79.18,0.0,0.0,0.0035539413927304863,0.09575083749421037,51.48039646224092,-0.18411770009592182,0.1912255828813828
PTC,Information Technology,123.65,0.08770320527856379,-0.07482150127310716,-0.27871372577223197,-0.35288832152443506,0.311378871816145,72.9,0.46,0.008482995616007072,11.809942,35.78,159.56,131.41,0.0,0.0,0.010883381487837407,0.09576684960438696,54.52402188198144,-0.17681964373676104,0.19858640671243585
PSA,Real Estate,322.09,-0.002632086756331309,0.06934902837295853,0.17618611615509971,0.16223621654973175,0.2319583413156588,50.8,0.42,0.004115121019511836,33.13683,107.646,291.9,310.88,0.0,0.0,0.0028982941426972573,0.09574220289273076,51.20748788780129,-0.184756423527055,0.19055301181244955
PHM,Consumer Discretionary,123.86,0.0077349626020362106,0.011759966530970445,-0.06637066559869198,0.10640988839247378,0.34951239399973855,45.7,0.89,0.007483310156787937,11.96715,18.942,124.35,121.72,0.0,0.0,0.01735287630011958,0.09574890278525269,57.190771651881725,-0.1703149731589757,0.20502072575921487
PWR,Industrials,659.98,-0.067339978183244,0.11049934262159744,0.5259336174243359,0.7068269054252794,0.3877444401322953,39.5,1.53,-0.009529867270316239,90.18194,69.121,546.38,714.22,0.0,-0.05790989097504712,0.004669489003696434,0.09579643373042572,51.94382932791151,-0.18309152110793797,0.19243049911533083
QCOM,Information Technology,182.94,-0.13593424623730166,0.38223189327450147,0.09171477667579775,0.2106801421452682,0.511480202528978,35.5,2.04,-0.019403919192540475,19.692142,55.979,168.95,207.09,0.0,0.0,0.031021306042429357,0.09580271330496187,62.69568030169758,-0.1567520120352959,0.21879462412015463
DGX,Health Care,206.33,0.02022257378458736,0.06698798637475245,0.18802119163404885,0.2469479840427593,0.23295465522563535,67.2,-0.11,-0.009041387366197973,22.82384,82.737,191.52,198.12,0.0,0.0,-0.0014802412789175067,0.09577322369417594,49.383431716526324,-0.18919575971950234,0.18623527716166735
RL,Consumer Discretionary,373.12,-0.07413236418996894,0.002766828340425409,0.032507565157300355,0.30504441074072486,0.3501395788912032,31.4,1.38,-0.019034573859506132,24.726309,105.913,356.22,375.34,0.0,0.0,0.0194109717645692,0.09576774573418366,58.031054402511565,-0.16829380987443077,0.2071157534035692
RJF,Financials,166.9,0.08477928340859497,0.0930622284990863,-0.016227221941697345,0.06191839729379356,0.25435501674884003,64.4,0.81,0.009343804728849436,15.864544,48.477,158.07,154.29,0.0,0.0,0.014236704052529674,0.0957496841429172,55.90995696856853,-0.17343267686758804,0.20190608497264736
RTX,Industrials,197.29,0.07497359039733054,-0.023165977660844383,0.02537897199215222,0.34267290705668074,0.24935128800541032,69.6,0.47,0.012210240760216706,37.084568,57.229,185.04,182.54,0.0,0.0,0.002556421922526753,0.09575419570240606,51.06495975666344,-0.18512180165418912,0.19023464549924263
O,Real Estate,63.99,0.02473362791537781,0.016023783909365097,0.115264309365541,0.15064438782642076,0.16844743222722883,66.8,-0.01,0.012098677766673616,52.454914,73.467,60.99,61.76,0.0,0.0,-0.009000300461819,0.09577690198475189,46.256589265622935,-0.1967230283519327,0.17872242742829472
REG,Real Estate,80.52,0.002989510057534117,0.02149709833114488,0.16930219675209734,0.19859572174961837,0.16333163189644045,58.0,0.13,0.010035065355161077,27.464163,73.218,74.51,78.21,0.0,0.0,0.0007416155840644385,0.09575507032138722,50.30897460938739,-0.18693832224585452,0.1884215534139834
REGN,Health Care,656.66,0.07273656731046696,-0.12953397765257813,-0.14266034937621974,0.15715910250788467,0.3303775261516335,65.8,0.42,-0.00937579472859118,16.024036,8.612,702.25,647.42,0.0,0.0,0.009178317949301658,0.09576479784508007,53.817708706448464,-0.1785206858270553,0.1968773217256586
RF,Financials,31.19,0.06559617513721894,0.13470315230496976,0.1249372179710182,0.31332308859689184,0.247851765206889,70.6,0.8,0.04594234920368523,12.941909,0.0,27.28,28.56,0.0,0.0,0.015294927479799877,0.09576453093127268,56.3446777714202,-0.17240355314549458,0.20299340810509434
RSG,Industrials,220.61,0.054042403163812036,0.04498210948683257,0.05232412949545506,-0.08607753288481823,0.1909677407317681,66.2,-0.31,0.0006803678305200567,31.651363,117.578,215.04,208.9,0.0,0.0,-0.007224441377960381,0.09578157258285729,46.99378014818158,-0.19495632364036067,0.1805074408844399
RMD,Health Care,191.8,-0.015299290205436633,-0.1661088509531451,-0.25218751929796634,-0.23781947501500733,0.2674335211402274,50.4,0.5,-0.06820828573610094,18.990099,12.988,237.21,200.01,0.0,0.0,0.00984962635056941,0.095745391087106,54.09681610544583,-0.17781134018015834,0.19751059288129716
RVTY,Health Care,110.39,0.10766601779303953,0.18143914898064506,0.06404334231542697,0.12427062270473677,0.3965558767132669,68.0,1.39,0.009510753818377626,53.58738,46.642,97.39,101.93,0.0,0.0,0.01093901102550787,0.09576447434057186,54.547158210873334,-0.17675935868201298,0.19863738073302872
HOOD,Financials,110.22,0.18279853617801645,0.3936654896684353,-0.062074526696097476,0.1026910712651552,0.6906200359787072,57.1,3.01,-0.029111251129322446,53.25121,140.483,102.11,91.07,-0.06031009366870149,0.0,0.029592910203818518,0.09595065259647827,62.11178637179996,-0.15847036888527888,0.2176561892929159
ROK,Industrials,470.04,0.02328887066423868,0.16339106583729168,0.1424545113678466,0.38906877077670377,0.30248643383070045,55.4,1.55,0.013864068840275356,50.05724,113.367,402.96,457.18,0.0,-0.01647410486091927,0.014277526016534581,0.09577781516243422,55.925050080318684,-0.17344699170183647,0.20200204373490566
ROL,Industrials,44.29,-0.06145365110352585,-0.18903131974831544,-0.2693674276296455,-0.1955205805265997,0.2512721599599279,48.2,0.08,-0.014682977446271117,40.633026,77.235,55.99,48.16,0.0,0.0,-0.0034845205029751117,0.09575799627066159,48.54861642575642,-0.19117019319347184,0.1842011521875216
ROP,Information Technology,351.32,0.051425731205448466,-0.005095821371164266,-0.18339023126195364,-0.35366511650364973,0.2596350171631163,67.3,0.23,-0.010073577895880592,21.646027,55.606,393.31,336.71,0.0,0.0,0.004446659442815174,0.0957568311345155,51.85190245301138,-0.1832367295808352,0.19213004846646553
ROST,Consumer Discretionary,220.65,-0.08114354813702096,-0.009908182179144132,0.15233243028640264,0.6973929867136734,0.2576587643166484,40.6,0.69,0.013434700695195811,30.893705,74.911,196.34,223.75,0.0,0.0,0.00765179435743231,0.0957505696569062,53.184710325608265,-0.18001932217010383,0.19532291088496848
RCL,Consumer Discretionary,286.86,-0.02554527959276165,0.024215289634860637,-0.03734770101111062,-0.14696191278596815,0.4687803036320223,35.1,1.74,0.021035674987535558,17.502134,217.312,287.61,283.99,0.0,0.0,0.025657755782826586,0.09578912726743627,60.559517271222205,-0.1620889336613485,0.21340444522700167
SPGI,Financials,434.97,0.09752286317148617,0.0837022569411443,-0.1516590360345743,-0.125444024503354,0.29938574276181446,74.3,0.37,0.009703086406065875,27.512333,38.392,436.54,400.94,0.0,0.0,0.004590048568526967,0.09576575281493989,51.911396834759316,-0.18311082694875522,0.19229092408580914
CRM,Information Technology,168.26,0.014256468152785029,-0.015298171917125014,-0.34806797599050066,-0.3465838992208612,0.3913522834740758,66.3,0.45,0.010055246928479367,19.507532,124.282,209.93,172.26,0.0,0.0,0.007490432612933697,0.09577067015872465,53.117036210665106,-0.1802200808981666,0.195200946124034
SNDK,Information Technology,1751.0,-0.11570121630759767,0.8539694209001623,3.4981633555586065,40.219397807644604,1.079225799125703,45.3,4.1,0.013791235162705862,59.737793,1.503,753.06,1713.53,0.0,-1.1751666557556906,0.08379225185132237,0.11061063241021948,77.56375345143975,-0.13300458767270779,0.30058909137535256
SBAC,Real Estate,185.51,-0.09414521906038076,-0.1442076469267357,0.01569010146889971,-0.18272788946993668,0.33478097064473683,45.7,0.04,0.019341661121077935,19.819445,0.0,195.12,198.28,0.0,0.0,0.0034014646081608722,0.09578498095300886,51.41640461775001,-0.18433709805973647,0.19114002727605822
SLB,Energy,47.44,-0.15548238809010506,-0.07372778366375488,0.06256934509863066,0.34569181165065355,0.33864972683720646,47.9,0.8,0.0003162426639664595,20.905287,42.515,45.75,52.52,0.0,0.0,0.012841509129270987,0.0957429149975324,55.33480958550727,-0.17481460426589251,0.20049762252443448
STX,Information Technology,881.18,-0.052878151632619996,0.6530598761984387,1.7477495189571792,4.959590088768968,0.686175130604524,38.1,2.5,0.02460404718958098,83.879524,381.553,476.3,876.8,0.0,-0.7000705343350114,0.04787935486573598,0.09616187222601705,69.0724050925142,-0.1405979146972574,0.2363566244287294
SRE,Utilities,94.65,0.032900891938995924,-0.008668620461725562,0.07734014510178366,0.3063623056443625,0.1970676109716368,63.3,0.2,-0.007133119606783311,32.19388,85.267,91.84,91.6,0.0,0.0,-9.971419977924308e-06,0.09575366567872978,49.995845567906514,-0.18768715615028828,0.18766721331033245
NOW,Information Technology,106.31,0.04067546468165473,0.2109010046310833,-0.2547321876048012,-0.4473528314502584,0.5224538137887196,62.1,0.67,-0.013685270837138108,63.270836,20.728,130.45,102.64,0.0,0.0,-0.0012002035746315023,0.09582441730010678,49.500336714013265,-0.18901606148284078,0.1866156543335778
SHW,Materials,329.05,0.03703120218103062,-0.011081675132886049,-0.0754896475737874,-0.03592726297318749,0.2519762910495637,55.1,0.7,-0.004598177383222768,31.639423,329.521,333.21,317.84,0.0,0.0,0.004600040397377729,0.0957732400114784,51.91540481987589,-0.18311551002511992,0.1923155908198754
SPG,Real Estate,221.09,0.009359035402634941,0.10127868031593601,0.22325944539384723,0.4258691153214449,0.19312848291003523,56.5,0.36,0.009128668736273493,15.332177,457.473,193.6,210.17,0.0,0.0,0.00278785523515806,0.09582727730835411,51.160459200732824,-0.18503360828921597,0.1906093187595321
SWKS,Information Technology,58.94,-0.20312290493343443,0.03800962189487933,0.022461212906026207,-0.1747400593850894,0.43969023818752373,13.5,1.46,0.007779073402299552,24.545832,20.632,65.62,70.31,0.0,0.0,0.02242788053994904,0.09580808975261199,59.25431131538371,-0.16535597537517044,0.21021173645506852
SJM,Consumer Staples,109.17,-0.06283801037909431,0.1970694360054701,0.11352870218860223,0.08616326049144929,0.28311781997151764,47.3,-0.26,-0.028044885456174562,25.292253,128.609,103.82,106.51,0.0,0.0,-0.004372983676913583,0.09578851860053096,48.17936188482058,-0.19211848013395424,0.1833725127801271
SW,Materials,43.09,-0.005309315416819116,0.03520753208462102,0.023932892684514595,-0.04278005487171177,0.42375903740506293,44.2,1.44,0.02400186020875683,59.84722,78.831,40.99,41.94,0.0,0.0,0.009932467343338748,0.09575785132239115,54.13061413234785,-0.17775292124854788,0.19761785593522538
SNA,Industrials,404.95,0.045084860964586415,0.07897758273425759,0.14567248998029725,0.30364804547869584,0.2151877183427283,67.2,0.65,0.009572207616011852,20.911589,21.731,364.36,382.4,0.0,0.0,0.010514591708749407,0.09575652086013324,54.37181815690465,-0.17716818917711175,0.19819737259461057
SOLV,Health Care,76.13,-0.03474078100349509,0.10301363309419709,-0.11156500076569953,0.027811496787918832,0.2807762696440419,56.8,0.74,0.012636298808005986,9.318237,106.48,74.64,76.02,0.0,0.0,0.01472336340333425,0.09574238367251346,56.11088083472473,-0.17293170859479215,0.20237843540146064
SO,Utilities,96.43,0.025851067076338108,0.013218207808898708,0.12972248254706287,0.074467517165691,0.16679449428543142,55.4,-0.23,0.0005188115084329148,24.662403,190.431,92.82,93.92,0.0,0.0,-0.004799258994959639,0.09577165397173376,48.00167771209438,-0.19251170077955782,0.18291318278963853
LUV,Industrials,47.61,0.04706398355393193,0.15894098217714037,0.0951986738985644,0.28659122922185243,0.4469602883861766,40.4,1.45,-0.021578282785719938,31.733332,93.033,40.76,44.26,0.0,-0.018190203503382074,0.019321803735664417,0.09575392264236796,57.99579976274594,-0.16835588464337678,0.2069994921147056
SWK,Industrials,87.64,0.04807458157170075,0.22699520840434273,0.08675877363896523,0.28017787408550165,0.3885330579934957,57.3,1.58,0.017295389870909617,36.516666,77.606,76.74,82.03,0.0,0.0,0.018535066954660243,0.09576057643173842,57.67383574713103,-0.16915566285154704,0.20622579676086755
SBUX,Consumer Discretionary,107.24,0.04076083958583587,0.095445862245364,0.206805200982364,0.178227302892064,0.2861154977099175,68.1,0.64,0.032444353789125024,81.862595,0.0,93.36,102.55,0.0,0.0,-0.007833101873912935,0.09578976739155012,46.741325975660715,-0.19558104596135117,0.17991484221352533
STT,Financials,182.83,0.09610471276797483,0.295951706711701,0.3897942348454111,0.7044248028049875,0.25471940945045807,65.2,1.11,0.030492637346088758,18.559898,0.0,135.07,162.18,0.0,-0.2035969514347564,0.02860503696384461,0.09579890136494952,61.737531620033245,-0.15916080971145644,0.21637088363914567
STLD,Materials,233.98,-0.170637147609923,0.20077134150949183,0.3890547567437368,0.7773505270117271,0.3532806867105207,43.5,1.15,0.022818680477574294,25.078241,45.994,191.47,245.31,0.0,-0.0720047967660433,0.020082233147448867,0.09574690228806264,58.30658303852786,-0.1675816953371539,0.20774616163205162
STE,Health Care,210.62,0.01471867397622173,-0.06043798734767958,-0.18787070714012366,-0.05960998674938478,0.25030720779678967,57.1,0.53,0.005370184593540106,26.61995,28.999,236.19,211.06,0.0,0.0,0.007471194742015755,0.09574267000334186,53.1099542978681,-0.1801844384645343,0.19512682794856578
SYK,Health Care,308.7,-0.008571065650540444,-0.10511128293413974,-0.14115277531555503,-0.20338467024453155,0.2534951683557792,49.7,0.26,-0.05553003994968919,35.682083,66.295,346.07,308.62,0.0,0.0,0.0006788469947930638,0.09574742074673892,50.28284678284314,-0.18698609766881522,0.18834379165840134
SMCI,Information Technology,27.75,-0.08896585632942955,0.02022420602057373,-0.07868199173545609,-0.44198472878407347,0.868676530933739,27.2,3.41,-0.01490595999388733,14.6026325,120.798,34.47,33.46,0.0,0.0,0.05204093812305996,0.09604002753642972,70.6044993467577,-0.13619751584834228,0.2402793920944622
SYF,Financials,73.9,0.007360972069718752,-0.01787107372855934,-0.06439882089509275,0.06001105949551144,0.3140514829733253,47.5,1.29,0.08262524484532485,7.566018,0.0,74.2,73.11,0.0,0.0,0.024529157251475676,0.0957670002021537,60.10762042122124,-0.1631741631447456,0.21223247764769693
SNPS,Information Technology,433.64,-0.04462535907184717,0.035422689601390056,-0.1870664323449952,-0.2108984283889599,0.5646469064055761,33.0,1.59,-0.0019907715405638182,99.003426,35.574,455.53,476.89,0.0,0.0,0.0011015309709367972,0.09583091638264617,50.45855514830296,-0.18672706513904969,0.18893012708092327
SYY,Consumer Staples,82.85,0.05315234392577883,0.12640643722761236,0.130470335513738,0.09653388614513725,0.27139760163087295,66.3,0.26,-0.0038475375961196656,23.01389,670.44,78.42,77.28,0.0,0.0,-0.003512274328956303,0.09594731069262445,48.53994672197453,-0.19156900328650023,0.1845444546285876
TMUS,Communication Services,187.29,-0.009545255823959264,-0.008888265895108938,-0.04198928316795514,-0.16360140988751526,0.2603627933394897,52.6,-0.43,0.03971910071910445,19.925001,218.569,202.41,185.38,0.0,0.0,-0.006206656852368803,0.09580394597020792,47.417259973951666,-0.1939823909539763,0.1815690772492387
TROW,Financials,114.95,0.06101156303218347,0.21378671525876158,0.10503364557500672,0.18289654527003152,0.2454181325736335,66.0,1.0,-0.025517142756799838,12.872339,3.87,101.57,106.91,0.0,0.0,0.018261324956719498,0.0957656567738923,57.561482987299314,-0.1694393623201094,0.2059620122335484
TTWO,Communication Services,240.35,0.13506496388909395,0.17186737665043772,-0.03442870050004232,0.007925854803469301,0.30739318153839407,47.7,0.72,-0.04387778886566096,22.651226,84.26,230.87,231.22,0.0,0.0,0.010863530317565673,0.09573724861076921,54.517195741329076,-0.17678147695954197,0.19850853759467332
TPR,Consumer Discretionary,137.23,-0.06912225320833587,-0.08781135703896636,0.032093162035151,0.368760782495152,0.4059346132190411,20.9,1.37,-0.0207649755586079,43.29022,574.912,132.69,140.95,0.0,0.0,0.007953382595369457,0.0959276209522153,53.30385462860232,-0.18006475447097253,0.19597151966171145
TRGP,Energy,279.83,0.026504728713178105,0.1753199414141724,0.6152307429835022,0.6596362734659542,0.27690297417918297,59.8,-0.02,0.007072662724181056,28.611984,585.249,214.76,265.53,0.0,-0.1529461407048611,-0.0002314552228313447,0.09592283315031487,49.90373805508753,-0.1882402081974485,0.18777729775178578
TGT,Consumer Staples,134.54,-0.005139333634454513,0.13616744002522108,0.2925127405846333,0.33902035809576003,0.3088793517770376,50.6,0.5,0.015971949270575214,17.772127,117.548,110.72,128.41,0.0,-0.06511959412115859,0.012016450471827738,0.09574288138500175,54.99391093269149,-0.1756395970427757,0.19967249798643116
TEL,Information Technology,201.9,-0.040308065355601275,-0.14437515551856162,-0.13635711819882235,0.1580470317848326,0.347596349280209,48.3,1.64,0.028842174097459816,20.623085,43.798,220.74,206.11,0.0,0.0,0.024874472949507974,0.09577496177652578,60.24593119792896,-0.16284445213248255,0.21259339803149851
TDY,Information Technology,631.36,0.008530024046692564,-0.025062216573524365,0.14869999771241704,0.17630840147995452,0.2573140129966344,57.5,1.07,-0.012744170207827366,32.03247,23.133,594.34,626.75,0.0,0.0,0.013334615675204789,0.09575463196896464,55.53769319221898,-0.1743444629839659,0.2010136943343755
TER,Information Technology,359.18,-0.10917663243682396,-0.016947156444220957,0.6021834522725111,2.781762880429998,0.7316325773677008,41.4,3.17,0.02164571832927864,70.09668,2.621,274.92,381.85,0.0,-0.15646917468808227,0.03886370440421778,0.09593983343366963,65.7292165983892,-0.1491783691257747,0.22690577793421024
TSLA,Consumer Discretionary,400.55,-0.014479687410130282,0.0997940691996535,-0.10783806786531458,0.2639476842608357,0.4475500174573805,55.5,2.15,0.016456925111197895,360.79288,18.738,417.98,410.01,0.0,0.0,-0.07165840627443723,0.09718127754063345,23.04491635454773,-0.2621337102540788,0.11881689770520432
TXN,Information Technology,308.66,0.02503988000527002,0.4174091448951922,0.6515220108450943,0.4420243032733713,0.43607160931350764,51.8,1.29,0.024359472187297726,52.755554,83.741,219.19,300.67,0.0,-0.2582062190471427,0.02317513744368339,0.09579330955232371,59.558224018347936,-0.1645797492788711,0.21093002416623785
TPL,Energy,408.73,0.07869944587372402,-0.006902090402673089,0.3216717410502252,0.1890974713023712,0.4778709607352946,64.6,0.42,0.03588717692491539,56.14423,1.156,378.37,393.99,0.0,0.0,-0.002832041493795886,0.09582702377492265,48.82115023437047,-0.19065300809264427,0.18498892510505252
TXT,Industrials,88.87,-0.04255545099363367,-0.04059399253617635,-0.04686535992293994,0.0416969643204157,0.2610837418397662,57.4,0.74,-0.010686842534837648,17.255339,52.674,89.16,91.08,0.0,0.0,0.012929750617775185,0.0957424991084948,55.371269806039415,-0.17472554763487463,0.200585048870425
TMO,Health Care,531.03,0.13256346096819493,0.008226834043277176,-0.13545723619032213,0.25302329567078075,0.3143228982648848,77.6,0.82,0.04096018530815493,29.197744,82.903,527.8,479.55,0.0,0.0,0.009548559122159782,0.09576224357140121,53.97131580091844,-0.1781454382777866,0.19724255652210618
TJX,Consumer Discretionary,149.83,-0.11032599861664283,-0.06213661020659578,-0.040447318194775206,0.22743307437999483,0.19400411567164783,25.4,0.12,-0.019372940540254402,29.203703,136.307,153.49,156.31,0.0,0.0,-7.615627682138756e-05,0.09578306638074774,49.968280452183336,-0.18781096638308695,0.18765865382944416
TKO,Communication Services,180.91,-0.10690138349763945,-0.07037650612210467,-0.0840747779760388,0.052993534226467354,0.3304590327951021,29.4,0.54,-0.062179307180908916,67.005554,58.229,197.65,195.4,0.0,0.0,-0.004549470697837579,0.09577943226151353,48.10575829078248,-0.19227715793040412,0.18317821653472893
TTD,Communication Services,19.34,0.003371297945751861,-0.07968606602910533,-0.47574529773969376,-0.7435370643631418,0.6440428942369714,62.5,0.71,0.014420536073994406,21.730337,17.264,31.54,20.43,0.0,0.0,0.012418088509306964,0.09591382392597143,55.150763774465695,-0.17557300638559706,0.20040918340421096
TSCO,Consumer Discretionary,30.01,-0.03952001953124995,-0.32788328026531877,-0.4002751572626654,-0.4720689256758851,0.3097903773738321,52.4,0.42,0.014705864336185037,14.866337,254.949,46.14,30.73,0.0,0.0,0.007124032274511896,0.09575819331664591,52.96523780219762,-0.1805620266261141,0.19481009117513787
TT,Industrials,482.58,0.05309326038683171,0.027849307953270896,0.25779368983431494,0.10646277981019958,0.28967757827518925,53.6,1.09,0.021787414175976627,36.838165,53.597,436.27,470.06,0.0,0.0,0.01192429722581079,0.09574633576821083,54.95563350735638,-0.17573852087988243,0.199587115331504
TDG,Industrials,1227.18,-0.02298474901069647,-0.053525354930616276,-0.11466535506748288,-0.1671827181942791,0.29007867407908944,35.1,0.76,-0.053415916887900594,38.377304,0.0,1284.63,1251.25,0.0,0.0,0.008022657190367016,0.09575532493677688,53.33854712434236,-0.17965777968571567,0.1957030940664497
TRV,Financials,339.8,0.1160907909501736,0.13897522477021762,0.22096371517071312,0.3512783239082369,0.1837496310595399,71.4,0.02,0.005518702198324066,10.143433,28.975,293.86,309.99,0.0,-0.006344586017642012,0.005030122793955894,0.09577422864006871,52.09430710391687,-0.18268736534057878,0.19274761092849058
TRMB,Information Technology,51.74,0.026180157823458616,-0.22207186864181294,-0.35965346875885806,-0.3548627974155948,0.29486619719919827,65.0,1.27,-0.012595416568569218,27.089006,25.062,69.15,54.71,0.0,0.0,0.0178967050633373,0.09576518735970665,57.41230771003421,-0.16980306216168775,0.20559647228836234
TFC,Financials,52.32,0.012775839128175592,0.0674894088713851,0.06513948287121463,0.19749356544837648,0.24200919944068808,66.6,0.78,0.05292817751662349,12.950495,0.0,48.25,49.23,0.0,0.0,0.015161733061021837,0.09575917026510626,56.290237065270766,-0.17252624065858643,0.2028497067806301
TYL,Information Technology,303.17,0.014472668518376919,-0.05939930240665725,-0.3209581724067526,-0.46102080238966836,0.3791194671038689,63.8,0.11,-0.035397243620647556,41.925312,1.348,389.69,307.07,0.0,0.0,-0.002496117883257778,0.09580250600294538,48.96068031456356,-0.1902690296490307,0.18527679388251517
TSN,Consumer Staples,57.42,-0.0002611769035126832,-0.10869894782521572,-0.017723338096460983,0.09376935089420435,0.24853581825031162,50.0,0.03,-0.01518007432443702,45.212597,44.41,59.6,60.83,0.0,0.0,-0.005414248115051675,0.09576499631080335,47.745708316419936,-0.19311364088422622,0.18228514465412288
USB,Financials,62.62,0.07144343561716582,0.12588478119077262,0.17306397936843787,0.3835710209624221,0.22497950218955623,67.5,0.76,0.02647543735191471,13.154411,0.0,53.58,56.91,0.0,-0.018628565534217018,0.015644491515396073,0.09576247737678294,56.48855164685763,-0.17204996414309848,0.20333894717389062
UBER,Industrials,72.48,0.05272338363488749,-0.0058976859632122736,-0.14397065165501188,-0.22803276357327718,0.3371503188238624,55.9,0.94,-0.015217325277273042,17.985111,48.113,80.43,73.04,0.0,0.0,0.015873887465102075,0.09574258463056595,56.5841869048282,-0.17178157841080718,0.20352935334101133
UDR,Real Estate,40.28,0.022334954805521168,0.16130884199169304,0.126662038733369,0.03474957656168476,0.20440650337934102,67.3,0.22,0.011297939431459847,27.394558,142.368,36.59,38.42,0.0,0.0,0.0011410984066264039,0.09575414791835918,50.47540669071356,-0.18653703151335757,0.18881922832661038
ULTA,Consumer Discretionary,464.26,-0.007439989185030416,-0.12911518434484792,-0.29816018893780794,-0.03212626020123521,0.34416984308545084,52.1,0.54,0.020105083844720095,17.388016,89.209,559.33,484.4,0.0,0.0,0.009854244201127427,0.09574515733833568,54.098740037030865,-0.17780626418201048,0.19751475258426535
UNP,Industrials,289.57,0.06186283227732292,0.1548740530856263,0.2749262058475428,0.2693204690287909,0.22135141553884252,92.2,0.36,0.030718319953785933,23.817135,162.246,246.31,269.27,0.0,-0.025617280555447125,0.004692389517247679,0.09580066007630916,51.95326871585072,-0.1830769042323183,0.19246168326681365
UAL,Industrials,121.15,0.048736193268842376,0.24639923178587964,0.05082835080073567,0.36215424106484173,0.4795983114792208,49.5,2.19,-0.04016795789725136,11.269768,195.081,104.03,112.01,0.0,-0.014532666038458902,0.0343324025779986,0.09582000599473604,63.99409596589988,-0.15347480917168405,0.22213961432768126
UPS,Industrials,111.92,0.03529141993761975,0.10251430047997845,0.06811584293743378,0.19468129882712293,0.29954962106605076,67.9,0.83,0.017964329909613053,18.119741,181.508,101.4,105.02,0.0,0.0,0.012053959432345968,0.09575158367118655,55.008964328300266,-0.17561914456317967,0.1997270634278716
URI,Industrials,1068.81,-0.005054672782606295,0.3891098429335238,0.13172525149329384,0.3327884884184049,0.423117096165108,51.1,1.1,-0.00250112615614706,27.27948,167.473,895.96,1028.14,0.0,-0.04292135810692263,0.015872260817214573,0.09574424858565327,56.58340498914234,-0.17178646641066583,0.20353098804509498
UNH,Health Care,425.32,0.04707039523042278,0.3614348470388038,0.26596754020685665,0.45289388033423195,0.39627265556246105,58.8,0.54,-0.0006578918592138328,32.08597,73.982,339.88,398.27,0.0,-0.10138102163618909,0.010530958705834922,0.09575911547458668,54.37847779052023,-0.17715690762435496,0.1982188250360248
UHS,Health Care,145.26,-0.007922440080697979,-0.20054742053706265,-0.29305840034967756,-0.20478598971190887,0.32325002043956347,49.2,0.33,-0.07140573222487068,6.0651355,67.405,195.04,154.28,0.0,0.0,0.010781257142822454,0.09575734402620549,54.48219356737236,-0.17690313714854028,0.1984656514341852
VLO,Energy,295.83,0.14363860072894385,0.2616967434196291,0.6648945863240374,1.0379794019644386,0.3599950299285386,81.7,-0.21,0.04576147872162761,21.598722,42.664,208.81,254.78,-0.01111448469415971,-0.26673801100398786,0.01079602544091134,0.09588702363445306,54.482262921720256,-0.17714254088261663,0.19873459176443933
VEEV,Health Care,194.32,0.2180018522108651,0.22144705385185404,-0.16675956549910753,-0.31160546916344023,0.3823610595915206,81.0,0.59,0.03268326096146179,33.217094,1.411,210.78,170.07,0.0,0.0,0.006492110283403751,0.09579294901266595,52.70165602765064,-0.18126206978142154,0.19424629034822902
VTR,Real Estate,92.39,0.09847687629698543,0.08895181344014591,0.23582188192230635,0.44446814170164606,0.20123733847168646,75.1,-0.17,-0.00021647301880955983,167.98181,93.736,80.93,86.41,0.0,0.0,-0.04712958831212993,0.09608086948538,31.188298964931988,-0.23544809250347473,0.14118891587921487
VLTO,Industrials,91.57,0.10010779940273573,-0.007414374412262337,-0.0986868917236684,-0.09923554526876366,0.21631568437843024,72.9,0.38,-0.0018530430881168458,23.600515,95.542,94.6,86.63,0.0,0.0,0.00513521106219998,0.09575650471903163,52.13841479846667,-0.18254753818710204,0.19281796031150197
VRSN,Information Technology,267.76,-0.04333846957008691,0.0004929508484787792,0.08369259994157874,-0.04146674828183716,0.28992943980320907,78.4,0.07,0.0006727827281312049,29.554083,0.0,256.78,278.74,0.0,0.0,7.348863552555387e-05,0.09579500290293243,50.03060464541582,-0.187684717054222,0.1878316943252731
VRSK,Industrials,190.66,0.04017997878753654,0.12046578601053004,-0.1474557751187603,-0.3704690031799439,0.3262772239610241,66.3,-0.27,0.0052459278050986935,27.79373,0.0,202.43,177.38,0.0,0.0,-0.003679883534412355,0.09582404197670039,48.468338069935555,-0.1914950058087451,0.1841352387399204
VZ,Communication Services,42.35,-0.10461383453606743,-0.052835770603051,0.09751356260594579,0.0882208865791525,0.24028308506310553,31.5,-0.34,0.014771020259394252,10.206024,192.045,44.44,45.28,0.0,0.0,-0.0014234898269894465,0.09580591275844622,49.407271046959714,-0.18920307883354404,0.18635609917956514
VRTX,Health Care,477.89,0.07407911922151333,0.07565052660819171,0.03756056025553689,0.011728609025798864,0.3497109009710488,54.0,0.6,-0.04120935402999437,28.344603,10.26,447.38,456.53,0.0,0.0,0.008277798800678207,0.09574855997345887,53.44470431669469,-0.17938937874730115,0.1959449763486576
VRT,Industrials,306.27,0.011436268314658271,-0.013449756332528096,0.8020737435175314,1.4583656678248293,0.6156191890041316,46.4,2.58,-0.0363110305955503,76.947235,76.913,237.66,324.25,0.0,-0.1386644106602634,0.027279788438037696,0.09583453932006472,61.20457957488379,-0.16055590862928917,0.21511548550536455
VTRS,Health Care,16.29,-0.011450226185166112,0.17979459859955105,0.30530019702525113,0.8526669848678734,0.3255705806187697,59.0,0.76,-0.022130854192240146,26.3790305,99.675,13.43,16.2,0.0,-0.06320642374286314,0.012672310285493557,0.0957416977141573,55.26499729500074,-0.17498141723425475,0.20032603780524189
VICI,Real Estate,26.39,-0.0593141192314105,-0.05400699223036887,-0.022409820522996893,-0.16389382745374648,0.178678460266618,47.5,-0.01,0.01130701703980952,9.035958,61.853,28.79,27.31,0.0,0.0,0.005009911986237076,0.09576092072584508,52.08618957333976,-0.18268149263641928,0.19270131660889342
V,Financials,357.32,0.10834700545509146,0.14995270021284912,0.04545200072466771,0.027510503349005067,0.2170017757463548,73.1,0.4,0.02817025459473821,31.125437,67.233,329.21,331.0,0.0,0.0,0.0033815944343982794,0.09575793124974143,51.4085315258672,-0.1843039508150949,0.19106713968389147
VST,Utilities,164.83,0.11512517764653984,0.0066526510799176375,-0.04226447380086884,-0.14945521208820445,0.49110513888303853,52.9,1.58,0.06465569069424837,27.563545,355.187,167.01,154.09,0.0,0.0,0.018286772383716364,0.09580316678460027,57.568963863972144,-0.16948743451410014,0.20606097928153289
VMC,Materials,294.1,0.026634568542254433,-0.007327614666642335,-0.04643436587547767,0.09746381424535877,0.2674935826586175,46.6,0.83,0.026204717057781268,35.137398,61.249,291.8,286.39,0.0,0.0,0.008804812239979459,0.09574228428836871,53.66365494842273,-0.17885006496522324,0.19645968944518213
WRB,Financials,72.76,0.0753785554374573,0.11253356073654852,0.0698466285266588,0.07667433047948968,0.21721906084948445,66.1,-0.22,0.020763234880462056,15.415256,31.76,70.12,67.66,0.0,0.0,-6.940560302024813e-06,0.09578199887580509,49.99710918232629,-0.18773965835688,0.18772577723627593
GWW,Industrials,1361.06,0.034338543139837974,0.18035660654342212,0.32361981506916804,0.2981577876219945,0.25239891242171864,58.8,0.77,0.008383143093061651,36.626884,64.034,1103.87,1290.29,0.0,-0.08298971397601848,0.011489171306785615,0.09574808693123094,54.77559476250505,-0.176177079078427,0.19915542169199824
WAB,Industrials,261.98,-0.01214178383291098,-0.022331500438578233,0.15955769222846583,0.23618967993074103,0.24826556804198763,40.1,1.07,0.011505833924046804,37.025475,62.03,236.79,264.29,0.0,0.0,0.01160956583623157,0.09576146778974408,54.82472356092628,-0.17608291103166682,0.19930204270412996
WMT,Consumer Staples,114.9,-0.05072702695973608,-0.0794140519412343,-0.022162122748669355,0.20965410153572095,0.24264674305498504,39.2,-0.05,0.01591514656094084,40.45775,74.816,117.35,120.66,0.0,0.0,-0.00534521988325724,0.09577309800559598,47.77460715192875,-0.19306049197422534,0.18237005220771088
DIS,Communication Services,95.81,-0.034944693405705496,-0.05893225073392072,-0.14426399663756884,-0.18981957787678538,0.24912735170676953,29.5,0.75,-0.009203716832843378,15.3312,41.069,105.8,100.58,0.0,0.0,0.014490837344197953,0.09576673542744757,56.01359439031979,-0.1732119640935993,0.2021936387819952
WBD,Communication Services,27.49,0.018717608476036984,0.004201672180927263,-0.03221827536862698,1.28850958256064,0.45855547926960744,57.7,0.72,0.0510516639118912,22.651226,96.318,25.95,26.88,0.0,0.0,0.009793637961628745,0.09579990792920669,54.07129974349919,-0.17797418157961636,0.19756145750287385
WM,Industrials,234.35,0.06789705792881673,0.03644190417113147,0.08112475152068743,0.038403808535778294,0.1966803269172036,69.5,-0.33,0.0017526017689601936,33.91462,228.408,221.99,220.97,0.0,0.0,-0.009726622174950243,0.09579623975976305,45.95630906960743,-0.19748725210408583,0.17803400775418535
WAT,Health Care,373.78,0.051338853272792084,0.12932046895165228,-0.05054229786949038,0.22882014011720253,0.3903777351998721,63.2,0.87,0.015354620006293729,47.920834,36.634,350.18,358.02,0.0,0.0,0.005485182759902268,0.09575410497584347,52.284053639056914,-0.18219286299275095,0.19316322851255546
WEC,Utilities,115.89,0.021597292802489676,0.0032856260909293056,0.1225509493651944,0.1316998093237718,0.15545880045327673,55.2,-0.12,-0.0030109986282973455,23.22445,153.184,112.55,113.51,0.0,0.0,-0.002392085830832286,0.09576360016650369,49.003582839852186,-0.1900887421571795,0.18530457049551494
WFC,Financials,87.07,0.03989007767803998,0.0718212850898321,-0.07331319363842448,0.06652896025930644,0.26898149367630986,61.3,0.78,0.01764845931881176,13.462133,0.0,84.47,80.78,0.0,0.0,0.01522592667727555,0.09575127409316662,56.317162767062115,-0.17244657054533105,0.20289842389988214
WELL,Real Estate,235.02,0.09704527358233683,0.1176943681444278,0.2677259781389021,0.5096735714247207,0.2227824117581072,73.1,-0.02,0.004788415584449535,114.08739,44.486,199.28,216.85,0.0,-0.029331758544903386,-0.02636209565303895,0.09588892629340404,39.1687600534228,-0.21430439118811087,0.16158019988203295
WST,Health Care,357.41,0.08694725290757832,0.3349732665915719,0.3118127441599039,0.5973480032725444,0.41280480562792715,68.2,0.67,0.010546287784357178,47.782085,10.734,279.03,328.18,0.0,-0.13088426442283838,0.009660712721226136,0.0957753348960862,54.01725687261785,-0.17805894367510278,0.19738036911755508
WDC,Information Technology,573.0,0.01788856066515998,0.565041219307655,1.7030438075587937,7.584385441981643,0.7293340561220142,40.3,3.02,0.04125025024636453,34.266243,17.81,304.24,551.84,0.0,-0.7333589460289475,0.07487215239446796,0.09629293168645275,78.15815505866503,-0.11386199371097944,0.26360629849991535
WY,Real Estate,23.56,-0.05191150485813589,-0.04108055025074919,-0.06920835774180434,-0.057800146819401155,0.2652105328065462,43.0,0.34,0.04897597623813765,42.0625,57.729,24.15,23.84,0.0,0.0,5.272687526527639e-06,0.09575026951603544,50.002196858552196,-0.18766525556390293,0.187675800938956
WSM,Consumer Discretionary,219.96,-0.01601497127935947,0.13927176003443265,0.07404578059640743,0.30928468399391584,0.34853161686554174,43.8,1.29,0.007511906076537178,24.631578,79.878,196.14,205.97,0.0,0.0,0.018252869943898405,0.09575048748839618,57.559207160358405,-0.1694180855333581,0.20592382542115492
WMB,Energy,75.46,0.046822973283359826,0.06400051467734125,0.2854080300261843,0.3185724887773447,0.2255241185306121,48.7,-0.01,0.002457887554659921,33.0943,199.855,67.83,74.02,0.0,0.0,-0.004371799371531207,0.09576478878002526,48.17940390788608,-0.1920707853803807,0.18332718663731828
WTW,Financials,291.02,0.11213217007483345,0.012476655309742402,-0.1104861993107864,-0.0468624593978092,0.2873240422500815,75.8,-0.14,-0.005331866943019459,16.744534,85.693,301.37,261.71,0.0,0.0,8.926057839451357e-06,0.0957997777070543,50.00371710869226,-0.187758638247987,0.1877764903636659
WDAY,Information Technology,138.31,0.05741585880440847,0.17351091839758626,-0.33476025625312367,-0.38463249270818456,0.4644284520931993,69.3,0.29,0.0031186006712626835,42.953415,56.936,172.02,130.48,0.0,0.0,-0.001040883766740246,0.09582643666162904,49.566670333970364,-0.18886069962353316,0.18677893209005267
WYNN,Consumer Discretionary,95.98,-0.10524837922480312,-0.08862457359048692,-0.17458040719670498,-0.1274353907903144,0.3395931068806479,27.4,0.95,-0.01991215094624199,27.4957,0.0,112.02,101.1,0.0,0.0,0.014196011299979133,0.09576561023532372,55.89221523916819,-0.17350458476125535,0.20189660736121362
XEL,Utilities,80.63,0.02547468910219286,0.017638736989360027,0.10592669177456471,0.20162102269852467,0.1949710924411601,51.3,-0.01,0.012685185531211118,23.236311,164.845,79.09,79.35,0.0,0.0,-0.0009239305941284529,0.0957578237088874,49.61508183368254,-0.18860926506354775,0.18676140387529083
XYL,Industrials,121.2,0.10101739582321145,-0.06158258578383735,-0.12217622181692356,-0.06258996634962,0.2497839774007882,80.2,0.85,0.021750077068974694,30.149254,18.354,130.17,112.75,0.0,0.0,0.01058769433044043,0.09577439225669063,54.40127187083019,-0.17713011449267319,0.19830550315355405
YUM,Consumer Discretionary,156.58,0.014726892293574823,-0.026126385783850847,0.007353872305136067,0.08441603662277108,0.22538759337560665,57.6,0.08,-0.052450806218088175,25.311792,0.0,154.07,154.22,0.0,0.0,0.001760213230619073,0.09576011609684369,50.73327389983419,-0.18592961431919458,0.1894500407804327
ZBRA,Information Technology,263.83,0.15502140218532956,0.16378469397377438,-0.0022690546463512984,-0.1827587351052744,0.4308195646587419,69.8,1.72,-0.0018538920186698116,32.5716,82.104,248.37,245.99,0.0,0.0,0.021775963774751276,0.0957807141342766,58.992508829118236,-0.16595423592843087,0.2095061634779334
ZBH,Health Care,89.25,0.010355164121513383,-0.07286403903898553,-0.018806210935373602,-0.03911233649323009,0.32289268903348034,52.8,0.3,0.019301079128917653,23.106218,59.827,91.53,86.17,0.0,0.0,0.005063349358711177,0.09575285842151293,52.10859830076245,-0.1826122531474542,0.19273895186487652
ZTS,Health Care,73.92,-0.07100668025070289,-0.3869910017365603,-0.4050548016771969,-0.5177106947717474,0.36104942873571655,40.5,0.69,-0.01571238787151774,12.118032,286.236,115.22,80.5,0.0,0.0,0.011690376331521079,0.0957697343667281,54.85772374032225,-0.17601830302726598,0.19939905569030816
