ticker,sector,price,momentum_1mo,momentum_3mo,momentum_6mo,momentum_1y,annualized_vol,rsi,beta,perf_1w,pe_ratio,debt_to_equity,ma_200,ma_50,ma50_proximity,ma200_proximity,pred_return,pred_se,prob_positive,conf_lower,conf_upper
MMM,Industrials,160.53,0.014535821992425868,0.06691493923129754,-0.04329913894599979,0.044337800811249606,0.26020099831973253,39.0,0.79,0.033410599740952174,30.930635,396.497,158.09,154.31,0.0,0.0,0.00575754115710312,0.09641551515658438,52.38090538464873,-0.18321686854980226,0.1947319508640085
AOS,Industrials,60.31,0.004831737975933947,-0.04287694877266246,-0.13627919077013984,-0.08418891610529211,0.2605989347487368,50.6,0.75,0.021857012970552203,16.082666,34.981,66.53,58.86,0.0,0.0,0.014258031500808014,0.09635484538876525,55.88184366446956,-0.17459746546117189,0.2031135284627879
ABT,Health Care,89.27,0.01394723743328341,-0.11474298161945751,-0.26847126472640537,-0.30539701811223097,0.25317591580124027,48.5,0.13,-0.0475985163735152,25.005602,64.773,110.17,88.54,0.0,0.0,0.0019445185319929366,0.09636368710199951,50.80496921364329,-0.1869283081879261,0.19081734525191196
ABBV,Health Care,244.11,0.10947040692019128,0.1795775211268562,0.1319663313809889,0.3503030038051249,0.2582080753019538,60.9,-0.02,-0.01625570820058042,119.07805,0.0,223.17,224.66,0.0,0.0,-0.030706795727143292,0.0965052948131641,37.517128926957106,-0.21985717356094492,0.15844358210665832
ACN,Information Technology,137.02,-0.1614201317597962,-0.28521876871827223,-0.494784996732887,-0.49344911680495107,0.41397088508910074,59.2,0.4,-0.014669878627556088,10.944089,25.035,216.69,157.88,0.0,0.0,0.010862749484317239,0.09639935943677946,54.48598023985711,-0.17807999501177052,0.19980549398040498
ADBE,Information Technology,224.56,0.08819537165347935,-0.0821548508242278,-0.2754492857569074,-0.3833818384457135,0.3566398948110653,72.8,0.43,0.008578503096646761,12.854036,61.443,283.18,231.31,0.0,0.0,0.009700799645260473,0.09638683776419546,54.00836424964312,-0.17921740237256265,0.19861900166308358
AMD,Information Technology,529.14,-0.033110395047772134,1.0499768505272358,1.394623757638199,2.400424218064284,0.6888535248647217,51.5,3.03,-0.03215532081639216,175.21193,6.005,293.31,493.09,0.0,-0.6540495980605887,0.025172146265485622,0.09691037286304902,60.2470403327966,-0.16477218454609047,0.2151164770770617
AES,Utilities,14.81,0.008855593442670617,0.037550808845960626,0.0859077946103366,0.1850379054816682,0.35086037930668634,63.8,0.52,0.0054311527404313775,7.713542,259.603,14.49,14.61,0.0,0.0,0.009742146113483147,0.09638138549318634,54.0256175506108,-0.17916536945316208,0.19864966168012838
AFL,Financials,121.01,0.03462724934558836,0.07662079354188656,0.1326684869603345,0.2282989412451748,0.17105524486010643,61.1,-0.07,-0.008033410482009007,13.829715,48.276,112.48,117.03,0.0,0.0,0.0016016999430403618,0.09637590797518193,50.66298354814679,-0.18729507968831624,0.19049847957439695
A,Health Care,134.71,0.03353334310475553,0.12690252889326747,-0.0754710164278466,0.2023285940321249,0.33360839002195786,58.0,1.02,0.008383938967583271,27.050201,49.733,130.97,126.06,0.0,0.0,0.014051568831825484,0.09635289788775887,55.7973947827423,-0.1748001110281819,0.20290324869183288
APD,Materials,293.69,0.04436812511537158,0.0010312345273213452,0.11716595885366798,0.051864096700853235,0.2678638657894969,59.6,0.25,-0.007301009354563348,30.947313,101.611,274.53,288.77,0.0,0.0,0.0005878867640902804,0.09635866605922758,50.243394227939675,-0.18827509871199577,0.18945087224017632
ABNB,Consumer Discretionary,148.38,0.06778927543046298,0.07904887506512259,0.05932745858546773,0.08671460508913165,0.3008795803348997,55.5,1.17,0.010143682342945493,36.637035,33.185,131.0,138.79,0.0,0.0,0.013746470007903622,0.09636051520511012,55.67193296641687,-0.1751201397941122,0.20261307980991947
AKAM,Information Technology,120.01,-0.10573766866391565,0.32783808124858016,0.350551443978385,0.56263017405549,0.562825307378786,50.6,1.01,-0.07342496774648832,40.54392,119.534,102.67,133.95,0.0,-0.01894130637034988,0.009235746108938464,0.09641028233656698,53.81588128430707,-0.17972840727073283,0.19819989948860975
ALB,Materials,124.74,-0.261456469085367,-0.32539422336614643,-0.2912243878251616,0.8056109604096626,0.6184244376164837,22.8,1.5,-0.028655975374913822,31.4491385,19.845,150.84,161.64,0.0,0.0,0.020546445074302196,0.09645515192618821,58.434257431286966,-0.1685056527010267,0.2095985428496311
ARE,Real Estate,48.7,-0.05805578260223487,0.03631666689260449,-0.08274907719250979,-0.3317813778320645,0.4481573219142663,43.5,0.88,0.003916768665850778,32.489044,66.509,53.48,49.0,0.0,0.0,0.011075662893441078,0.09636852581528192,54.5749813018817,-0.1778066477045115,0.19995797349139366
ALGN,Health Care,181.26,0.016829350905679163,-0.028252851053177985,0.06498236049884953,-0.05990354856079405,0.5423183575947874,58.4,1.57,0.017342966659070314,30.463865,2.797,164.04,171.63,0.0,0.0,0.022173404375738028,0.0963978592005466,59.09617599555668,-0.16676639965733328,0.21111320840880934
ALLE,Industrials,135.82,0.015856472882323613,-0.037137141565860676,-0.1533420119320269,-0.05945635687719775,0.25815895155143287,55.6,0.67,0.00555267608892418,18.554646,105.863,153.63,132.81,0.0,0.0,0.011160555637927828,0.09635015977511191,54.61076652734689,-0.1776857575212915,0.20000686879714719
LNT,Utilities,74.55,0.013596192501804438,0.040566625042942395,0.1443076380057835,0.24313558281080772,0.16172012002737618,46.0,-0.1,-0.01519146555937978,23.971064,159.526,69.89,73.7,0.0,0.0,-0.003026696347449141,0.09637719569945949,48.7473398831455,-0.19192599991838974,0.18587260722349144
ALL,Financials,239.48,0.07966276706836695,0.10315532334249888,0.2241829023314179,0.26955322367548806,0.2439996898842669,54.9,-0.25,-0.03684042665940712,5.2994027,23.719,211.06,224.93,0.0,0.0,0.0019898917580615087,0.096401362110829,50.82342776873408,-0.18695677797916335,0.19093656149528634
GOOGL,Communication Services,370.92,0.004250730467779462,0.10091824806067007,0.10546420592948236,1.0438359278749627,0.30003638397556764,67.5,1.35,0.03352001529237647,28.336136,20.026,320.6,371.89,0.0,-0.0069456456017675805,0.017985001527199285,0.09639242732949821,57.40054421137968,-0.1709441560386172,0.20691415909301578
GOOG,Communication Services,370.21,0.008444352448073289,0.10752172788508618,0.10184517342853616,1.0276742925248339,0.29666588006086425,66.2,1.34,0.039215140365100654,28.238749,20.026,319.91,369.14,0.0,-0.007237844266866883,0.017941196972551074,0.09639050777661438,57.38287210046238,-0.17098419826961314,0.20686659221471526
MO,Consumer Staples,70.52,0.013363994167498117,0.11106200141959999,0.2098741321844726,0.28767786254767125,0.22980751201357788,43.1,-0.38,-0.014946218041051895,14.722338,0.0,65.16,70.91,0.0,0.0,-0.0023288676817470886,0.09641457114672991,49.036459494889115,-0.1913014271293377,0.18664369176584353
AMZN,Consumer Discretionary,254.96,0.03633851835684632,0.02599600287270487,0.050948063888661466,0.12639717180863452,0.31068589784968437,72.0,1.42,0.03205964071801559,30.49761,53.3,233.79,253.1,0.0,0.0,0.01867290026724758,0.09638729618349909,57.68054943333452,-0.17024620025241063,0.2075920007869058
AMCR,Materials,43.4,0.05570422966500077,0.08677253569655252,0.021760153522897063,-0.05292366183704533,0.3239661762454468,58.9,0.85,0.01639346019747623,34.72,143.74,41.77,40.04,0.0,0.0,0.008134202656394633,0.09634973350517546,53.36402245116274,-0.18071127501374926,0.19697968032653854
AEE,Utilities,111.38,0.01651909796144002,0.012868934037728375,0.11334927129871275,0.196381337112024,0.1698829721793239,45.9,-0.12,-0.003489303045198122,20.032373,155.674,106.88,110.02,0.0,0.0,-0.0019695559711021475,0.09637674582415455,49.18477797131787,-0.19086797778644507,0.18692886584424076
AEP,Utilities,132.5,0.02466941846442139,-0.006903227525626221,0.1534687002701849,0.3093488893705647,0.18972470809325548,44.8,-0.05,-0.010085962211100474,19.954819,157.099,125.23,131.26,0.0,0.0,-0.0010176521315266853,0.09637417307993763,49.578749259712836,-0.18991103136820445,0.18787572710515107
AXP,Financials,358.44,0.07168341996715055,0.09226636937850063,0.007143682775552662,0.1661806323870103,0.26572631380946776,62.8,1.0,0.03380249532602764,22.37453,177.847,338.65,326.09,0.0,0.0,0.013535681568798008,0.09636501136352486,55.58527560628279,-0.17533974070371072,0.20241110384130673
AIG,Financials,76.78,0.025373952932298938,0.0025974243337774094,0.07547559169171003,-0.030308367802836966,0.24124397397354652,52.1,0.13,-0.029452683770423427,13.517606,22.647,77.63,76.1,0.0,0.0,0.005666440731769222,0.09636729859362986,52.34444758472539,-0.1832134645117453,0.19454634597528375
AMT,Real Estate,168.63,-0.09221570914394628,-0.038139553343379595,-0.011608219527741825,-0.19996287697372628,0.2560708726722166,42.7,-0.12,0.022000029592803116,27.15459,444.55,180.14,177.31,0.0,0.0,-0.007327251756842097,0.09644917479045831,46.972145008667276,-0.19636763434614038,0.1817131308324562
AWK,Utilities,129.21,0.018444107485038996,-0.001348336073326517,-0.0018541575977378821,-0.05835159455919625,0.22330447328345676,49.0,-0.47,-0.010264238273202997,23.323107,142.33,131.57,126.92,0.0,0.0,-0.007978872711935108,0.0964063254968597,46.702001145624564,-0.19693527068578012,0.18097752526190988
AMP,Financials,527.28,0.14656002369843746,0.13041908613545505,0.07146114172399964,0.022291729630801616,0.26138096075624373,75.7,0.88,0.054222699608517555,13.1392975,56.246,473.59,467.92,0.0,0.0,0.01596517435015968,0.09637704987508458,56.57850921245073,-0.1729338434050061,0.20486419210532544
AME,Industrials,233.52,0.01332179372911102,0.016384655401092685,0.10632137085831617,0.33184104272308823,0.22804591286553477,47.4,0.94,0.002274770448522201,35.32829,22.489,215.95,230.98,0.0,0.0,0.010766870148127562,0.09636862607555712,54.447962318640144,-0.17811563695996438,0.19964937725621948
AMGN,Health Care,358.32,0.02222351459803784,0.03677516365851585,0.12096037992682751,0.2618040611816612,0.27056789160371103,56.9,0.48,-0.014575622529395482,24.935282,623.754,338.7,344.37,0.0,0.0,-0.0008095251560095761,0.09651954339940465,49.665404524193974,-0.1899878302188427,0.18836877990682355
APH,Information Technology,157.04,-0.008279774570429832,0.07005656390521442,0.057849028498620836,0.5900084028822861,0.43182639864581873,44.6,1.75,-0.03205135620665611,44.99713,133.051,140.33,147.91,0.0,0.0,0.01828998446787681,0.0963832221603926,57.525263593828726,-0.1706211309664927,0.2072010999022463
ADI,Information Technology,390.96,-0.08564478288788735,0.12671974363759708,0.32763378672904797,0.6479832718656295,0.3484444762644844,40.9,1.56,-0.0068083098608583414,58.178574,25.81,323.22,407.53,0.0,-0.05956122483446219,0.015366701630392294,0.09638590375948765,56.333452674095476,-0.1735496697382035,0.2042830729989881
AON,Financials,355.15,0.07781245901785105,0.08536612548927525,0.03336397966367066,0.01264047791357803,0.25092388463490495,67.5,-0.18,-0.0011531208935893211,19.492317,155.05,336.28,328.72,0.0,0.0,-0.003196872805624455,0.09639159793543406,48.67713163113751,-0.1921244047590752,0.1857306591478263
APA,Energy,34.27,-0.014380212637827516,-0.05739382417429528,0.3541000162033636,0.9140573358038293,0.4592286959089996,55.6,-0.53,0.029438255190291418,7.988345,61.314,30.65,36.11,0.0,0.0,-0.004585610150323691,0.09658129895850051,48.10656235281573,-0.19388495610898468,0.1847137358083373
APO,Financials,121.83,-0.1049151327254556,0.014964019741344758,-0.14239372042269727,-0.15057653443567676,0.3594242851863025,48.5,1.18,0.01660552031020779,75.203705,101.267,127.32,127.78,0.0,0.0,0.0012676810615050793,0.0963767364912568,50.52472931681634,-0.18763072246135826,0.1901660845843684
AAPL,Information Technology,327.5,0.10485117456430704,0.23034845457791042,0.2568797980563402,0.5723746674012167,0.24340882593190202,70.2,0.86,0.03567136403691329,39.696968,79.548,273.43,300.5,0.0,-0.047747138207219375,0.008563694081563298,0.09636920750548093,53.54047589191515,-0.18031995262917933,0.19744734079230591
AMAT,Information Technology,579.43,-0.010840309166421758,0.4714917092217814,0.9053166094472456,1.928799824889912,0.5564458668006578,49.0,2.55,-0.015679646807723047,56.20077,30.399,354.98,519.71,0.0,-0.4823045267224795,0.04832110469598084,0.09656112550715966,69.16102631312178,-0.14093870129805208,0.23758091069001375
APP,Information Technology,452.73,-0.13080285735378383,-0.02561176370752416,-0.3228990507752103,0.2826666532938986,0.7283692160707835,48.0,2.17,-0.1300847042680513,39.36783,162.888,534.45,507.05,0.0,0.0,0.0262501612074114,0.09647349919603745,60.722632770975146,-0.16283789721682201,0.2153382196316448
APTV,Consumer Discretionary,58.96,-0.11498053657018759,0.00855285678806661,-0.3318980273714146,-0.1492063998837425,0.3976174401224066,45.5,1.45,-0.01503510719515877,35.095238,103.823,72.41,61.36,0.0,0.0,0.018189316810793922,0.09636268121336024,57.48591197541564,-0.17068153836739214,0.20706017198897997
ACGL,Financials,98.54,0.07693990071614576,0.010977733471054352,0.08560101971816536,0.1173602243746128,0.20940729288687326,59.0,-0.27,-0.031071741667042962,7.58,11.282,94.14,94.69,0.0,0.0,0.0012021218391588648,0.09639654887366639,50.4974916669077,-0.18773511395322726,0.19013935763154496
ADM,Consumer Staples,82.3,0.03822387456801324,0.23738052020511624,0.3169300217190625,0.5799826962783816,0.26544398033797656,83.5,-0.04,0.04203595281985706,36.741074,46.128,68.2,79.01,0.0,-0.056748451634137026,-0.003832748420694476,0.09641890996871709,48.41458194642324,-0.19281381195937997,0.185148315117991
ARES,Financials,124.79,-0.0688007907562318,0.0567330826992376,-0.2449431447989514,-0.2584202179716977,0.42842145932394876,66.0,1.71,0.025727413769532914,57.506912,168.762,135.94,122.85,0.0,0.0,0.013670774617818448,0.09639482319834906,55.638915606255054,-0.1752630788509457,0.2026046280865826
ANET,Information Technology,171.92,0.016736660313124263,0.1139765186884818,0.323174077273622,0.6011920813182445,0.5508354639860424,55.5,2.1,-0.06914291030188424,59.079037,0.0,144.48,160.78,0.0,-0.03994346985599004,0.02223881133725697,0.09640897800423914,59.12150232197896,-0.16672278555105174,0.21120040822556568
AJG,Financials,247.77,0.14846573636669236,0.11392537141010028,-0.02974794971327177,-0.18665363738072682,0.2958615747436623,68.7,-0.21,-0.023604943111762422,40.15721,56.18,238.2,217.59,0.0,0.0,-0.008775195173015267,0.09641404417902323,46.37400437937884,-0.1977467217639008,0.18019633141787028
AIZ,Financials,273.92,0.05573122041499712,0.2269983040246215,0.1743184645776763,0.5003609316575051,0.24311278872879194,65.2,0.27,-0.018911169586130483,14.04718,37.61,233.65,257.76,0.0,-0.022349356957226202,0.007352196247776081,0.09636867882268285,53.04067575527185,-0.1815304142446823,0.19623480674023447
T,Communication Services,21.43,-0.06754210130705207,-0.14701707052709756,-0.05818723021514893,-0.16948437032116226,0.23508278411579397,42.8,-0.39,0.03217412745372927,7.2154884,127.233,25.42,23.02,0.0,0.0,-0.0011047610483885758,0.09640552161776726,49.542841282892574,-0.19005958341921242,0.18785006132243526
ATO,Utilities,174.98,0.031721635792511416,-0.05524718728260569,0.050694223911193825,0.16086078808426763,0.15842907647412402,54.1,-0.1,0.0014880637878860181,21.549261,64.588,176.1,174.56,0.0,0.0,-0.0012008303233845012,0.0963737417012442,49.50292519177631,-0.19009336405782312,0.18769170341105412
ADSK,Information Technology,208.98,0.05226580717531859,-0.12677590952759987,-0.22780182552917205,-0.27678570768497823,0.33641786891165554,65.9,0.57,0.0019177001293171347,30.50803,85.419,259.48,220.59,0.0,0.0,0.006006369474922083,0.09636017690564844,52.48509710609011,-0.18285957726014884,0.194872316209993
ADP,Industrials,247.47,0.10863721829310191,0.26623779470828546,-0.022026099132611776,-0.14700120705932473,0.2553110520153836,72.9,0.1,0.025654851097161924,23.084888,69.259,237.93,224.24,0.0,0.0,0.0010530503400601663,0.09637961523733707,50.43587842150244,-0.18785099552512047,0.18995709620524082
AZO,Consumer Discretionary,2970.57,-0.04344253157575062,-0.16000640931114674,-0.15265775701080364,-0.1964786781931266,0.2835319156147977,42.7,0.14,-0.01322746409590414,20.450022,0.0,3550.35,3180.42,0.0,0.0,0.00439684446004301,0.09637671303243638,51.819400996340235,-0.18450151308353227,0.1932952020036183
AVB,Real Estate,190.29,0.04111386459324007,0.12128365061622359,0.08609322681689902,-0.008182693889133286,0.20957720678426928,62.4,0.34,0.004380800922904715,23.579926,81.307,179.91,185.19,0.0,0.0,0.004580674087775345,0.09635770476222855,51.89578665238097,-0.1842804272461926,0.1934417754217433
AVY,Materials,156.79,-0.01895891565027341,-0.0609129572838043,-0.15529378920696224,-0.09506065374042405,0.2398723931656117,37.9,0.47,-0.014333399969227223,17.676437,164.751,172.29,159.41,0.0,0.0,0.008263832573808515,0.09636255898789622,53.417048821060064,-0.18060678304246808,0.19713444819008513
AXON,Industrials,541.12,0.22091109304793988,0.34546721610145625,-0.1564901764901765,-0.2745116459173702,0.5811605546411256,63.7,1.25,-0.07024055821789088,221.77048,52.074,526.68,462.31,-0.020470522585935846,0.0,-0.04509455755815317,0.09686298201250958,32.076883350344644,-0.23494600230267193,0.1447568871863656
BKR,Energy,57.25,-0.08341337113096192,-0.04375823695779446,0.17741742638897295,0.4936710977276464,0.33740955122905736,54.0,0.79,0.0008741125243645342,18.290733,82.935,55.95,61.67,0.0,0.0,0.012655066412368753,0.09635406108418994,55.22465129471743,-0.17619889331264352,0.201509026137381
BALL,Materials,60.8,0.06015694602845101,-0.02767300086566782,0.10280344409095132,0.07097421474335386,0.26492615304042755,49.1,0.26,-0.0032787010317942844,17.725946,145.542,56.35,57.87,0.0,0.0,0.004701664159770429,0.09635754056076556,51.945824464122616,-0.18415911533933005,0.19356244365887093
BAC,Financials,61.59,0.1023805500278745,0.13972772100749542,0.141547371979323,0.3636325552918831,0.2176450237914735,69.7,0.78,0.03949367346139909,13.997727,0.0,52.9,54.65,0.0,-0.014254607729710989,0.015301047097682988,0.09637755893884588,56.3071613923732,-0.17359896842245492,0.2042010626178209
BAX,Health Care,22.15,0.0643921281584332,0.25917672918359047,0.12836652302550067,-0.2092113930965317,0.4716658911035925,59.1,1.14,-0.013802292011520834,26.316663,161.021,19.54,19.8,0.0,0.0,0.015134241134715542,0.09637215904191851,56.23931634457495,-0.17375519058744474,0.2040236728568758
BDX,Health Care,154.88,0.06432105783082975,0.0029055977639731445,-0.009213532390951129,0.13196729163685794,0.26466410683392,59.1,0.42,0.026715270906461974,26.295418,71.599,154.42,147.86,0.0,0.0,0.004954824643283158,0.09635320972836076,52.05059925492783,-0.18389746642430393,0.19380711571087023
BRK-B,Financials,488.35,-0.014469613878600573,0.030078697875459248,-0.013912414721595212,0.03875524010692488,0.145681671984158,44.7,0.04,-0.014330418667037548,14.534227,17.669,490.37,486.59,0.0,0.0,0.004228424607864077,0.09637813565894841,51.74972915327303,-0.18467272128367482,0.19312957049940296
BBY,Consumer Discretionary,85.37,0.11750492058552475,0.3646641597777631,0.30146995536933474,0.30872621609856177,0.37368043539446294,73.5,0.84,0.06725847013991859,15.809259,134.09,70.19,70.25,-0.06525747886063551,-0.06635507745350544,0.013051473621693,0.09639968340195973,55.38479088499331,-0.17589190584614806,0.20199485308953408
TECH,Health Care,71.48,0.27256552763166586,0.22435130901255995,0.08060065029619268,0.39853632526795124,0.499444868945289,93.4,1.01,0.004638114180990582,102.114296,13.922,58.84,56.6,-0.11295455829802067,-0.06474558587397086,-0.013474483861417953,0.09660713126243627,44.45365697656366,-0.20282446113579303,0.17587549341295713
BIIB,Health Care,197.24,-0.007047895191230724,0.09250034800081042,0.10622547457785658,0.5469804352405025,0.35530901415271954,48.5,0.26,-0.008395747514952312,21.185822,35.181,180.04,198.04,0.0,0.0,0.004354282269034336,0.09638471288911321,51.80165148217546,-0.18455975499362756,0.19326831953169624
BLK,Financials,1093.4,0.04845285561331836,0.048599653827940736,0.014816186967220979,0.06705501952763893,0.27255123036102,73.2,1.22,0.07229722292072216,26.176682,23.635,1059.79,1032.09,0.0,0.0,0.017432408214813625,0.0963858415750381,57.176153110273276,-0.17148384127226105,0.2063486577018883
BX,Financials,127.05,0.01941752268050756,-0.01507617875984768,-0.16446017870329777,-0.17606584468017727,0.35299718058487756,76.2,1.37,0.040114625171255414,32.576923,72.022,134.29,119.83,0.0,0.0,0.01725003903228583,0.09638490740083211,57.101950203894994,-0.1716643794733451,0.20616445753791676
XYZ,Financials,81.81,0.10033623722358587,0.20361918624881636,0.21632463515081768,0.2393575959860672,0.47083154771096886,66.7,1.95,0.056703687593334884,63.914062,37.514,67.44,73.29,0.0,-0.06309084700751263,0.019148804672964346,0.09640238518258512,57.87255262541795,-0.16979987028490248,0.20809747963083117
BNY,Financials,162.35,0.13929828844572367,0.2351807036456497,0.3317858915138059,0.7381334297822206,0.20971428832434122,81.3,0.79,0.06626830395837624,19.16765,0.0,123.29,142.22,0.0,-0.1667713441328502,0.01992329050668228,0.09641672381086662,58.18534321916241,-0.16905348816261628,0.20890006917598086
BA,Industrials,218.12,-0.04730291319245128,-0.025945597948577648,-0.10807608916274081,-0.05165219514266306,0.3207005140445369,47.7,1.13,-0.022365673791014062,86.21344,828.696,218.67,222.72,0.0,0.0,-0.012317192318876104,0.09675645525401222,44.93510893036496,-0.20195984461674005,0.17732545997898785
BKNG,Consumer Discretionary,182.8,0.04672471192526273,-0.013088786561905597,-0.13599415821501015,-0.1879795156324019,0.339587543127814,51.6,0.92,0.041476746821382804,24.084322,0.0,187.1,168.81,0.0,0.0,0.014812479123336907,0.09635547971847672,56.10876674111318,-0.17404426112487745,0.20366921937155127
BSX,Health Care,43.04,-0.07955512274457854,-0.3338492414650799,-0.5428085702722025,-0.5840742218854645,0.35641321981877766,42.1,0.17,-0.04334298044431428,17.858921,42.25,76.28,49.05,0.0,0.0,0.005630509800817409,0.09639060808002677,52.329035682510415,-0.18329508203603503,0.19455610163766987
BMY,Health Care,58.72,0.05588275926311326,0.025787673471688866,0.07287458478904307,0.32540329274517354,0.2809625025355935,62.2,0.21,0.013462247367651337,16.44818,230.967,54.53,56.31,0.0,0.0,0.002502032089888297,0.09637463921823983,51.03559845159218,-0.18639226077786175,0.19139632495763836
AVGO,Information Technology,394.28,0.002447116857336784,-0.004577485216900046,0.11596521546247796,0.4137144814244196,0.46961725390637704,55.0,2.15,-0.01702771514471102,65.823044,74.018,363.21,404.48,0.0,0.0,0.018392114683874115,0.09641782311050508,57.56409541103071,-0.17058681861271582,0.20737104798046405
BR,Industrials,147.39,0.03228743976582815,-0.07735653100190054,-0.325507177965646,-0.3564834319991792,0.26508696362403666,61.0,0.08,0.00047510223968183496,15.780514,120.878,188.62,146.15,0.0,0.0,0.0030656998135145134,0.09636926971312844,51.26890140726087,-0.18581806882421723,0.19194946845124625
BRO,Financials,66.86,0.12786777981010933,-0.005103860153982009,-0.14988477550527857,-0.3651051910112799,0.3009487756513152,63.6,-0.24,-0.014445692518289643,21.778502,64.37,72.42,60.34,0.0,0.0,-0.003095729782807802,0.09641027412916528,48.71921813759049,-0.19205986707597175,0.18586840751035613
BF-B,Consumer Staples,25.07,-0.06941354128294608,-0.14479058075693896,-0.03142548592133365,-0.05696826046987358,0.38782006481892467,28.4,0.07,-0.005947645623084807,16.38562,64.95,27.24,26.15,0.0,0.0,0.004020346741768856,0.09642429434656892,51.66288146071927,-0.18497127017750623,0.19301196366104392
BLDR,Industrials,76.05,-0.02261913072944899,-0.10666033706814892,-0.39091780650325525,-0.3958531560923365,0.49453099191770666,33.1,1.59,0.020257608232949753,29.02672,132.159,98.98,77.1,0.0,0.0,0.022564977977282945,0.0963862916260912,59.255014114514815,-0.16635215360985584,0.2114821095644217
BG,Consumer Staples,115.72,-0.05918698194550309,-0.029868059540655523,0.14128787901589357,0.603265544622817,0.309073822268958,62.6,0.02,0.01848264762679963,30.694962,94.032,109.86,119.72,0.0,0.0,-0.0035797311199174107,0.09639159697154695,48.518773483797666,-0.19250726118414943,0.1853477989443146
BXP,Real Estate,68.94,0.05588211648877195,0.24561249215297964,0.06485337281588843,0.02990309038036454,0.2832669837855072,71.3,0.82,0.03003140784499636,34.64322,211.994,64.17,62.78,0.0,0.0,0.0063504906295911556,0.09636993801005837,52.62700888826277,-0.18253458787012328,0.19523556912930556
CHRW,Industrials,197.5,0.03810775295663604,0.17905979542519668,0.1466627001609606,1.067000212634956,0.42480003660356064,79.9,0.8,0.024590193132610683,39.979755,96.501,168.53,180.96,0.0,-0.021919387373948218,0.005115620842726934,0.09641006914101234,52.115837289781496,-0.18384811467365725,0.1940793563591111
CDNS,Information Technology,371.5,-0.0583016476552598,0.2216375946850242,0.14994119608578482,0.16809203250768712,0.3897037952569286,49.3,1.55,-0.037440113356648874,87.00234,46.992,328.13,375.06,0.0,0.0,0.003389006866993437,0.09640214352616527,51.40218842067743,-0.18555919444429048,0.19233720817827737
CPT,Real Estate,111.87,-0.005329614332020616,0.11358350073510959,0.06070256686255959,0.03509292948659404,0.20104561217324127,54.4,0.17,-0.012534187990731027,31.248606,104.147,105.99,109.34,0.0,0.0,-0.0005383017331888692,0.09635984687730198,49.77713725065917,-0.18940360161270073,0.188326998146323
COF,Financials,208.89,0.07332239559387754,0.033533675986966216,-0.08997291486146164,-0.015670252412449348,0.3214939720384127,59.1,1.38,0.04392800108954309,64.07669,0.0,207.79,192.12,0.0,0.0,0.008648082185787581,0.09638507737368314,53.57468415720218,-0.18026666946663136,0.19756283383820653
CAH,Health Care,224.94,-0.004285949146518364,0.06420079153430924,0.08506730630795878,0.4114978481880822,0.30131526371723016,38.3,-0.13,-0.03777217636854402,34.341984,0.0,204.4,212.59,0.0,0.0,-0.004802699146330585,0.09641185780847339,48.01351444685352,-0.19376994045093843,0.18416454215827727
CCL,Consumer Discretionary,26.59,-0.11719789469751396,-0.07172581481577167,-0.13273550339541496,-0.07226344255647899,0.47146632522924353,31.7,2.14,-0.004865238177668263,11.977477,201.556,28.08,27.27,0.0,0.0,0.03513091342157979,0.09644041265302437,64.21739846305164,-0.15389229537834798,0.22415412222150755
CARR,Industrials,68.74,-0.03360044259714334,0.17822100298311971,0.2548588426577041,-0.07466222444287762,0.3633624963094925,34.1,1.29,0.013714796322948919,45.826664,91.102,60.45,68.04,0.0,0.0,0.01278079390538273,0.09636880555928055,55.2754531996383,-0.17610206499080716,0.2016636528015726
CVNA,Consumer Discretionary,70.59,0.024528226046220736,-0.048857482390384566,-0.24671863165574304,0.013030583819162223,0.6147951838042618,55.1,2.33,0.05169835293973213,40.803467,121.351,72.88,68.73,0.0,0.0,0.02894318690768623,0.0964352474323072,61.79613025745194,-0.16006989805963587,0.21795627187500835
CASY,Consumer Staples,808.49,-0.07324708369090338,0.09801570029077777,0.3393414605366809,0.5677985309707763,0.3248002618531269,51.5,0.0,-0.016435534994677647,42.196762,73.514,673.88,825.21,0.0,-0.049756802107073506,-0.004616522735854363,0.09639271182909524,48.09008145346883,-0.19354623792088102,0.1843131924491723
CAT,Industrials,914.3,-0.02101871129180788,0.18940064807721035,0.44248321151098424,1.2839933062347297,0.37829251141760095,40.0,1.69,-0.02567165728473142,45.46494,230.793,715.92,929.44,0.0,-0.1271062955474159,0.021062720185710933,0.09640294262656628,58.64748759315358,-0.16788704736235896,0.2100124877337808
CBOE,Financials,277.11,-0.0539415455703357,-0.08950849237176062,0.043507580316046734,0.1898974413642005,0.31075081395751186,68.2,-0.26,0.034571510311887765,23.644196,29.489,276.21,299.72,0.0,0.0,-0.004427829615794965,0.09642764973850046,48.16875359027083,-0.19342602310325585,0.18457036387166592
CBRE,Real Estate,141.41,0.054039950820660376,-0.04115807052668796,-0.1414607619574345,0.03188857698534897,0.316768453201325,59.7,0.81,0.0024812569798198236,32.28539,113.689,148.72,135.08,0.0,0.0,0.00854768219273341,0.09634884286057942,53.534618452317595,-0.18029604981400224,0.19739141419946907
CDW,Information Technology,130.86,-0.0033511228574214513,0.01602289831704251,-0.0170884364033127,-0.24111607435186344,0.42050925303743025,50.6,0.8,-0.06668572609511814,15.939098,240.522,133.99,125.27,0.0,0.0,0.012580640622510266,0.09637355830062967,55.19305443542126,-0.1763115336467239,0.20147281489174443
COR,Health Care,296.57,0.05379673468520263,-0.06400567567807058,-0.13911771224792546,0.014114952018972504,0.3056769249147464,60.8,-0.14,-0.019473597491436068,22.72567,420.985,324.62,278.16,0.0,0.0,-0.006807227997972456,0.09644985816299133,47.186685173533135,-0.19584894999743546,0.18223449400149055
CNC,Health Care,66.61,0.05063089916744534,0.771542641316785,0.4556381786187045,1.2203333536783854,0.5068850229052028,61.3,0.32,-0.014644939143726887,26.316663,76.049,44.96,61.86,0.0,-0.33165944544767456,0.016910807120733475,0.09650454022078173,56.955183239671605,-0.1722380917119987,0.20605970595346565
CNP,Utilities,42.72,-0.00812627064316307,0.01115560374713298,0.11893280663215045,0.2120323201634342,0.168104812572164,42.7,-0.15,-0.013850380386608796,26.20859,215.591,41.12,42.87,0.0,0.0,-0.005070085885562145,0.09638738541812907,47.90248562593696,-0.19398936130509511,0.1838491895339708
CF,Materials,117.82,0.10215152491182833,-0.02076799081419689,0.43517028477198827,0.25492820218358725,0.41754337896790755,76.6,-0.77,0.03332751415221957,10.7402,43.847,101.06,114.82,0.0,-0.015813808143620323,-0.007967388459359062,0.0966042670369379,46.71346983138297,-0.19731175185175737,0.18137697493303923
CRL,Health Care,228.22,0.21090889660180845,0.26395660338133964,0.042148022722558354,0.4779173936462291,0.4607378386293649,73.9,1.36,-0.023030842218507708,26.316663,102.551,183.56,190.07,-0.05074585643569163,-0.09330428033838195,0.019691292250780826,0.09638928007698049,58.09362589369699,-0.1692316967001009,0.2086142812016626
SCHW,Financials,102.79,0.1301814663503844,0.02881067363246803,0.023000576918374982,0.13627221433102776,0.2529060035900532,78.4,0.53,0.00863504289859196,20.435387,120.766,95.02,92.19,0.0,0.0,0.007255859456628245,0.09637470205706389,53.00072191675472,-0.181638556575217,0.19615027548847347
CHTR,Communication Services,131.24,-0.08677197577153717,-0.40423982253838686,-0.33680324474229506,-0.657631779170966,0.5060426602101871,49.8,0.26,-0.023148496234196902,3.5499053,459.525,200.62,140.29,0.0,0.0,0.006032219590050391,0.09652120245472265,52.49162022789861,-0.183149337221206,0.1952137764013068
CVX,Energy,181.6,0.006651952592192645,-0.008905358271245611,0.12928584590795666,0.25559698559781174,0.22612465209236748,66.6,-0.38,0.04337835633081055,31.637632,23.989,173.16,181.76,0.0,0.0,-0.008723212120369132,0.09641375492456043,46.395414773217894,-0.1976941717725076,0.1802477475317693
CMG,Consumer Discretionary,34.63,0.05805076542781662,-0.01758862218112811,-0.12128898243603414,-0.35810934979811804,0.3972985920601577,61.9,0.84,0.0008671270322910818,33.29808,217.885,35.32,32.46,0.0,0.0,0.007757980932775664,0.09636677694049918,53.20820810172572,-0.18112090187060273,0.19663686373615405
CB,Financials,337.44,0.03208438551068937,0.03429237592893286,0.12904356911127968,0.23147168276481755,0.18657526403058933,51.4,-0.3,-0.02978719297060295,11.932107,31.458,314.34,329.78,0.0,0.0,-0.0007906009899765044,0.09639188294346987,49.672793376447885,-0.18971869155917742,0.18813748957922444
CHD,Consumer Staples,97.14,-0.01200163048045555,0.029875723338893767,0.11126788394380482,0.03038887662396106,0.22728511806462678,45.6,-0.13,0.015365331335192689,31.953947,56.794,92.43,96.08,0.0,0.0,-0.004462635580781632,0.09638061041701798,48.153468762545714,-0.19336863199813686,0.1844433608365736
CIEN,Information Technology,418.46,-0.09699836397965655,-0.12043891275934426,0.6981575950186574,4.065488298793722,0.6908514687278959,39.9,2.52,-0.09490852020240059,139.02325,54.649,337.67,506.35,0.0,-0.08925742120398383,0.000675667584623846,0.09669970481114869,50.27874973785752,-0.18885575384522757,0.19020708901447525
CI,Health Care,297.81,0.013545285260901263,0.11505041394025839,0.1080758665545114,0.006505968351077085,0.3330064828935707,65.9,0.29,0.020596333163279912,12.624417,72.805,280.55,285.76,0.0,0.0,0.007218259299066322,0.09637772018623306,52.98510787605601,-0.18168207226595046,0.19611859086408312
CINF,Financials,172.43,0.02382767209999259,0.06365021630450562,0.0831523026868195,0.2091395960279896,0.21292544867584007,44.1,0.11,-0.017100838655020656,9.853143,5.626,164.33,169.68,0.0,0.0,0.006701141761176055,0.09637487815691248,52.771693443272774,-0.1821936194263724,0.19559590294872453
CTAS,Industrials,192.37,0.10089269239901189,0.09312619893794594,0.0032000617492955463,-0.08930978691694214,0.21765695147060105,73.7,0.34,0.08261574919287895,38.941296,52.646,184.48,173.65,0.0,0.0,-0.00020260300670957627,0.09637361424508499,49.91613176842022,-0.18909488692707616,0.188689680913657
CSCO,Information Technology,111.77,-0.06642152180144323,0.3621676571029868,0.49458111805911065,0.6981892563245158,0.3249190372936471,40.1,1.07,-0.0552785144999125,37.256664,67.541,86.84,114.9,0.0,-0.1370618628377591,0.017534403277742232,0.09636739320733732,57.219046740626986,-0.17134568740863892,0.20641449396412337
C,Financials,134.89,-0.04475608684747767,0.029144789467232313,0.17140588765839637,0.5205921469981547,0.28875116719972777,36.0,1.34,-0.033531616314232404,14.535561,0.0,116.82,133.68,0.0,-0.0047268931746937415,0.024072175245989102,0.09639354177270891,59.86011838679634,-0.16485916662852038,0.21300351712049856
CFG,Financials,71.12,0.06706678347137784,0.09881357464580565,0.20666847803785782,0.5725048521677683,0.2637756379532217,57.1,1.05,0.018036102565446743,16.655739,0.0,60.26,65.9,0.0,-0.030136843210098685,0.019406102137609394,0.09636971041539896,57.9795906140701,-0.16947853027657256,0.20829073455179137
CLX,Consumer Staples,96.95,0.010106205015448344,-0.046131962167842655,-0.08819137646369146,-0.18402363740668148,0.2925085660147583,54.3,0.17,0.04168902187751633,15.764227,4876.087,105.72,93.88,0.0,0.0,-0.05595301180339913,0.10985324174987655,30.525580884329663,-0.2712653656331572,0.15935934202635893
CME,Financials,245.18,-0.0785477861966446,-0.16991845029418917,-0.06000063648987064,-0.07375033866551373,0.22664151241295863,62.7,-0.28,0.022819180712982723,20.919794,14.059,279.37,261.18,0.0,0.0,-0.0031076542220193283,0.09639815527856369,48.71412482042629,-0.19204803856800415,0.18583273012396548
CMS,Utilities,74.02,0.005023694630304831,-0.03723686122086389,0.06509508510156659,0.08456050363578971,0.1688701135730482,41.0,-0.14,-0.013066711425781197,20.792133,189.842,74.03,74.02,0.0,0.0,-0.0026469778709095264,0.0963840015681278,48.90452912679206,-0.19155962094444004,0.18626566520262097
KO,Consumer Staples,82.45,0.019033410164755793,0.10187658485008222,0.17283686803346066,0.2223911113685042,0.17358923954466873,56.7,-0.3,-0.002178389339935971,25.927671,124.943,75.0,80.57,0.0,0.0,-0.006581555868293339,0.09638541881322121,47.27798879275322,-0.19549697674220692,0.18233386500562024
CTSH,Information Technology,43.18,-0.15033450286357508,-0.2799391146161372,-0.4825884650929605,-0.40664479029611733,0.3624990944360971,55.1,0.39,-0.005069152372539465,9.366594,7.247,65.23,48.01,0.0,0.0,0.011481864525350941,0.09638142939744598,54.741359159262736,-0.17742573709364318,0.20038946614434505
COHR,Information Technology,299.38,-0.27658030269656253,-0.028617803292927735,0.5754354933744752,2.116269447630087,0.770213141930718,25.2,3.09,-0.08513624918399698,142.56192,31.093,245.17,367.67,0.0,-0.07113605821550284,0.010687473631066518,0.09665377617401207,54.40232410130768,-0.17875392766999715,0.20012887493213016
COIN,Financials,167.21,-0.014208162201957975,-0.14645221070184045,-0.33828008588254366,-0.5690685752068934,0.6762868921317693,62.7,3.06,0.05535220990484535,61.249084,59.081,224.37,173.64,0.0,0.0,0.03484745752124131,0.09653212407509285,64.09478011864947,-0.15435550566594064,0.2240504207084233
CL,Consumer Staples,91.47,0.009825561621299439,0.10238918990390511,0.11622550310726365,0.06389007600206154,0.22247462239197707,48.9,-0.15,0.005054379449240143,35.45349,1640.535,85.24,89.9,0.0,0.0,-0.026135022518000386,0.09785499628488206,39.47041366925749,-0.2179308152363692,0.16566077020036846
CMCSA,Communication Services,23.49,-0.006672713216496984,-0.15865533235045148,-0.14433694359346905,-0.2431444345801692,0.292316558475479,61.6,0.11,0.005995691107548717,4.605882,106.858,27.29,23.99,0.0,0.0,0.007075832074519893,0.09637726007689468,52.926327923669504,-0.18182359767619366,0.19597526182523345
FIX,Industrials,1736.7,-0.11030628077835036,0.05362197954837988,0.6198102367759379,2.229184176844416,0.5723724464591999,38.9,2.51,-0.025103620521971792,51.275467,45.489,1345.09,1878.8,0.0,-0.14113649393415997,0.033417479481505155,0.09645436973880926,63.55010846772922,-0.155633085206561,0.22246804416957128
COP,Energy,111.46,-0.007126340963248712,-0.05576574036694959,0.17315131493732405,0.24423957442709576,0.2969613436972959,60.1,-0.34,0.03184597804398326,18.891525,36.143,106.32,114.14,0.0,0.0,-0.00402514653686372,0.09642437199179674,48.3351357572268,-0.19301691564078532,0.18496662256705787
ED,Utilities,110.31,0.02404378303509369,0.008650708763192183,0.11872934283002179,0.1403287441152039,0.1691911646405431,48.7,-0.44,0.00036275430076249116,18.602024,106.177,105.58,108.03,0.0,0.0,-0.005782521310622177,0.0963963526026659,47.60830219201172,-0.19471937241184734,0.18315432979060298
STZ,Consumer Staples,131.64,-0.11132117025318078,-0.19171460434329923,-0.12914025509552585,-0.18542022552878257,0.304251009534232,31.2,0.05,-0.006040494087968251,12.513308,123.205,145.78,141.56,0.0,0.0,0.004328124167619013,0.09639257969484738,51.790689403164656,-0.18460133203428183,0.19325758036951987
CEG,Utilities,258.11,-0.016142617764871026,-0.12287172586272499,-0.2238706043576384,-0.18402485807596114,0.468298156908453,42.9,1.43,0.029412876204997884,22.27049,66.428,313.66,270.19,0.0,0.0,0.022532366964737878,0.09637157319745071,59.243266723519575,-0.16635591650226553,0.21142065043174127
COO,Health Care,70.6,0.041912577455072375,0.004410265394167556,-0.1358628994950032,-0.022160644622576386,0.3118373831225445,55.1,0.58,-0.0059138015882505,58.347103,33.093,72.93,65.39,0.0,0.0,-0.002008855807536387,0.09636354234038737,49.16839973479429,-0.19088139879469562,0.18686368717962287
CPRT,Industrials,27.28,-0.09966992166525268,-0.18225419102119078,-0.3157762373344537,-0.40566449281565375,0.26162956871135823,30.8,0.26,-0.03706315707335828,17.05,1.059,36.83,31.08,0.0,0.0,0.007959965996588336,0.09638424958198359,53.290953567505504,-0.1809531631840995,0.19687309517727616
GLW,Information Technology,174.41,-0.07169470337785466,0.03807756464590839,0.947077586640104,2.3571315336176584,0.6532679702190165,40.8,2.63,-0.09340888223622557,83.85097,80.363,131.5,192.13,0.0,-0.17629123975650404,0.025778265229216165,0.09647520043841533,60.53427777117152,-0.16331312763007788,0.21486965808851022
CPAY,Financials,363.16,0.027413931614965747,0.12100263378500209,0.09686190364836644,0.13625988018691904,0.37401125038309796,60.0,1.04,0.034172456643287275,21.733095,271.343,315.64,344.9,0.0,-0.0005417952523181502,0.013261383230495308,0.09637143671731188,55.47244841635285,-0.17562663273543597,0.20214939919642658
CTVA,Materials,84.45,0.11544046981189315,0.04088331061118833,0.23217475750634953,0.18281361199031432,0.235166267987952,63.9,0.24,0.00703549169564166,45.648647,13.64,73.84,80.58,0.0,0.0,-0.0034171629519439786,0.0963718551739445,48.58572280464803,-0.19230599909287519,0.18547167318898725
CSGP,Real Estate,28.49,-0.11079903380055034,-0.27524805963310006,-0.5391459089006847,-0.6611963252247084,0.40827320245695087,44.8,0.25,-0.02398084104598497,407.0,14.35,51.92,31.77,0.0,0.0,-0.1166209236879584,0.09835048931809853,11.785684415258357,-0.30938788275143153,0.07614603537551473
COST,Consumer Staples,916.54,-0.06422995905419404,-0.06791582300209542,-0.02421211608455698,-0.04751632021880381,0.19551930361027736,35.8,-0.11,0.003910322835119384,46.289898,60.257,956.47,980.29,0.0,0.0,-0.008331740954681307,0.09639411425130666,46.55606601584158,-0.19726420488724236,0.18060072297787974
CRH,Materials,103.96,-0.05137327713799189,-0.1021592727370485,-0.17800573274289477,0.11164270197579396,0.3220149595024099,30.7,1.34,-0.0038329007621644706,19.287569,83.227,115.03,106.95,0.0,0.0,0.02197386872161261,0.09638359870897094,59.01704602020157,-0.16693798474797042,0.21088572219119564
CRWD,Information Technology,206.77,0.19363272163110645,1.011577025302142,0.767189514347181,0.7475490602245656,0.47349115297576116,72.6,1.46,0.04218755359611359,39.532399,17.568,128.74,168.56,-0.0766881611702058,-0.4560867733662314,0.03310608546868284,0.09645701872121974,63.42839393472539,-0.15594967122490785,0.22216184216227355
CCI,Real Estate,79.47,-0.10446243933087951,-0.06110793729141195,-0.0622945394681822,-0.18300189600053152,0.2903366696093887,44.0,0.07,0.03638498832059889,33.531647,0.0,88.24,85.93,0.0,0.0,-0.0008955581205956925,0.09638195856371198,49.629317702980174,-0.18980419690547118,0.1880130806642798
CSX,Industrials,49.43,0.04304707621441639,0.17770851696527368,0.3961498015317182,0.49725883008444094,0.2243504293363734,77.8,0.57,0.0016211111150619129,30.325153,143.06,40.38,46.7,0.0,-0.07401779704472083,0.007381546781755263,0.0963790666678501,53.052462303128024,-0.18152142388723091,0.19628451745074144
CMI,Industrials,666.13,-0.019979133234539925,0.11100022018702771,0.18156746466516016,0.9792872470605731,0.3556770438579178,43.9,1.65,-0.010781285150798237,34.604156,61.621,566.26,678.41,0.0,-0.02635809489928878,0.021736010921222085,0.09638752983948001,58.92073509074084,-0.16718354756415876,0.2106555694066029
CVS,Health Care,105.91,0.0519467952034236,0.42471792673895226,0.3351343079999458,0.7169789792512351,0.3098187366825859,62.8,0.1,0.030152768963435328,46.451756,100.912,82.75,97.29,0.0,-0.12981346773258626,-0.001682776913644108,0.09639267915160214,49.303581177409185,-0.1906124280507843,0.1872468742234961
DHR,Health Care,200.79,0.11102458815004868,0.015476733697220357,-0.1440165371218458,0.04879852187569145,0.28750354798033534,64.9,0.61,0.024543308824645838,38.912792,37.17,204.26,181.23,0.0,0.0,0.004186682306817008,0.09635764748412753,51.732835172352786,-0.18467430676207294,0.19304767137570697
DRI,Consumer Discretionary,196.06,-0.053239538946603715,-0.010187780240990874,-0.03574291016348485,-0.021436419049510658,0.25585542412466294,28.0,0.28,-0.021168274730722025,18.797699,362.378,196.06,200.4,0.0,0.0,0.0027127102970965684,0.09641820356603917,51.122269482638394,-0.1862669686923402,0.19169238928653334
DDOG,Information Technology,264.46,0.13458318936911007,1.1845365668959142,1.1072509279289093,0.8814740754732548,0.6456107205979986,71.1,1.18,-0.016877355185583198,714.7567,32.221,161.09,228.63,-0.006703912341546853,-0.4916674878630334,-0.18141008716720486,0.10262719186800491,3.8558794701550325,-0.3825593832284945,0.01973920889408476
DVA,Health Care,231.61,0.10421931161073461,0.6020612082486327,1.2170000756585875,0.6481178582666631,0.4293337135870621,73.8,0.08,0.00928187607839015,22.377777,1261.331,150.21,205.75,0.0,-0.3919250396506051,0.0025958916038608905,0.09737562314196163,51.06339577765105,-0.1882603297543839,0.19345211296210568
DECK,Consumer Discretionary,106.53,-0.05306667751736116,-0.021493560285214763,0.047389634629935395,0.11760385145155805,0.4586201535041488,51.5,1.13,0.021772459203485584,15.175214,15.01,102.14,104.91,0.0,0.0,0.02020354777551989,0.09637635532621754,58.302246654245195,-0.16869410866386647,0.20910120421490624
DE,Industrials,589.48,0.027000385469142518,0.02491646721310259,0.18661210255785243,0.18550061907720128,0.3085952789165121,46.8,0.59,-0.005768331598050458,33.436188,376.022,538.85,580.45,0.0,0.0,0.0017118982508617661,0.09639583064969003,50.708446299618224,-0.1872239298225307,0.19064772632425422
DELL,Information Technology,412.68,0.008824859527531537,1.335045703889631,2.474576895037903,2.333239378728772,0.6819035077118379,45.9,1.92,-0.08338147670724949,36.48806,0.0,198.72,358.17,-0.00218063596679266,-0.9266719739645134,0.06508226138377118,0.09708543268976902,74.8686068575929,-0.1252051866881761,0.25536970945571846
DAL,Industrials,85.96,0.025005908798715337,0.20017872272795345,0.2496122602080042,0.5653612483044854,0.3981091763162818,35.3,1.75,-0.034157313657610655,14.255389,96.649,69.23,80.99,0.0,-0.09169858307503359,0.033070741786012395,0.09639665236690027,63.42268749090012,-0.15586669685311216,0.22200818042513693
DVN,Energy,42.93,-0.013783562851981013,-0.044100183172818275,0.17972764618492065,0.36913225250175197,0.33814245146472033,51.0,-0.35,0.021656350249848133,11.958218,56.359,41.26,44.63,0.0,0.0,-0.002121122374395697,0.09644317554695438,49.122657277715085,-0.19114974644642627,0.1869075016976349
DXCM,Health Care,72.73,-0.020075422248226893,0.18183299114288554,0.03530253888873447,-0.14213252649050367,0.4020902951464817,57.4,0.72,-0.003971422890504228,31.899124,46.833,67.24,69.77,0.0,0.0,0.00840424849631349,0.09636349184618291,53.47493063517753,-0.180468195522205,0.19727669251483199
FANG,Energy,189.76,-0.0010529174561071386,0.02654371034622338,0.2693881850575073,0.41178553402729223,0.3122879858134147,57.2,-0.17,0.04263733245514256,191.67676,32.594,170.46,192.11,0.0,0.0,-0.05649644394114349,0.09678556177695179,27.970165763097533,-0.24619614502396897,0.13320325714168202
DLR,Real Estate,176.07,-0.04775547249184364,-0.09426169125588246,0.1103897716059754,0.05856958501028431,0.24083966711826463,27.8,0.76,-0.01817874573997469,46.70292,76.592,175.43,186.61,0.0,0.0,0.00469259534394793,0.09638354239384415,51.94155071671168,-0.18421914774798662,0.19360433843588246
DG,Consumer Staples,121.28,0.04732845269137864,0.002785154748587537,-0.19023733540788035,0.0929424602297444,0.35972637735890595,55.1,0.5,0.047956409413089096,17.154173,178.649,121.85,111.1,0.0,0.0,0.007855083640795487,0.09636368733310868,53.24837922263449,-0.18101774353209754,0.1967279108136885
DLTR,Consumer Staples,127.03,0.12535437517872938,0.25362672933818,-0.07527114148231417,0.19221018433561832,0.40953325084899156,62.8,0.75,0.050529281366799905,20.42283,216.518,111.38,108.54,-0.020397214960524407,0.0,0.008765276673611279,0.0963800108028685,53.62318392015186,-0.180139544500011,0.19767009784723352
D,Utilities,70.97,0.041379304940343475,0.1490964567020323,0.22745743551734154,0.31042228322788423,0.20581962134530363,61.2,-0.09,0.021886311580311846,20.935102,154.901,62.68,66.76,0.0,0.0,-0.002445713865299012,0.09637560083276181,48.98771686459805,-0.19134189149751216,0.18645046376691413
DPZ,Consumer Discretionary,310.87,-0.017850354140636404,-0.150183789469311,-0.23493775835132225,-0.3191441522430385,0.27781885011957214,65.6,0.12,0.033202572694273735,17.825113,0.0,377.67,308.82,0.0,0.0,0.004357605126673335,0.09638161238903317,51.803083391677454,-0.18455035515583168,0.19326556540917833
DASH,Consumer Discretionary,190.16,0.13129875545867775,0.05682611077473121,-0.1252989466381742,-0.1968577090395096,0.4607840643502264,64.0,1.41,-0.011385507522301164,90.12323,32.194,196.22,168.67,0.0,0.0,0.0004188923989658313,0.09641022302094365,50.173335729191336,-0.18854514472208372,0.1893829295200154
DOV,Industrials,212.26,-0.03811122369100062,-0.012435471521567543,0.04338995219689368,0.14652463194708076,0.24943766677224097,32.9,0.89,0.003261271251741471,26.5325,43.927,204.23,216.71,0.0,0.0,0.01322542155826152,0.09637291036682348,55.45761857831548,-0.1756654827607125,0.20211632587723552
DOW,Materials,29.7,-0.10622927559207884,-0.2275488003343128,0.1434033565993602,0.11659701150905621,0.4870477979488955,52.0,0.24,0.04210528992770013,31.4491385,117.133,30.06,33.39,0.0,0.0,0.00012635835869753497,0.09643840471522092,50.052271372065874,-0.18889291488313545,0.18914563160053052
DHI,Consumer Discretionary,151.55,-0.022825413435566322,0.0541510088006707,-0.05227145165535063,0.18095353262378477,0.3926391190852759,25.4,0.79,0.013373453421514192,14.230048,27.453,151.24,149.9,0.0,0.0,0.015946233833323407,0.09638810337972205,56.57002903612289,-0.1729744487909318,0.20486691645757862
DTE,Utilities,146.95,0.0005364999156913797,0.009331678942369193,0.1292146444858402,0.1386852778349914,0.16824162431268555,41.9,-0.02,-0.015542354510716505,24.169407,218.787,141.28,145.63,0.0,0.0,-0.002357950760302256,0.09638205024805065,49.02410000292339,-0.19126676924648153,0.186550867725877
DUK,Utilities,124.34,-0.007503212408727977,-0.020046441313214758,0.07745637530870075,0.09893197717295155,0.15550608039559252,44.9,-0.29,-0.007344769141383711,19.12923,161.495,124.48,124.69,0.0,0.0,-0.004182412632130866,0.09638758437409291,48.269468215653156,-0.19310207800535298,0.18473725274109123
DD,Materials,134.86,-0.07389091380051793,-0.020153723332369866,0.03477560017894521,0.47715381582560523,0.3094483173647176,41.9,1.22,0.0005193807233905279,117.26957,22.594,130.38,142.08,0.0,0.0,-0.011090422532475141,0.09646477332125185,45.42349946132938,-0.20016137824212876,0.1779805331771785
ETN,Industrials,412.86,0.014248483829791825,0.047944444659615115,0.24944895706824655,0.15338225443388498,0.35716129406556696,52.8,1.68,0.01732252177487892,40.31836,110.463,372.81,404.71,0.0,0.0,0.019343117190035664,0.09638287969006315,57.952966061858646,-0.16956732700248808,0.20825356138255943
EBAY,Consumer Discretionary,112.76,0.03278990493724132,0.13061295929376016,0.2021893824524854,0.47899210203065623,0.39045668533261774,58.6,0.78,-0.03894996696074915,26.04157,163.327,95.27,110.98,0.0,-0.03358787017933279,0.010396048743485072,0.09635832511849209,54.29583154360026,-0.1784662684887594,0.19925836597572955
ECHO,Communication Services,96.57,-0.1807075808554307,-0.26501255694173864,-0.21957328784551855,2.2624999476445695,0.9339182336692218,43.1,1.63,-0.014189458989784298,22.889553,515.06,104.93,115.87,0.0,0.0,0.016255403772052736,0.09687687990909859,56.66275095926066,-0.1736232808497805,0.20613408839388594
ECL,Materials,270.25,0.00896021594846208,0.0022803711069692145,-0.006679899639981723,0.031343192150028454,0.21410649890111252,41.4,0.56,-0.010182026853188697,36.61924,92.369,270.85,263.14,0.0,0.0,0.004264491372249065,0.09636180524190618,51.764942803026074,-0.18460464690188705,0.1931336296463852
EIX,Utilities,76.68,0.0755511870218164,0.0874599881933793,0.2941193966854241,0.604637460232716,0.24053269250051548,64.6,0.15,0.02733120220001317,8.334783,226.101,65.63,71.38,0.0,-0.018353887278164976,0.004648309591918915,0.09637983425017749,51.923315793840075,-0.18425616553842894,0.19355278472226678
EW,Health Care,87.27,0.011474245222255153,0.11598465535525948,0.04091126496895647,0.13618017728087217,0.24926891738484677,42.8,0.57,-0.04445423307336194,47.17297,6.806,83.15,86.76,0.0,0.0,0.0019460434240579927,0.09636442938844798,50.80559418036257,-0.18692823817730006,0.19082032502541604
EA,Communication Services,207.27,0.02043131771876583,0.02079311313468124,0.016308342077747673,0.39899256323025734,0.20545042433507424,76.6,0.12,0.0034372904834383267,59.22,27.41,202.23,202.93,0.0,0.0,-0.01041338825684222,0.09640426325175351,45.699073756354565,-0.19936574423027908,0.17853896771659467
ELV,Health Care,390.33,-0.02876415848819802,0.2594584194080345,0.0638129773985967,0.1853587813383233,0.38994967501647904,52.4,0.29,-0.07150509533702976,17.271238,68.953,348.93,397.13,0.0,0.0,0.005958215530436964,0.09638787364171769,52.46449173402359,-0.1829620168073297,0.19487844786820363
EME,Industrials,769.72,-0.08569679458988166,-0.04123597929036171,0.1497442792639283,0.4028794248892644,0.4007058318941848,34.4,1.78,-0.016967342600946234,25.8382,13.355,739.99,842.23,0.0,0.0,0.026949142978657685,0.096400135163104,61.00905448341422,-0.16199512194102614,0.21589340789834152
EMR,Industrials,136.25,-0.0700928472085175,-0.025636341871869694,-0.06165803157812111,-0.008759916391648415,0.31141955980572,39.7,1.59,-0.011248207673664745,31.53935,69.182,138.78,140.2,0.0,0.0,0.021941495183534436,0.09639277292996279,59.00314724942341,-0.1669883397591926,0.2108713301262615
ETR,Utilities,114.24,0.028447929245815073,-0.0007527555156191523,0.22516508065577834,0.41382726428690053,0.20042196391651776,48.4,0.19,0.002720947579771593,29.142857,192.883,103.1,112.27,0.0,0.0,-0.0009918992833018144,0.0963673513076209,49.58938004461638,-0.18987190784623878,0.18788810927963515
EOG,Energy,137.47,0.04159725466651554,0.046433784960364655,0.2945019651951961,0.18928522632992473,0.2657565826821394,55.1,-0.42,0.029429445350873884,13.517207,26.873,122.05,135.85,0.0,0.0,-0.0031702079224441753,0.09642205421977584,48.688575798898356,-0.19215743419320483,0.18581701834831646
EQT,Energy,49.25,-0.029556650246305383,-0.1298664335453662,-0.03996899487429417,-0.14445292957427647,0.3162057889487179,38.0,0.11,-0.017946191395716626,9.345351,20.816,56.6,53.82,0.0,0.0,0.00727411275705349,0.0963907070752187,53.00775786443563,-0.18165167311037514,0.19619989862448214
EFX,Industrials,171.61,0.03924178244975951,-0.07839850310054008,-0.206350013958308,-0.32622312884823046,0.3781478489217436,63.1,0.67,0.029701169083602874,30.21303,113.353,195.78,165.12,0.0,0.0,0.007403665139181066,0.09636149390014785,53.0621480942034,-0.18146486290510871,0.19627219318347083
EQIX,Real Estate,1022.6,-0.03925292574570205,-0.024048186078546863,0.28946192910278223,0.3762007468520978,0.22940555358976952,31.8,0.42,-0.011856580622825574,70.86625,162.961,916.74,1063.12,0.0,0.0,-0.009814113084244404,0.09640407935058873,45.9456980824975,-0.19876610861139832,0.1791378824429095
EQR,Real Estate,68.26,0.04214350660196908,0.12510697631779633,0.15973310379705086,0.07876807404273833,0.20396922811368148,62.9,0.2,0.0024967808412883485,27.524195,78.42,62.94,66.3,0.0,0.0,0.0011005667998929165,0.0963618325467678,50.45562965334168,-0.18776862499177197,0.18996975859155782
ERIE,Financials,210.19,-0.05645070697295673,-0.1355139532946994,-0.24446244935023276,-0.3722055995474598,0.34282669228502866,39.9,-0.26,-0.15180983611564092,19.248169,2.108,265.55,225.37,0.0,0.0,-0.0010591859456145479,0.09643734318878902,49.56184446058733,-0.19007637859564103,0.18795800670441193
ESS,Real Estate,292.79,0.04970016594293436,0.17347396382747649,0.19463217949199252,0.08570048308085387,0.21290326111300856,65.9,0.23,0.005736512282717321,32.897755,121.856,261.86,278.84,0.0,0.0,-0.0008125765588611483,0.09636359475603079,49.66359982259422,-0.18968522228068152,0.1880600691629592
EL,Consumer Staples,82.31,-0.08544447157118051,0.07869783603247682,-0.281550585602411,-0.030000692308453036,0.4659072044479583,47.3,1.46,0.003902911369212614,25.440226,232.908,92.71,83.63,0.0,0.0,0.019527269769714417,0.09637767399134885,58.02808308044124,-0.1693729712533293,0.20842751079275815
EG,Financials,364.13,0.07539869556733536,0.05989062665999145,0.15214980423669888,0.11604382234008481,0.2377453723349323,64.4,0.05,-0.018517507054413795,7.41307,23.471,335.95,347.4,0.0,0.0,0.0057955995753085614,0.096379503927427,52.397519123978675,-0.18310822812244837,0.1946994272730655
EVRG,Utilities,85.42,0.023729574180315627,0.05636064563450205,0.1749201384403456,0.30638269570939847,0.15977527124910598,48.2,-0.05,0.0016416438983630766,22.718084,155.555,79.48,83.58,0.0,0.0,-0.0019669573386019703,0.09637415412279261,49.18583153492352,-0.1908602994192755,0.18692638474207154
ES,Utilities,73.79,0.0654056979436215,0.0857342258867122,0.10314854268394713,0.1923506534053172,0.24928952061794774,58.9,0.13,-0.0018936749502304062,15.800857,181.822,70.25,70.1,0.0,0.0,0.002407007433730597,0.09636642314953144,50.99636072862139,-0.18647118193935103,0.19128519680681222
EXC,Utilities,45.74,-0.009527904369885154,-0.03571099992955096,0.07491912422694447,0.10338458089766922,0.18948206035666926,42.9,-0.22,-0.013799037837634254,16.75458,174.794,46.14,45.59,0.0,0.0,-0.002487150356609566,0.09638531431616604,48.97067375996518,-0.191402366416295,0.18642806570307585
EXE,Energy,87.63,-0.0030717209075524776,-0.08214509039431317,-0.139237192788766,-0.158741531174864,0.3121645908106208,46.6,0.03,-0.015061300987970982,6.520089,25.883,103.52,91.99,0.0,0.0,0.006634256166265333,0.09639116894668108,52.74360940615015,-0.18229243496922956,0.19556094730176024
EXPE,Consumer Discretionary,267.11,0.1271414894388998,0.03976492060629688,-0.10571780453928425,0.5040679116564206,0.47974086805618954,53.1,1.23,-0.002502104080919776,23.575462,256.536,244.24,239.31,0.0,0.0,0.015423394540659267,0.09638683483016686,56.35655963328464,-0.17349480172646775,0.2043415908077863
EXPD,Industrials,177.7,0.08864792991146198,0.24021477928095591,0.1115547606282683,0.5843722754405194,0.30458365732175874,82.5,0.5,0.04149573340564161,28.800648,24.708,148.2,161.0,0.0,-0.049064614524621464,0.006856625443701973,0.09639158620382517,52.83540590804148,-0.18207088351579534,0.19578413440319928
EXR,Real Estate,144.64,-0.013706066079039347,0.03652921001654996,0.052724007649610494,0.023168260297253385,0.24993583252762747,47.5,0.37,0.013737081682650532,32.503372,98.092,140.33,143.84,0.0,0.0,0.0024011020112241557,0.09635344080133873,50.994050623870855,-0.18645164195939976,0.19125384598184805
XOM,Energy,144.51,0.02547542140602843,-0.023616854282763722,0.15742536413940633,0.32066620899521037,0.24992329301942937,67.0,-0.44,0.05128755600633572,24.328281,18.261,136.76,146.12,0.0,0.0,-0.00734967802522054,0.09642875887743779,46.96225388103083,-0.19635004542499862,0.18165068937455753
FFIV,Information Technology,421.47,0.06214562086094633,0.4091745173066781,0.5620992736904564,0.4495459728469553,0.34145329320362117,66.5,1.04,-0.020566104184990164,34.603447,7.12,306.8,390.36,0.0,-0.22376051652085985,0.02212226719716979,0.09639833184628967,59.075520428631854,-0.16681846322155797,0.21106299761589753
FDS,Financials,251.19,0.06499619177217064,0.09389219379568248,-0.13041731864285844,-0.4115488501673309,0.44686305088293565,65.3,0.06,0.03840433559042311,16.6351,77.284,249.09,234.24,0.0,0.0,0.0028846383056947917,0.09645036857717161,51.192979000708625,-0.18615808410556156,0.19192736071695116
FICO,Information Technology,1205.79,0.02045500587768534,0.1697499738287973,-0.2571433857224862,-0.19995354176418023,0.5020970587970635,59.4,0.7,-0.0575421429802917,38.16999,0.0,1401.92,1184.5,0.0,0.0,0.006659507681667706,0.09641284496741895,52.75341745383793,-0.18230966845447344,0.19562868381780885
FAST,Industrials,45.36,-0.016052014929782255,0.027065423957603363,0.08095234805298879,0.026148161552991933,0.24954667759864788,44.0,0.55,-0.02135917791501729,38.769234,10.851,44.31,45.55,0.0,0.0,0.004368563814327868,0.0963595217400269,51.80802887689633,-0.18449609879612486,0.1932332264247806
FRT,Real Estate,122.24,-0.01075013549345738,0.12001223872133471,0.221432408699072,0.371462035117357,0.17296671031083075,44.9,0.27,0.012507201729893946,21.185442,138.432,107.03,119.28,0.0,0.0,0.0036324413697579896,0.09636656759337021,51.50341699269932,-0.18524603111324764,0.19251091385276362
FDX,Industrials,313.42,-0.07130150212797315,0.06986292408207184,0.2658955127296483,0.7191161726761359,0.29164896555911257,47.1,0.99,0.008300145155835104,16.895958,135.694,268.97,316.79,0.0,-0.015260982562854103,0.0161263580043552,0.09636043688786028,56.645445954140726,-0.17274009829585096,0.20499281430456134
FIS,Financials,41.1,0.05465735659988624,-0.13970724975149273,-0.3472408565797722,-0.4608626823183912,0.31499173615461384,60.7,0.51,-0.012256720229501528,7.965116,132.328,53.97,41.18,0.0,0.0,0.012085603648632455,0.09636120174228642,54.990439722721405,-0.17678235176624893,0.20095355906351384
FITB,Financials,57.94,0.10096352102512696,0.17076775720068182,0.22331551136365002,0.40064738092080776,0.2612840835148133,69.1,0.84,0.02476119010456479,19.508417,0.0,48.37,52.16,0.0,-0.047965043708129596,0.015952226245171456,0.09636942129412218,56.57373806259335,-0.17293183949130803,0.20483629198165093
FSLR,Information Technology,223.82,-0.18167526111379395,0.1466189079068747,-0.07267150000736511,0.3018089737623011,0.5406681525318526,30.6,1.53,-0.020481368384163035,14.449323,5.943,235.47,249.61,0.0,0.0,0.027036661409266027,0.09641407205918447,61.04232570701532,-0.16193491982673552,0.21600824264526758
FE,Utilities,48.64,0.027460904792360408,-0.027860259092221118,0.09517646598040441,0.2519419031932624,0.15805193676729157,55.2,-0.09,0.02120508710652369,26.434782,198.922,47.3,46.48,0.0,0.0,-0.004462092521774157,0.09637824257812494,48.15364797877967,-0.19336344797489904,0.18443926293135074
FISV,Financials,50.36,0.051137565659411965,-0.17833251985491083,-0.2455430620172051,-0.6984431101176554,0.5757994519686584,56.9,0.56,-0.024975815632473863,8.535593,0.0,67.81,53.12,0.0,0.0,0.014646329133407635,0.09649123962542144,56.032340405676074,-0.1744765005324184,0.20376915879923366
FLEX,Information Technology,128.72,-0.13738104699302056,0.6412087303308169,1.002800808214913,1.4965088788260261,0.6511419180156344,39.0,2.7,-0.0801772261323277,55.244637,86.8,84.53,141.98,0.0,-0.37272795931391034,0.046025108755353254,0.09650409618545827,68.32918395045084,-0.14312291976814495,0.23517313727885147
F,Consumer Discretionary,14.18,-0.039945845247266965,0.12971986475705655,0.03821532189315002,0.28602192276641936,0.3741773224686597,56.0,1.29,0.04188101858025295,24.385918,425.544,13.19,14.06,0.0,0.0,0.014180078989687832,0.0964251954959924,55.845680848425715,-0.17481330418245727,0.20317346216183296
FTNT,Information Technology,164.51,0.10047487097295416,1.0656704641840924,1.1002169112884452,0.567807052591053,0.453002079174708,67.0,1.06,0.004763933302696977,64.513725,57.31,96.29,138.98,-0.03371079163939461,-0.5584208556626394,0.025720247643241823,0.0966050252535531,60.49733116923407,-0.16362560185372227,0.21506609714020591
FTV,Industrials,60.52,0.004969434336479228,0.020373242206744635,0.10910475871957015,0.1884234419042814,0.2614304832813129,50.6,0.65,-0.010302551960666984,35.6,58.806,56.14,60.52,0.0,0.0,0.005864385751130971,0.09635096555446353,52.42665729865277,-0.18298350673561756,0.19471227823787948
FOXA,Communication Services,55.99,0.022461712831169267,-0.12048379182107571,-0.2316721088904009,0.01606851710116941,0.34639213278128933,69.0,0.19,0.04186825325131238,14.430412,67.867,63.2,60.05,0.0,0.0,0.005062815037719315,0.09639287458462974,52.09438999931123,-0.18386721914815496,0.1939928492235936
FOX,Communication Services,50.39,0.008707787862062055,-0.11673970090232133,-0.23841236156213197,-0.002016224841670078,0.332116462001173,67.9,0.14,0.040256003679245644,13.260527,67.867,56.83,54.0,0.0,0.0,0.0047384714471143995,0.09639090267734236,51.96036705544884,-0.18418769780047664,0.19366464069470543
BEN,Financials,33.63,0.04483327460822162,0.27553621652639126,0.3632892746567131,0.46735177124839367,0.2776931597271743,64.6,1.24,-0.0014845379040232531,25.671757,23.471,26.51,31.95,0.0,-0.11843439324539781,0.023062920673890666,0.09638253113734539,59.45578095005231,-0.16584684035530628,0.21197268170308764
FCX,Materials,60.97,-0.1285043482850594,-0.11036405734799104,0.03480264001274169,0.39676872285078923,0.4940803938222224,48.0,2.18,0.009713973379250396,32.25926,33.008,55.8,63.49,0.0,0.0,0.030282974656307284,0.09641529190460839,62.3273246722461,-0.15869099747672516,0.2192569467893397
GRMN,Consumer Discretionary,241.76,0.015073251734015969,-0.08655257978260344,0.13955180409929824,0.13687301321469203,0.301582366847772,52.5,1.23,-0.01124698401612012,26.95206,2.331,229.05,237.12,0.0,0.0,0.018164890136279647,0.09636651112639867,57.47568401955265,-0.17071347167146175,0.20704325194402104
IT,Information Technology,133.76,-0.06310856269521703,-0.12225214881179403,-0.4327155591182479,-0.6283102333572474,0.5457059261272493,52.9,0.54,0.008063848411655528,13.204343,5293.41,190.54,147.06,0.0,0.0,-0.05429737170399123,0.11209497579265867,31.40555496219961,-0.2740035242576022,0.16540878084961977
GE,Industrials,360.35,0.05416689655246287,0.14929826608803087,0.10419202027053953,0.3684208635482189,0.3164185436192273,45.5,1.25,0.0036486116516729616,44.819653,116.527,311.92,330.8,0.0,-0.0052627083817398945,0.011489840239277078,0.09636389154296496,54.745496531548724,-0.17738338718493424,0.20036306766348838
GEHC,Health Care,63.2,-0.024088964203697327,-0.14025304140495432,-0.25409046991734774,-0.1488991093480796,0.33109722204807096,42.4,1.02,-0.023183867945197556,15.155875,97.055,73.69,63.41,0.0,0.0,0.018193703548556466,0.09635619602917188,57.48819400684959,-0.1706644406686204,0.20705184776573332
GEV,Industrials,1055.28,0.07838991732682521,0.0708974581952726,0.620110094384017,0.8908465514379098,0.5196301211387163,49.8,2.12,-0.018581534035758573,30.865168,24.925,812.78,1037.5,0.0,-0.14836163088143242,0.035979267988521406,0.09640171440102026,64.55084937176727,-0.1529680922374783,0.2249266282145211
GEN,Information Technology,26.45,0.08357234446044548,0.3518936322728139,0.01726197597861101,-0.09841175848357775,0.3433832017281526,73.4,0.9,0.017699153361766307,16.847134,316.354,24.34,24.48,0.0,0.0,0.011977744052984714,0.0963953181426626,54.94439025923496,-0.17695707950663397,0.2009125676126034
GNRC,Industrials,226.58,-0.16112552124779267,0.10851276221565387,0.4367787331373203,0.5433553954023036,0.5664545080226197,26.6,1.96,-0.039345369097271155,71.02821,52.086,202.36,263.99,0.0,0.0,0.014806757099368737,0.09642830721733749,56.101849726893136,-0.17419272504661273,0.2038062392453502
GD,Industrials,365.63,0.021442426656445024,0.08368505038368235,0.019686623936894243,0.2367638208591616,0.22370615975654762,74.4,0.46,-0.023945544779901518,22.995598,37.701,347.11,350.17,0.0,0.0,0.006439821886696876,0.09637263742046337,52.66383347335528,-0.18245054745741132,0.19533019123080506
GIS,Consumer Staples,37.22,0.10488103306433216,0.09783341894041131,-0.13026030060350502,-0.20944286748044005,0.26049243921490095,62.4,-0.31,0.05618625076505035,25.440226,217.629,41.74,33.98,0.0,0.0,-0.007418439356402284,0.09640597485553361,46.93316622775807,-0.19637415007324815,0.18153727136044356
GM,Consumer Discretionary,77.64,-0.07648388638654469,0.0003638158452858864,-0.06304020111375286,0.4864414326872859,0.3478326664193608,44.3,1.16,0.012915823144964866,28.130434,199.048,75.92,78.73,0.0,0.0,0.014007544621953708,0.09636293095749124,55.77876157303743,-0.17486380005472912,0.2028788892986365
GPC,Consumer Discretionary,121.0,0.15634557249404946,0.10755434918861795,-0.06464527295809708,0.02541126462530685,0.32662091594941167,63.8,0.58,-0.026313645541156894,275.0,149.454,119.85,106.27,0.0,0.0,-0.07276685019843053,0.09719763612506725,22.703459014691717,-0.26327421700356235,0.11774051660670128
GILD,Health Care,131.7,0.059533336402277204,-0.051545137667909136,0.09492761197930277,0.23905071713736503,0.27111071419513005,60.2,0.36,-0.023286854604920193,17.918367,94.635,130.71,129.39,0.0,0.0,0.006234449339822946,0.09635695060355223,52.57942074806622,-0.18262517384313942,0.19509407252278532
GPN,Financials,78.22,0.15915822954187786,0.11899639660190231,0.016880745737858582,0.021098518914687503,0.4059784925624051,72.6,1.28,0.05162683663730161,28.757353,95.593,74.68,70.35,0.0,0.0,0.01662448916621171,0.09637503765331663,56.84769339563937,-0.1722705846342889,0.2055195629667123
GL,Financials,181.51,0.08634007225926843,0.21976429219777516,0.28423033070598547,0.5541135226599223,0.2071117153345488,70.0,0.31,0.014816023076380302,12.389761,53.588,146.03,163.98,0.0,-0.09298161177991296,0.011309330310811537,0.09637717383433403,54.67064646911706,-0.17758993040448315,0.20020859102610625
GDDY,Information Technology,91.27,0.1778293864909204,0.10858732677252991,-0.16480602431743863,-0.45649972831667196,0.4004659212774045,69.7,0.27,0.03869345385466749,14.464342,1621.618,103.05,85.41,0.0,0.0,-0.012887273138496129,0.09780647261114833,44.75858810213296,-0.20458795945634686,0.1788134131793546
GS,Financials,1152.07,0.07052779695065281,0.28644827879270585,0.23992650375669444,0.672946493050127,0.3004221645304513,63.5,1.54,0.09100635269196977,17.60498,647.154,900.54,1020.18,0.0,-0.12931496208933926,0.022539355286950787,0.09659812137236878,59.224788231377104,-0.16679296260289203,0.2118716731767936
HAL,Energy,35.25,-0.07674175698680086,-0.057006910157341495,0.09081456812456046,0.6862009568958902,0.3530256401042455,59.9,0.36,0.03311843796862668,19.583334,74.651,33.2,38.11,0.0,0.0,0.005343080163145321,0.09637994147525222,52.21051103710595,-0.18356160512834901,0.19424776545463968
HIG,Financials,134.5,0.03604985681516104,-0.026033995915009656,0.02932118876627543,0.14299429740687786,0.19265236523792348,54.5,0.05,-0.029021109936972156,9.718208,23.151,134.19,132.55,0.0,0.0,0.005370473826887044,0.09637139825104463,52.22202926421211,-0.18351746674516042,0.19425841439893451
HAS,Consumer Discretionary,80.51,-0.05271203482932252,-0.13585244497436044,-0.059180407114654776,0.1119195620098159,0.28477175665910986,42.5,0.84,0.04031532202078503,24.385918,574.488,86.55,86.01,0.0,0.0,0.006130142182830067,0.09649559381044433,52.5326844883269,-0.1830012216856408,0.19526150605130094
HCA,Health Care,378.85,-0.02656799062932591,-0.22303554683204485,-0.20684741295541564,0.02587563791031089,0.2950543340010794,46.2,0.19,-0.07373903557859618,13.05479,0.0,459.51,396.0,0.0,0.0,0.007104450612854298,0.09637609481763493,52.9381776764833,-0.18179269522971014,0.19600159645541876
DOC,Real Estate,21.74,0.06412136301390592,0.2845697736037289,0.327984703620412,0.27747049651571065,0.29867780092964125,65.3,0.49,0.007881320292032257,67.9375,118.243,18.03,20.11,0.0,-0.056089240125943796,-0.005661083932448685,0.09637879464860256,47.658045261796175,-0.1945635214437097,0.18324135357881233
HSIC,Health Care,87.16,0.07485519297504806,0.12580735886753058,0.1495648115659287,0.23386189715740247,0.27914434821970124,65.0,0.58,0.0393513358900508,26.332329,77.748,75.04,78.37,0.0,-0.011482177820426959,0.007501010629850589,0.09635444963340556,53.102555704775,-0.1813537106516243,0.1963557319113255
HSY,Consumer Staples,170.27,-0.05985310751123174,-0.10584691579380656,-0.11564509129318779,0.0764779919353975,0.2765764726945556,35.2,-0.09,-0.008039555334069304,31.76679,120.011,192.84,182.57,0.0,0.0,-0.00434811412774004,0.09639190873481521,48.201033164769356,-0.19327625524797784,0.1845800269924978
HPE,Information Technology,47.39,-0.03042329817997802,0.9304893523981852,1.146034833538974,1.385459436017507,0.5050990237503609,47.2,1.91,-0.035023441240613185,44.28972,84.03,28.15,42.23,0.0,-0.5336428143959966,0.044807942557725966,0.09659345229694653,67.86337762354776,-0.14451522394428923,0.23413110905974116
HLT,Consumer Discretionary,328.48,-0.053671675121548024,-0.0008429630639038566,0.09369942013867605,0.19980058375788712,0.23296760615626444,37.0,0.75,-0.027158249891654274,50.226303,0.0,302.06,331.28,0.0,0.0,0.003916914520723624,0.09637728798183151,51.620913784508105,-0.18498256992366613,0.19281639896511338
HD,Consumer Discretionary,341.44,0.03523132271889384,0.015021692456112845,-0.08805787886499072,-0.022646584589162022,0.24955846014604277,48.8,0.69,0.008000446866774702,24.267237,459.356,352.51,323.84,0.0,0.0,0.005333848997150816,0.09643294158764884,52.20548429194619,-0.18367471651464093,0.19434241450894255
HON,Industrials,222.84,-0.065661408926593,-0.0798670460849571,0.021049899720100074,-0.02099078477713423,0.2577134326411471,36.5,0.79,-0.002596015736317847,17.798721,257.387,225.5,230.85,0.0,0.0,0.011868340041191531,0.09637836561800314,54.900314725224206,-0.17703325657009464,0.2007699366524777
HRL,Consumer Staples,25.15,0.035457661873266266,0.23192399089826599,0.0984663607541103,-0.09381510103023583,0.3030840389263717,49.1,-0.05,0.04609737802161806,29.588234,4.244,23.26,22.87,0.0,0.0,-0.0018108439873146314,0.09639235220054454,49.25058397002445,-0.19073985430038193,0.18711816632575268
HST,Real Estate,23.8,-0.003936580777655685,0.19440944519356607,0.34931344054406566,0.5773804271676373,0.24058404928703334,51.9,0.82,0.027633825296417225,16.190475,80.482,19.69,22.66,0.0,-0.05895639817643389,0.016513310909430912,0.09636002272593663,56.80339615721456,-0.17235233363340488,0.20537895545226673
HWM,Industrials,279.24,0.032539519721663135,0.09968112725855671,0.27264160935170434,0.5154381517891635,0.3099271043501355,54.0,1.03,0.019980280674336326,64.04587,87.794,230.97,264.99,0.0,-0.05899965378020222,0.004377583577581331,0.09636530436193877,51.81165070097112,-0.18449841297181865,0.19325358012698132
HPQ,Information Technology,23.75,-0.03455286049954698,0.25008658958704255,0.15888043563742738,0.018296034858687138,0.40399632263725094,54.3,0.81,-0.015747997264104696,8.796296,0.0,22.52,23.36,0.0,0.0,0.017610956845458287,0.09637490760427576,57.24965684317489,-0.1712838620589222,0.2065057757498388
HUBB,Industrials,479.92,-0.020031440464177708,-0.08649514296688077,0.002054891845617801,0.17078759678379996,0.3104399988471717,36.9,1.25,-0.011310006371843428,28.330578,72.468,479.89,489.15,0.0,0.0,0.01759100947134103,0.09636975674434294,57.24191899700342,-0.1712937137475711,0.20647573269025318
HUM,Health Care,407.78,0.07490150455730471,1.0605034303982253,0.4995545822477514,0.8641912321116461,0.49607937128403634,75.8,0.51,0.025191041752980814,43.473347,77.073,258.52,341.23,-0.04502305774677823,-0.4273569812041499,0.016551722214132723,0.09650126866960278,56.80918326538335,-0.1725907643782887,0.20569420880655417
HBAN,Financials,18.12,0.062383872867747936,0.0967981217470173,0.05540800981896932,0.13523691460400755,0.26274852178654157,60.0,0.82,0.020270304375678894,13.938462,0.0,16.73,16.69,0.0,0.0,0.015863929674114995,0.09636270837390054,56.53813174063534,-0.17300697873873008,0.20473483808696005
HII,Industrials,277.79,-0.07298269655581957,-0.2992495431615263,-0.3201632631722423,0.11353329278875068,0.3520139783114012,47.9,0.69,-0.029418899275142185,18.050034,56.946,347.09,301.73,0.0,0.0,0.012220219972339116,0.09635514244704589,55.046045969375115,-0.17663585922387082,0.20107629916854908
IBM,Information Technology,211.2,-0.21402253855696407,-0.13090514013627275,-0.29420947164034406,-0.23381039252511926,0.4805535655137118,33.1,0.87,-0.2847951043726018,19.199999,211.169,274.62,262.06,0.0,0.0,0.013503119876944155,0.09639442103817628,55.57023848838938,-0.17542994535788134,0.20243618511176967
IEX,Industrials,223.57,0.010185497228655693,0.1282115726070956,0.20601127133953923,0.26424161943627245,0.25751058002206356,54.1,0.78,0.01742969753031076,33.121483,46.915,194.01,216.6,0.0,-0.002336233549784933,0.008684505014372613,0.09635317676623724,53.59088418156587,-0.18016772144745236,0.1975367314761976
IDXX,Health Care,557.02,-0.022771895559210553,-0.04087745339758442,-0.21990359549599447,0.05764639033691488,0.42807217502699213,52.8,1.24,-0.0028284212741510606,40.98749,71.04,624.75,554.79,0.0,0.0,0.013009211704464787,0.09635742281359311,55.36979998621293,-0.17585133701017772,0.20186976041910729
ITW,Industrials,271.41,0.040164558516517346,0.032768255691333126,0.0701839431429323,0.08542185704496763,0.2066218465005182,62.1,0.57,0.02233687068849277,25.200556,283.22,260.57,257.18,0.0,0.0,0.004898304661017638,0.0963794897949346,52.02667591199881,-0.18400549533705418,0.19380210465908948
INCY,Health Care,115.09,0.1285545454933119,0.1852728954322711,0.11273321085092713,0.686300312643086,0.3353625151959728,64.0,0.48,-0.028940266641295453,16.25565,0.701,99.2,103.88,0.0,-0.010159193905465824,0.009512860600231373,0.09637954760339415,53.931258631874734,-0.17939105270242114,0.1984167739028839
IR,Industrials,79.14,0.030871471280650153,-0.050699403095003315,-0.07748477006127552,-0.08204543915951668,0.3392773661974909,53.0,1.43,0.027125194745114767,53.472973,48.353,81.37,75.22,0.0,0.0,0.012443267790579726,0.09637247574805487,55.13672300673574,-0.17644678467560782,0.20133332025676726
PODD,Health Care,159.28,0.07519913214220564,-0.21343210479359565,-0.4274005425078784,-0.45073966639136753,0.3956020866281716,61.3,0.34,0.006254378262398941,37.21495,77.844,241.05,153.23,0.0,0.0,0.0008049551074730433,0.09638686367077691,50.33316458402771,-0.1881132976872497,0.1897232079021958
INTC,Information Technology,102.99,-0.19450964044941943,0.5859253771463104,1.1778387792323657,3.493455389221034,0.7693368995227935,29.9,2.63,-0.08485874332741528,39.532399,36.028,63.56,117.5,0.0,-0.47031279579510854,0.05268648066013787,0.09657297609490147,70.73162418300467,-0.136596552485869,0.24196951380614473
IBKR,Financials,97.41,0.05012938140136902,0.22359977072342008,0.3828219860885187,0.6410926766969829,0.3846070192911201,58.1,1.87,0.022355215261351535,41.80687,152.192,74.73,88.79,0.0,-0.15341326283639065,0.027428957032909287,0.09640352467943138,61.1994944254129,-0.1615219513387762,0.21637986540459478
ICE,Financials,139.84,-0.001855886897198844,-0.14969800980682968,-0.15524160989196156,-0.2122613342974039,0.23794590687124748,67.4,0.3,0.035008479802913106,20.355167,70.986,155.67,142.09,0.0,0.0,0.0052197444215750875,0.09636272541575806,52.15992112310208,-0.18365119739331073,0.1940906862364609
IFF,Materials,75.31,-0.03384128523455676,0.058411902640145286,0.09402839321986112,0.04727768099458696,0.34755835313809674,48.7,0.79,-0.041003454358285674,23.101227,45.701,71.04,76.2,0.0,0.0,0.012344098564613729,0.09635160140206726,55.09710712126502,-0.1765050401834381,0.20119323731266558
IP,Materials,36.74,0.009618089988699507,0.021311316694098137,-0.11512927510336246,-0.24407611785233518,0.4261925163197339,39.4,1.18,-0.011834282493207282,31.4491385,65.904,39.02,34.51,0.0,0.0,0.0160173886171383,0.09636143743717597,56.60088674741727,-0.1728510287597266,0.20488580599400322
INTU,Information Technology,279.7,-0.0029492010721994255,-0.27912606124920614,-0.5344185104253321,-0.620829593429419,0.4577354428432526,60.2,0.38,0.023118030621617214,17.244144,33.448,489.14,312.93,0.0,0.0,0.008558518397794068,0.09642041490553437,53.536467510078324,-0.18042549481705328,0.1975425316126414
ISRG,Health Care,388.97,-0.06621050865562206,-0.169506334046166,-0.30766082348463997,-0.24063405881719313,0.32127999884021663,44.4,0.82,-0.05486572042768356,47.14788,0.0,487.22,420.09,0.0,0.0,0.006257394301646875,0.09635933350382545,52.58883667717611,-0.182606899365851,0.19512168796914475
IVZ,Financials,30.3,0.04123707353471229,0.23580576801765507,0.0877461057569946,0.8734293622680418,0.36629138765360025,79.7,1.65,0.059070205894980576,16.752056,14.829,25.76,27.59,0.0,-0.026157738557617105,0.026988841821742205,0.09642226706941343,61.02238781086962,-0.1619988016343081,0.21597648527779253
INVH,Real Estate,29.82,0.03273592581233431,0.1463054060417046,0.1625022204571751,-0.022602171769003476,0.2139153204677106,55.1,0.12,0.015321717491737274,31.723404,97.038,27.63,29.11,0.0,0.0,-0.0013152869653617679,0.09636117027043169,49.455478501602705,-0.19018318069540788,0.18755260676468435
IQV,Health Care,206.81,0.15931385316543967,0.16120151864785037,-0.14389207563740514,0.31158046147194285,0.4268519171400335,78.5,1.04,-0.010336429389346091,25.722637,253.536,196.27,183.26,0.0,0.0,0.011346197361285615,0.09640335160939835,54.684535577760784,-0.17760437179313515,0.20029676651570638
IRM,Real Estate,123.52,-0.021856209715793606,0.09523970915219171,0.3608856559404754,0.31327016663024554,0.32760037294442335,36.9,1.11,0.03381313334971847,135.73625,0.0,105.79,125.55,0.0,-0.017569109544834288,-0.01718927775720012,0.09650953241489406,42.931843702139616,-0.20634796129039246,0.17196940577599223
JBHT,Industrials,276.28,-0.024297234050831285,0.23475174557832745,0.3517978567779878,0.873887287035753,0.3800448961719906,56.4,0.83,-0.022398311809086358,43.715187,31.318,215.59,270.46,0.0,-0.1314931834483701,0.011246116690849623,0.09636147635547097,54.645411646358035,-0.17762237696587346,0.20011461034757272
JBL,Information Technology,319.18,-0.17231546136360543,0.0468996769481258,0.3398464982738998,0.4608128875807531,0.4340183266372616,31.8,2.04,-0.040089070098189294,39.997494,297.136,272.07,357.43,0.0,-0.023167308025273503,0.023856019825539327,0.09644223383377191,59.76854623825577,-0.16517075848865362,0.2128827981397323
JKHY,Financials,148.47,0.13901031276360487,-0.027787714038717715,-0.20573388800066872,-0.13884409108907592,0.26501074219230897,81.8,0.1,-0.01164958052043219,20.736034,6.398,159.16,137.52,0.0,0.0,0.0022982959195255383,0.09640502046955601,50.95098840973804,-0.18665554420080424,0.19125213603985533
J,Industrials,129.66,0.04086059227546612,0.021684192212634956,-0.06517844442285747,-0.020288091218124804,0.32370451476886175,66.5,0.91,0.03035606671476465,38.360947,138.776,135.15,121.95,0.0,0.0,0.0076683530511017645,0.09635692432033008,53.17154590406684,-0.1811912186167452,0.1965279247189487
JNJ,Health Care,247.02,0.04820504300186457,0.0409378553393267,0.16902114400808088,0.6317075963434726,0.1895855112167619,54.7,-0.14,-0.04662293148008834,28.656614,67.73,222.21,237.2,0.0,0.0,-0.004761506051096408,0.09638204136482029,48.02992999712109,-0.19367030712614416,0.18414729502395136
JCI,Industrials,142.76,-0.02259347601614181,0.043327807380125094,0.28108047119960755,0.35442658190859255,0.2947030422668607,49.9,1.06,0.015868467565002042,43.65749,70.317,128.66,141.77,0.0,0.0,0.009196551959626872,0.09635746971213982,53.80181310532548,-0.17966408867616718,0.19805719259542093
JPM,Financials,346.91,0.09102315522112048,0.1390606143076043,0.12658791997497776,0.23380439665613517,0.22130789838135181,64.3,0.83,0.03410141711562442,14.856959,0.0,309.5,315.69,0.0,0.0,0.015479023830573214,0.09637250101323445,56.380231169900306,-0.17341107815536633,0.20436912581651273
KVUE,Consumer Staples,18.7,0.024657576051476893,0.09394968261667258,0.1253773282781847,-0.08510157615419045,0.32762509895888015,48.5,0.16,-0.02502604455677715,22.261906,82.975,17.34,18.04,0.0,0.0,0.0027188079899149735,0.09637327954730193,51.12531565608756,-0.1861728199227968,0.19161043590262675
KDP,Consumer Staples,30.28,-0.04011070919487936,0.17291093557052273,0.1098498517980886,-0.04400375161649206,0.2933950040931963,44.9,0.04,-0.014322872283324184,22.42963,85.985,28.33,30.4,0.0,0.0,0.0008758805804691573,0.09637550344950721,50.36256203445617,-0.18802010618056497,0.1897718673415033
KEY,Financials,23.53,0.04950939369198459,0.10167282135473155,0.15100060523995795,0.3708894420429163,0.23802315852138722,56.2,0.84,0.01861473151839066,14.435583,0.0,20.54,22.09,0.0,0.0,0.015837305087350782,0.09636660698149305,56.526995558742065,-0.17304124459637557,0.20471585477107715
KEYS,Information Technology,322.71,-0.09589850045442072,-0.00780940367385663,0.5418537350679118,0.9925288841535183,0.42098681008574323,39.5,1.85,0.001676065446310826,52.05,43.642,260.16,342.9,0.0,-0.09040747855713657,0.022481339063969822,0.09639107542777015,59.22087897711638,-0.16644516877445967,0.2114078469023993
KMB,Consumer Staples,106.53,0.032867940757314695,0.11551733173808221,0.10733437428204784,-0.11837639470491679,0.2686741790622963,49.6,-0.06,-0.03092878665005172,20.605415,371.264,104.34,101.71,0.0,0.0,-0.0037314755199259024,0.09641498761342557,48.4563895688112,-0.19270485124224,0.1852419002023882
KIM,Real Estate,25.09,-0.010256419130939776,0.08026696609511541,0.24748615775770144,0.24082377187849868,0.18598533589851754,44.4,0.21,0.0064179641176695945,28.83908,78.788,22.38,24.36,0.0,0.0,0.0012193048837295878,0.09636476445444839,50.50476882743125,-0.18765563344698924,0.19009424321444843
KMI,Energy,32.2,0.023521986649771787,0.025164141224759184,0.19843061790107597,0.20025313129468936,0.20333073068719382,45.9,-0.14,-0.006172862762975684,21.610739,98.84,30.2,32.23,0.0,0.0,-0.0020771828583984755,0.0963769657954977,49.14023863681023,-0.19097603581757397,0.18682167010077702
KKR,Financials,100.95,0.029261776749669455,-0.026017416492941647,-0.22099966383111247,-0.2593783660884784,0.3733298812662963,71.2,1.51,0.04861328002874554,33.098362,69.029,108.8,95.85,0.0,0.0,0.019515650502668853,0.09638364114336831,58.02288112180061,-0.16939628613833305,0.20842758714367074
KLAC,Information Technology,224.5,-0.12448331548321301,0.28588326497293703,0.561072996619564,1.4125966103229093,0.5748357063232821,46.1,2.71,-0.021871750518537514,63.778408,105.4,156.85,215.81,0.0,-0.28128536055831466,0.03896819943105289,0.0964747972396273,65.68646042337679,-0.1501224031586166,0.2280588020207224
KHC,Consumer Staples,25.45,0.06085873304504985,0.17724944166557788,0.12063784441871861,0.0013791625255643591,0.26741630936226246,70.0,-0.04,0.031199369863953885,25.440226,50.258,23.93,23.55,0.0,0.0,-0.001697309181437243,0.096389176033216,49.29754207727433,-0.1906200942065406,0.18722547584366614
KR,Consumer Staples,56.56,-0.11707768453226541,-0.14666134181258217,-0.07039045962516088,-0.19671948454352206,0.27785715074353745,42.0,-0.71,-0.05512862017060993,33.076023,373.449,65.71,62.29,0.0,0.0,-0.017299739141532048,0.09649821344425003,42.886079876685045,-0.2064362374922621,0.171836759209198
LHX,Industrials,286.82,-0.0570404883374136,-0.19087984685589177,-0.15313209420025675,0.11601525429686133,0.2566484942137442,49.4,0.32,-0.010521916184307756,31.449562,34.574,316.72,301.29,0.0,0.0,0.002594932837490455,0.09635770989043399,51.07422987497247,-0.18626617854776015,0.19145604422274107
LH,Health Care,271.99,0.02626114585946948,0.022522162317572203,0.07654857235347734,0.1189168189459513,0.23320742507334033,59.3,0.29,-0.020314859882735514,24.09123,83.407,267.3,264.18,0.0,0.0,0.003550093894263294,0.0963560803899426,51.46950996031976,-0.18530782367002419,0.1924080114585508
LRCX,Information Technology,335.43,-0.13692721567691335,0.26590082494428247,0.5676296165769219,2.337156618758327,0.5893856701613039,43.2,3.06,-0.05023082390199329,63.288677,35.282,231.37,334.12,0.0,-0.2997485649173687,0.045074893114107666,0.09652344476816044,67.97442957249011,-0.1441110586314868,0.23426084485970214
LVS,Consumer Discretionary,44.79,-0.09951750293330575,-0.19924257846586335,-0.24372652874880452,-0.08367866792157741,0.34522943182215676,30.3,0.73,-0.03573734811941176,16.527676,981.405,56.16,49.37,0.0,0.0,0.0024013971442961492,0.09684792363703393,50.98909781224581,-0.18742053318429033,0.19222332747288265
LDOS,Industrials,108.21,-0.05575915772015849,-0.31720168489654066,-0.44447090884009255,-0.31747926279122973,0.30996065228461983,59.5,0.31,0.014912739607311654,9.748649,137.125,164.7,118.34,0.0,0.0,0.008260780604421961,0.09636528289454846,53.415693621567506,-0.18061517386889303,0.19713673507773694
LEN,Consumer Discretionary,85.29,-0.044026841161007635,-0.024723437874590304,-0.29745034463744835,-0.1923570082635958,0.37834012371676806,30.7,0.88,0.01717355357914152,13.368339,28.692,105.49,87.75,0.0,0.0,0.017902177877486804,0.09637501661269496,57.36817016558399,-0.1709928546833953,0.2067972104383689
LII,Industrials,548.67,0.049249206416644986,0.13565200122239052,0.03879465550657457,-0.08238742761587048,0.3602386948731475,49.2,1.27,0.02078136355377902,24.385332,161.043,510.82,525.07,0.0,0.0,0.01793859376196001,0.09635903955934698,57.384196161586146,-0.1709251237743601,0.20680231129828008
LLY,Health Care,1156.63,0.024155514133447742,0.2802017438774491,0.07739100060060289,0.5093126266075183,0.38804762143115723,56.3,0.43,-0.04956649715214401,41.146564,139.015,1002.77,1101.29,0.0,-0.003439936051674336,-0.0007818513609538716,0.09637768921141138,49.67636685807637,-0.1896821222153202,0.18811841949341243
LIN,Materials,514.15,-0.014056064142862645,0.03581934875878745,0.16845414035749373,0.1313856927389232,0.17881752347204546,49.2,0.15,-0.02171012481454926,34.140106,65.642,471.64,512.68,0.0,0.0,-0.0012225819433444537,0.09636565579908768,49.49387928666438,-0.1900992673095563,0.1876541034228674
LYV,Communication Services,178.44,0.014728440420786804,0.1451674628029087,0.22202436118583013,0.22160603473743024,0.3082467908820862,60.8,0.78,-0.022674988214094083,22.889553,738.269,154.75,170.99,0.0,-0.003109035242500252,0.003013655206896451,0.09660395120407309,51.24433782187738,-0.1863300891530868,0.1923573995668797
LMT,Industrials,514.46,-0.02997956825186676,-0.15262975509651366,-0.06760348281182449,0.12383176588805389,0.27224227902537124,60.7,0.1,-0.007332203375458701,24.937471,276.365,542.32,519.66,0.0,0.0,-0.0021376207786772453,0.09638363938534303,49.115288229524594,-0.19104955397394957,0.1867743124165951
L,Financials,112.52,0.03915771990736494,0.021364537256012506,0.09613628155980503,0.25573106029096127,0.16466012219956938,51.9,0.1,-0.022839816308829364,14.297332,45.603,106.55,108.87,0.0,0.0,0.004341233597640285,0.09636886051358452,51.79655132718817,-0.18454173300898535,0.19322420020426595
LOW,Consumer Discretionary,209.66,-0.04782232918181184,-0.13657769952255094,-0.22839556921578497,-0.005702333708346274,0.2679484953918236,32.6,0.67,-0.01568073398070713,17.737734,0.0,241.37,218.09,0.0,0.0,0.013424951544629022,0.09637184647614763,55.53949035884539,-0.17546386754862034,0.2023137706378784
LULU,Consumer Discretionary,117.42,0.010412177041608128,-0.2784810482639588,-0.4458706864035761,-0.47153338638667974,0.4512723613657599,57.5,1.38,0.007810454175863901,9.507692,44.264,162.57,120.83,0.0,0.0,0.026028840344827064,0.09638090256863746,60.64438060354398,-0.16287772868970238,0.21493540937935648
LITE,Information Technology,752.0,-0.2144080819107057,-0.08738972695987879,1.0812000884117068,6.662522974086334,0.8978425642000936,41.2,2.8,-0.042976976331313144,131.46854,111.445,566.65,880.01,0.0,-0.1770990268234597,0.007107962795587286,0.09702953250262496,52.91986639227312,-0.18306992090955762,0.1972858465007322
LYB,Materials,58.0,-0.0837282669974746,-0.19859515993043264,0.2187858291611886,0.0006626176001449657,0.457242902507824,58.2,-0.13,0.04712043038656066,31.4491385,141.24,57.49,64.07,0.0,0.0,-0.005854608351981332,0.09647305042008286,47.58044557779053,-0.19494178717534374,0.18323257047138106
MTB,Financials,248.53,0.09998227889613731,0.15277322453102493,0.20486334599891332,0.29722143706095516,0.21964146677316565,71.3,0.67,0.04450700272854902,13.156697,0.0,209.59,223.22,0.0,-0.035783097446469625,0.014909371882477247,0.09637634351091,56.14708867982223,-0.17398826139890636,0.20380700516386083
MPC,Energy,299.18,0.19261736405909824,0.34655346687524324,0.716388258143934,0.7369049311667046,0.3277354613187759,85.8,-0.04,0.05605367302174891,19.682894,146.523,214.51,259.37,-0.0034921280477415717,-0.24468456635802968,0.00843135996182687,0.09647253575026857,53.48218160590379,-0.18065481010869952,0.19751753003235326
MAR,Consumer Discretionary,369.05,-0.07882589098407933,0.016600995061011092,0.1471790119410481,0.35436527206849466,0.2664768814308273,38.2,0.89,-0.009181983559819362,38.603554,0.0,328.59,374.09,0.0,0.0,0.00949311263325093,0.09636823212394743,53.923583188422896,-0.17938862232968605,0.1983748475961879
MRSH,Financials,176.22,0.060352600228362974,0.007547211951305144,-0.02558310166990041,-0.14843068336925425,0.24768266786432386,62.2,-0.2,-0.015530719437412688,22.0275,151.634,178.35,166.6,0.0,0.0,-0.0038838327820337687,0.09638711965534003,48.3929326489897,-0.1928025873065002,0.18503492174243266
MLM,Materials,569.32,-0.03323202438048112,-0.07586866862415997,-0.14251870300118574,0.04366333844214565,0.2688871375627373,34.6,0.87,-0.004511307885477156,35.71644,50.35,615.86,580.42,0.0,0.0,0.00998679978963884,0.09636579967851983,54.127020672811135,-0.17889016758026002,0.1988637671595377
MRVL,Information Technology,206.26,-0.3320678940483951,0.5327702668225427,1.4854202290988656,1.8545702735560643,0.7543561912369365,30.9,2.9,-0.15192636481648703,70.87972,28.97,128.8,234.61,0.0,-0.45135147132291964,0.04816777048692411,0.0965724863549579,69.10304240295615,-0.14111430276879336,0.23744984374264158
MAS,Industrials,78.04,0.04991253858576705,0.2413120007727816,0.12740689093287405,0.23370282814200705,0.3316180095753675,50.0,1.05,0.01826724343721753,19.316832,12229.63,68.01,72.77,0.0,0.0,-0.1374497194403434,0.16548123652940394,20.309810243724545,-0.46179294303797513,0.18689350415728834
MA,Financials,535.21,0.09266917318997803,0.031054697788346575,-0.01460846758243739,-0.0214673056396677,0.21596969707735003,71.4,0.37,0.02295491109597414,30.954887,282.059,529.14,500.52,0.0,0.0,-0.00013074768068617134,0.09638614982389192,49.94588355070857,-0.18904760133551432,0.188786105974142
MKC,Consumer Staples,50.92,0.0733533073767263,-0.028132409118933555,-0.23109731820117274,-0.25703410134021787,0.293714536922625,61.4,-0.35,-0.012029544733578867,8.472545,65.143,59.5,48.21,0.0,0.0,-0.000616616196930565,0.09642201018291137,49.74487920901513,-0.18960375615543684,0.1883705237615757
MCD,Consumer Discretionary,264.95,-0.07398987582634886,-0.1290180382595213,-0.13315333190354606,-0.09425716602339484,0.17627043176116847,41.6,0.0,-0.04173741703112488,21.84254,0.0,302.37,276.82,0.0,0.0,0.0017746350746625174,0.09638012617340905,50.734525870641576,-0.1871304122252192,0.19067968237454425
MCK,Health Care,796.35,0.0212495135378159,-0.07665967783928396,-0.03165961591598143,0.12488565692542708,0.2962825253790134,59.6,-0.21,0.004465102657944309,20.749086,0.0,830.49,768.02,0.0,0.0,-0.00200254631899484,0.09641171905544361,49.17142546325072,-0.19096951566766435,0.18696442302967464
MDT,Health Care,80.47,0.010152414067938764,-0.06778359078216767,-0.1510165274401677,-0.06874626246569504,0.22989255922430912,52.7,0.25,-0.023303776953135236,21.573727,58.214,90.83,78.6,0.0,0.0,0.004518522673760106,0.09635694694421677,51.870097951659,-0.18434109333690477,0.19337813868442497
MRK,Health Care,123.61,0.07580503889297963,0.05597034332278317,0.15851688650048135,0.5670083330383431,0.28059258513679675,54.5,0.18,-0.011673455569162217,34.819717,106.936,109.01,118.46,0.0,0.0,-0.002294971572241236,0.09636819979789353,49.0500241153202,-0.19117664317611255,0.18658670003163008
META,Communication Services,681.31,0.14799154138354043,0.015428392977008265,0.08150227760506157,-0.0377918916866441,0.3855704621006843,73.5,1.48,0.07890989204892085,24.756903,35.608,641.39,602.31,0.0,0.0,0.021767539703266513,0.0963877755484271,58.933434185871334,-0.1671525003716506,0.21068757977818361
MET,Financials,92.2,0.05179093196975537,0.19848436554451587,0.21396314404697048,0.2461486427264057,0.23992318115737007,75.1,0.8,0.011519422981744798,17.833654,178.019,78.94,84.69,0.0,-0.017930513810173132,0.0122628140305457,0.09637691493372166,55.062401830718755,-0.17663593923954876,0.20116156730064014
MTD,Health Care,1316.55,0.1403934985214781,0.0005320312004990502,-0.11330296552305874,0.12664303314668035,0.3254499739675056,73.4,0.96,0.02215029957939474,30.861464,0.0,1315.02,1184.04,0.0,0.0,0.012165655956391932,0.09637280985237341,55.022718739708054,-0.17672505135425995,0.20105636326704382
MGM,Consumer Discretionary,46.84,-0.03661042407241932,0.22106359247418705,0.3518036966781859,0.24178151210873056,0.38965933449394347,48.3,0.91,0.008613297538920595,64.16438,951.186,37.48,44.07,0.0,-0.09961983578298358,-0.006096371637290605,0.09683231336117296,47.48999628111105,-0.19588770582518958,0.18369496255060838
MCHP,Information Technology,86.26,-0.1401514912416726,0.16381994306827297,0.17731064584655987,0.2118700176759858,0.4702752485526856,41.5,1.93,-0.022660321228102576,392.0909,87.715,74.61,93.16,0.0,-0.006186382926487433,-0.08796886656601376,0.09808413281397214,18.489373590933944,-0.28021376688139915,0.10427603374937165
MU,Information Technology,904.28,-0.16872475086245853,0.9823753168267007,1.6758911013404267,6.540849595650291,0.7628323766392636,40.2,3.21,-0.08809647055492609,20.44957,6.33,476.18,923.86,0.0,-0.7490266497449604,0.07641592711402734,0.09687401825113244,78.48906788875406,-0.11345714865819223,0.2662890028862469
MSFT,Information Technology,395.63,-0.010331210681213121,-0.03582779223300181,-0.15568903184772032,-0.21159679695789813,0.27316954300907237,65.9,0.77,0.029321521388189442,23.591532,30.271,440.5,401.88,0.0,0.0,0.011904349176778031,0.09635929448228032,54.9160750271603,-0.1769598680084914,0.20076856636204748
MAA,Real Estate,131.77,-0.029377374592997163,0.07331988153518543,0.015038550213423374,-0.06379230681000414,0.19465246077062656,47.6,0.15,-0.019885287359296178,40.051674,99.825,132.31,132.29,0.0,0.0,-0.003239609256638776,0.0963659111263796,48.65909667455401,-0.1921167950643428,0.18563757655106525
MRNA,Health Care,68.28,0.30980236678068307,0.25838556747982433,0.7242424598556079,1.1621278956381933,0.6875511955971801,58.9,1.63,-0.10815045772382548,26.316663,17.522,43.02,56.47,-0.05914828359908511,-0.43729144841130374,0.03967762894994202,0.09647770497542571,65.95598420046173,-0.14941867280189236,0.22877393070177643
TAP,Consumer Staples,39.61,-0.031303467801491736,-0.09536779898401937,-0.17689107718220665,-0.15783908993140094,0.27055818357274625,44.9,-0.2,0.02245737981907081,25.440226,62.567,44.83,40.26,0.0,0.0,-0.0032849132153497827,0.09639287537473708,48.64073236246574,-0.19221494894983446,0.18564512251913487
MDLZ,Consumer Staples,58.72,-0.03719995248890051,0.04652175946724735,0.06765934159683895,-0.08960463076254854,0.23104464017229778,41.0,-0.12,0.007204150757099681,29.069307,83.793,58.68,60.61,0.0,0.0,-0.0034332972677144596,0.09638124741592448,48.57918644947714,-0.19234054220292643,0.1854739476674975
MPWR,Information Technology,1352.66,-0.18009315469348397,0.0012741610334972009,0.38051468160678525,0.8981146195969487,0.5261157192456501,44.4,2.55,-0.015624410082622386,97.104095,0.543,1186.58,1502.89,0.0,0.0,0.015151025689125212,0.09649152274629579,56.23851580635897,-0.1739723588936145,0.20427441027186494
MNST,Consumer Staples,97.57,0.04655149824756344,0.3021486627177363,0.24403926195554715,0.655412317071379,0.2607352065276141,61.6,0.28,0.010564439262830572,47.135265,1.082,78.88,90.32,0.0,-0.08696414103222183,0.00029766818773226513,0.09637657186015526,50.12321691311515,-0.18860041265817204,0.1891957490336366
MCO,Financials,504.46,0.11099853360233647,0.13171980123258464,-0.05261429165514686,0.027054732962830563,0.2741953355335223,75.0,0.59,0.03580962349559047,36.23994,235.539,471.36,457.06,0.0,0.0,0.0019257068271368843,0.09637868428891343,50.79705877341871,-0.18697651437913343,0.1908279280334072
MS,Financials,228.55,0.04849072176985714,0.19913493698843676,0.2641985080548881,0.6531282700136007,0.2672876555450269,60.1,1.35,0.028901985449161893,18.446327,502.246,181.02,209.2,0.0,-0.11257780239515677,0.020600085990433722,0.09649814034044096,58.452234449454025,-0.16853626907683056,0.209736441057698
MOS,Materials,23.04,0.02309060600326962,-0.019206256374256103,-0.1045215464659146,-0.33572692272244054,0.4527131974211193,67.9,0.71,0.11036148990493233,164.57144,48.19,25.75,22.11,0.0,0.0,-0.03408688504625001,0.09662266205752024,36.212536119471096,-0.22346730267898968,0.15529353258648965
MSI,Information Technology,407.18,-0.008062864366151112,-0.07226010949889994,0.047261921796284634,0.007448070358483161,0.24122668355006993,55.6,0.21,-0.024040648557614452,32.784218,374.132,418.19,408.56,0.0,0.0,-0.003867175926659699,0.09640245017123253,48.40007561549388,-0.19281597826227545,0.18508162640895606
MSCI,Financials,621.77,0.017343843640063028,0.11419397825922428,0.06644897473780498,0.11955271873774964,0.2967358020816241,64.9,0.43,0.030529617453657787,35.46891,0.0,571.21,593.9,0.0,0.0,0.0029120999309150282,0.09636687607051232,51.205375791525896,-0.1859669771672891,0.1917911770291192
NDAQ,Financials,91.36,0.0035149351011225516,0.0354339743566463,-0.06989544930081404,0.046188370621409236,0.27494155247300267,67.4,0.71,0.04387573257053323,27.518072,79.058,88.96,87.22,0.0,0.0,0.008735297992102715,0.09635631518519353,53.61171152240946,-0.1801230797708766,0.19759367575508202
NTAP,Information Technology,162.1,0.004772757280767426,0.6205754809416539,0.5233515441531482,0.5940552587244645,0.42398462067594195,56.0,1.36,-0.053209425887698614,25.527561,202.295,118.03,148.69,0.0,-0.2233471213384384,0.02749903463576345,0.09639198733800436,61.22864882260656,-0.1614292605467251,0.216427329818252
NFLX,Communication Services,73.68,-0.09783271755732326,-0.31594094391003114,-0.18423382911727348,-0.41536337407545953,0.34352194918884676,55.1,0.28,-0.023718045403135712,23.767742,53.788,94.23,81.27,0.0,0.0,0.004652269396696807,0.09637199969541091,51.92510932506729,-0.18423685000630857,0.19354138879970217
NEM,Materials,95.21,-0.10009455256919497,-0.15576513219171817,-0.16579035659397068,0.6778085951866357,0.4779627065249068,52.8,1.53,0.004218980446990317,12.348897,15.762,103.86,103.72,0.0,0.0,0.026411397390586375,0.09639338084970989,60.7956138684705,-0.162519629074845,0.21534242385601773
NWSA,Communication Services,27.98,0.08871590317556466,0.10461901407469676,0.05508546042499374,-0.049789237578697465,0.253553347724401,76.4,0.37,0.017824655336409645,34.975,31.559,25.81,26.31,0.0,0.0,0.001628546817347611,0.09637734449321653,50.6740850434484,-0.18727104838935676,0.190528142024052
NWS,Communication Services,31.66,0.08239315717648243,0.08610635546239465,0.03811633349066579,-0.06798342298847526,0.2600580361373433,73.0,0.39,0.01702539996574992,40.075947,31.559,29.4,30.02,0.0,0.0,0.00043977931385851996,0.09637273778727913,50.18204936111793,-0.18845078674920857,0.1893303453769256
NEE,Utilities,89.1,0.03460282898861533,-0.016301899621059657,0.1068666874925599,0.2273094900952568,0.22811074013643104,56.4,0.11,0.02296211291661776,22.614212,156.686,87.2,88.3,0.0,0.0,0.0002983301242911511,0.09636310861799012,50.12350816789122,-0.18857336276696948,0.18917002301555177
NKE,Consumer Discretionary,42.77,-0.053761067791135875,-0.050336514407156696,-0.3448094203369435,-0.3895867194825182,0.3533751459456237,54.9,0.81,-0.00023371486251755336,20.366669,74.221,56.2,43.44,0.0,0.0,0.013525957436211627,0.09635258063559914,55.582004735645604,-0.17532510060956266,0.20237701548198592
NI,Utilities,45.71,-0.03707609207860896,-0.0289971832446817,0.09097641580811144,0.17710607361916786,0.1834385012573038,38.6,0.13,-0.0203600678535395,22.741293,140.908,45.07,47.05,0.0,0.0,0.0014205928866750578,0.09637196225295938,50.58804866991272,-0.18746845312912533,0.19030963890247546
NDSN,Industrials,287.77,-0.012505520175120854,0.049401390358656094,0.09317440633364682,0.3566723767495057,0.21357712094080403,39.9,0.94,0.004888759019294087,30.679104,61.637,264.92,286.84,0.0,0.0,0.011963856388284054,0.09637624690144071,54.93965912383614,-0.17693358753853972,0.20086130031510785
NSC,Industrials,328.54,0.05885010260881618,0.10833166809717398,0.14996246406634017,0.289598549884293,0.20068075746125036,81.7,0.38,0.014732741430981022,27.701519,111.586,299.47,313.76,0.0,0.0,0.0024936283154848534,0.09638610277350738,51.03199815551801,-0.1864231331205896,0.19141038975155933
NTRS,Financials,191.13,0.1065887189207746,0.23033021960093603,0.32939161096622405,0.581459474732926,0.24613307071608803,82.5,0.93,0.04522587905970288,19.522472,0.0,148.09,170.98,0.0,-0.1406747209603091,0.02090056809733572,0.0964082123719374,58.581493392539485,-0.16805952815166159,0.20986066434633305
NOC,Industrials,525.22,-0.03581592801049116,-0.2226063777649555,-0.15392306398244926,0.03218648198823315,0.27360251976795313,60.4,0.03,-0.013171016332922614,16.584148,102.682,611.29,539.71,0.0,0.0,0.0017861471391200996,0.09637357851140291,50.739340420979495,-0.1871060667432296,0.1906783610214698
NCLH,Consumer Discretionary,19.73,-0.0203574905579611,-0.06581445273500863,-0.17170445864768824,-0.13236588650738712,0.5334163925444637,39.9,2.14,-0.0015182533551623134,15.91129,661.444,20.55,18.52,0.0,0.0,0.027825431661953275,0.09662068910457439,61.33213749097762,-0.16155111898301253,0.2172019823069191
NRG,Utilities,137.9,0.05751534011538162,-0.17885249051980157,-0.07859677441061241,-0.05039964501683347,0.4521163577315618,43.5,1.46,-0.018365617237479093,151.53845,479.237,155.01,136.73,0.0,0.0,-0.023565922039487652,0.09665394230514182,40.36860852788449,-0.21300764895756563,0.16587580487859033
NUE,Materials,236.87,-0.08432929318192006,0.25238253825033974,0.4058391431827517,0.7346741237798848,0.30089138629406476,47.7,0.92,0.06563791802238184,23.475718,31.595,184.81,238.34,0.0,-0.1316714545631443,0.01956292583276875,0.09636373677145661,58.043689334168945,-0.1693099982392862,0.2084358499048237
NVDA,Information Technology,212.5,0.00023536386197253734,0.06978260515539603,0.14503622226187085,0.24653210247119728,0.3587907659553991,62.4,1.86,0.04793372758268055,32.592026,6.555,192.14,209.5,0.0,0.0,0.025436481166957937,0.09640858995583297,60.40485496569086,-0.16352435514647468,0.21439731748039054
NVR,Consumer Discretionary,6497.57,0.025662166411799525,-0.03984509691219851,-0.15322572588321737,-0.11004385368870706,0.2786707547345976,35.9,0.55,0.0040377231418486925,15.872895,31.22,7032.92,6259.81,0.0,0.0,0.011816966180756729,0.09636429588725547,54.8799181304258,-0.17705705375826397,0.20069098611977743
NXPI,Information Technology,279.01,-0.11372536246467058,0.33700960033319216,0.17700182261099728,0.28457955858296646,0.48033235108455025,42.1,1.82,-0.0396847196261928,27.167479,103.991,239.07,298.17,0.0,-0.01705846676031389,0.026633005310080306,0.096384231845569,60.88493076878345,-0.16228008910723493,0.21554609972739555
ORLY,Consumer Discretionary,82.73,-0.08342564370796002,-0.11613242835888382,-0.1257528716250127,-0.09277331788546217,0.24457346076518036,40.2,0.02,-0.028077999442315704,26.947884,0.0,94.08,89.36,0.0,0.0,0.0004635733449358851,0.09638109502585435,50.191882333612924,-0.18844337290573865,0.1893705195956104
OXY,Energy,53.77,-0.012669824427259502,-0.03244921647889476,0.25317109435650464,0.28559296867218986,0.34780514561481163,59.5,-0.48,0.028107098320212964,73.65753,41.989,49.61,54.94,0.0,0.0,-0.02372005641250318,0.09649920569127719,40.291631577797446,-0.2128584995674065,0.16541838674240011
ODFL,Industrials,225.23,-0.05134362115836588,0.0990569240854342,0.3156449254074034,0.4050311719938653,0.3923735435312164,58.8,1.14,-0.002745230724910397,46.922913,0.909,182.92,218.97,0.0,-0.08127669027231849,0.013573336438214682,0.09635954240370008,55.601026702423795,-0.17529136667303746,0.20243803954946682
OMC,Communication Services,80.93,0.05777020056900861,0.05555831416871149,0.06581510564450133,0.1893324151438036,0.35393851616571204,69.4,0.4,0.0012371455134951859,22.889553,110.574,76.64,75.23,0.0,0.0,0.004789218291217118,0.09637754691373382,51.98161884771638,-0.18411077365970116,0.1936892102421354
ON,Information Technology,92.54,-0.26497220179536196,0.27764739093773727,0.5576502466454454,0.5703376961869728,0.6256218244848278,33.1,2.42,-0.054460015137179796,68.04412,44.337,72.77,110.11,0.0,-0.1217338252544751,0.028160668608398557,0.09643665908119556,61.48613029301949,-0.16085518319074474,0.21717652040754185
OKE,Energy,91.03,0.04093770104044192,0.09537279538887966,0.2576783678398198,0.20146881181558518,0.26646953871207435,60.5,-0.28,0.0170949584278981,16.226381,149.644,80.68,88.86,0.0,0.0,-0.003644651745386998,0.09640080398196108,48.49206717934825,-0.19259022755003072,0.18530092405925672
ORCL,Information Technology,132.49,-0.30984773492526796,-0.21706062513852464,-0.34047514480073193,-0.429689837877801,0.6502121690838905,24.5,1.84,-0.07813801580960023,22.72556,388.87,193.12,180.38,0.0,0.0,0.025363917704552468,0.0964986073755299,60.36639417810618,-0.16377335275148613,0.21450118816059105
OTIS,Industrials,72.2,0.0054309901532891836,-0.1032413576068667,-0.18721883875866063,-0.25875608947032236,0.23961749153884163,48.0,0.31,0.002777735392252678,19.202127,0.0,83.46,72.26,0.0,0.0,0.007320599203866869,0.09636307396723161,53.02780897733959,-0.18155102577190707,0.19619222417964083
PCAR,Industrials,123.15,0.020382790908194393,0.00042529573765293094,0.03704404947815698,0.3273069885190514,0.27626982596291433,63.1,1.02,-0.0010544877896268012,26.20213,76.163,113.91,116.71,0.0,0.0,0.013688660757620758,0.096360770872763,55.64822575479831,-0.1751784501529947,0.20255577166823624
PKG,Materials,227.86,-0.009132049235537787,0.10768083315098265,0.05517888680251337,0.16930254424731128,0.2710921689304718,34.4,0.73,0.015011782416701536,27.686514,95.185,215.8,224.27,0.0,0.0,0.009678619574157622,0.09636125817790189,54.00028830650747,-0.1791894464545301,0.19854668560284533
PLTR,Information Technology,133.76,-0.007052276443346495,-0.05902215793099619,-0.2525704655303235,-0.09974429358986059,0.514309998303282,71.2,1.74,0.03657781669468174,148.62222,2.477,156.08,132.78,0.0,0.0,-0.013167685477242827,0.09655834238774327,44.57642947386715,-0.20242203655721963,0.176086665602734
PANW,Information Technology,354.02,0.24418351859921605,1.1572115513802599,0.8549645150215717,0.8414563797850292,0.41315800797172175,69.6,1.2,0.04643667514542549,313.29202,7.698,206.89,277.0,-0.12807080626893444,-0.5611557625169384,-0.055501787270848264,0.09757103305986062,28.473416891647354,-0.24674101206817506,0.13573743752647854
PSKY,Communication Services,9.25,-0.11820779772867318,-0.20356590710603095,-0.23044128205305192,-0.2744397950516956,0.6832896438163208,42.0,0.58,-0.008574482782447546,462.5,130.167,12.37,10.18,0.0,0.0,-0.13127118741947907,0.0989715472893725,9.236143505148203,-0.3252554201066492,0.06271304526769103
PH,Industrials,952.95,0.03710034978008725,-0.008981547905206777,0.01975178304820302,0.3564460044738966,0.25421461352875463,47.8,0.87,0.003982457689280627,35.216187,65.554,893.74,906.87,0.0,0.0,0.009130059124140737,0.09635702637027779,53.77442504354364,-0.17972971256160372,0.19798983080988522
PAYX,Industrials,110.0,0.09018828876615159,0.2343766119521502,0.026567366240584533,-0.18592828179211052,0.26376741014351957,77.5,0.13,0.035196666559206946,22.448978,123.378,104.25,98.57,0.0,0.0,0.0009252386827919097,0.09638549364395592,50.38295302257454,-0.1879903288593617,0.1898408062249455
PYPL,Financials,55.52,0.306660349837083,0.1237243456191055,-0.012169918962454451,-0.23244476476082876,0.42614141356973856,84.0,1.24,0.22506621429003104,10.416511,58.28,52.95,44.32,-0.10273269317390873,0.0,0.017339466215533138,0.09652340264535988,57.12824087936511,-0.17184640296937223,0.20652533540043852
PNR,Industrials,64.33,-0.13313566062939375,-0.269651035251088,-0.3734227003337589,-0.3797219914369043,0.3153489833098983,25.8,1.02,-0.13732061024106823,16.163317,54.634,93.95,74.27,0.0,0.0,0.019251782861973432,0.09638291222561601,57.915909051193005,-0.16965872510023394,0.2081622908241808
PEP,Consumer Staples,135.4,-0.07418807592147436,-0.116405915565017,-0.03786623746978546,0.051945410018785054,0.22668257962787552,39.9,-0.21,-0.017844238379340793,17.722513,238.949,150.01,144.08,0.0,0.0,-0.0033128645845481412,0.09639659444369848,48.6292237374565,-0.19225018969419716,0.1856244605251009
PFE,Health Care,24.82,-0.045384627122145416,-0.07209648213457287,0.01997301773975435,0.07901051777600654,0.24371958391216897,58.9,0.29,0.023505142054606853,18.522387,71.602,25.87,25.29,0.0,0.0,0.005531370117600056,0.0963569462591236,52.288870834519805,-0.1833282445502822,0.1943909847854823
PCG,Utilities,17.51,0.059163535808084644,0.009829362798615016,0.1195999565833008,0.36120116517007106,0.2640062473045968,57.9,0.21,0.019208377057283066,13.573644,187.872,16.6,16.65,0.0,0.0,0.004063137698121256,0.0963663860908493,51.68157937129095,-0.18481497903994337,0.19294125443618587
PM,Consumer Staples,180.88,0.003132994486224172,0.16024939071538324,0.1094826511484599,0.03598729354368135,0.2848670857399793,54.6,-0.13,-0.0016006694765343665,25.440226,0.0,167.89,179.61,0.0,0.0,-0.0019933489354443464,0.09639618824843202,49.175097570406685,-0.1909298779023711,0.18694318003148241
PSX,Energy,196.16,0.13217136027538046,0.22388577776161434,0.44668479513421255,0.581697766233696,0.3044784085887441,76.9,-0.13,0.03340004263650509,19.3834,91.385,155.64,177.61,0.0,-0.11036505778081931,0.0023822508974453093,0.09642372478725052,50.985529165886675,-0.1866082496855657,0.19137275148045632
PNW,Utilities,107.07,0.03679677714033258,0.05077202909691758,0.19723779826804244,0.23667049549638852,0.16805194374587887,54.8,-0.19,0.0029976552208357266,20.316889,212.957,96.5,103.15,0.0,0.0,-0.004191207485483375,0.09638325179522447,48.26575360796287,-0.19310238100412333,0.18471996603315657
PNC,Financials,254.15,0.10231608513048984,0.14451047775690995,0.21472385300272312,0.355452735429308,0.2188881425777682,69.2,0.64,0.012912957582744244,14.6399765,0.0,213.2,230.92,0.0,-0.042063077781165,0.014258452701420682,0.09637320537714356,55.88090373173845,-0.1746330298377807,0.20314993524062205
PPG,Materials,115.31,-0.051180788967165936,0.07743958543499074,0.08494110352088202,0.035805185251484684,0.2959797867353175,39.5,1.02,-0.005605394368840999,16.425926,93.736,108.72,113.73,0.0,0.0,0.017701223663256233,0.0963610850806592,57.28743430958259,-0.17116650309483578,0.20656895042134826
PPL,Utilities,35.71,-0.01271769720098026,-0.08544292822018706,0.036785822429051596,0.04225136650472949,0.1758539458990477,38.8,-0.02,0.0014021098506586949,22.180124,135.116,36.6,35.8,0.0,0.0,-0.0004416059276221471,0.09637681366350663,49.81720223710415,-0.18934016070809515,0.18845694885285083
PFG,Financials,112.96,0.021430534632995712,0.20258809289479407,0.2905563038674519,0.47532298706537146,0.22494389506126158,69.7,0.7,0.011551902361238486,16.2066,33.624,93.2,105.97,0.0,-0.0620132562284956,0.01498447430543577,0.09637111674025,56.17813746681841,-0.17390291450545425,0.20387186311632577
PG,Consumer Staples,148.05,-0.016017569816360044,0.040346121365717025,0.04148573027029823,-0.0024304346055887827,0.19540162044638876,43.0,-0.08,0.008171582556123935,21.644737,67.651,148.27,146.37,0.0,0.0,-0.0004157050763290216,0.09637539578702255,49.82792100046631,-0.1893114808188932,0.18848007066623518
PGR,Financials,205.22,0.008899937107371247,0.020280982600835662,0.0017427509515191009,-0.09763301818394565,0.2533472163043738,40.0,-0.4,-0.10587313785037888,10.29704,26.174,212.78,207.42,0.0,0.0,-0.0009681533280503909,0.09641988996122208,49.59942828546513,-0.18995113765204566,0.18801483099594488
PLD,Real Estate,143.42,-0.027199413618729795,0.03356148461518327,0.11828511831307797,0.363158036331503,0.22040333642997728,56.5,0.53,0.014572704794137525,35.944862,60.934,133.37,142.13,0.0,0.0,0.003501534814656758,0.09635694647878004,51.449405518041445,-0.1853580802837521,0.19236114991306563
PRU,Financials,115.04,0.05842302264685584,0.1728819162474058,0.01380728311694246,0.1777742385545138,0.22991609735458637,72.3,0.73,0.000347834048063822,11.84758,158.972,104.7,105.59,0.0,0.0,0.012706012844349057,0.09637285625432555,55.24454606297537,-0.17618478541412902,0.20159681110282712
PEG,Utilities,79.88,-0.00336873695970874,-0.004516647674573937,0.031652014853774446,0.008191362049979167,0.19003850610069842,41.0,0.16,-0.003617324711873038,17.672565,141.01,81.15,79.17,0.0,0.0,0.003629897499609042,0.09636743563626134,51.502351091883384,-0.18525027634746316,0.19251007134668124
PTC,Information Technology,123.61,0.07627341970060497,-0.09496266691185595,-0.2701776927794943,-0.35693476316012995,0.31186352715098936,70.3,0.47,-0.001454077904875506,11.87416,35.78,158.76,131.13,0.0,0.0,0.0110165234491548,0.09637367018742962,54.55041745756595,-0.17787587011820727,0.19990891701651686
PSA,Real Estate,314.68,-0.019627447488669958,0.059277818869164944,0.14653963306494022,0.15437539791585286,0.23257424565258594,47.0,0.42,-0.014623495658304786,32.474716,107.646,292.26,311.14,0.0,0.0,0.002905043176390534,0.09635415472174394,51.202614455467746,-0.18594910007822757,0.19175918643100864
PHM,Consumer Discretionary,125.39,0.02292384826977112,0.04002613240693731,-0.05787857216804693,0.17027295895643313,0.349366142236173,28.4,0.9,0.013498206857969652,12.126692,18.942,124.3,121.86,0.0,0.0,0.018341047445583257,0.09637828985081784,57.54640255655601,-0.1705604006620197,0.20724249555318622
PWR,Industrials,648.84,-0.10410825542053692,0.09651437281753772,0.46120357398911804,0.6800138376084897,0.3883252118502139,37.6,1.53,-0.028929698353849398,90.873955,69.121,548.91,712.38,0.0,-0.03204249161566519,0.0027424370150508325,0.0964121488815676,51.134635591848344,-0.18622537479282167,0.19171024882292334
QCOM,Information Technology,177.98,-0.1939676749450142,0.34263327055331816,0.08769008774184206,0.17777891767016185,0.5120694897957905,36.3,2.03,-0.06870391314362911,19.117077,55.979,169.01,207.02,0.0,0.0,0.03253594966869791,0.09641261791893938,63.21170601578513,-0.15643278145242326,0.22150468078981908
DGX,Health Care,201.77,0.002029718073409903,0.05835529436209175,0.1306626337484591,0.23369253836699921,0.23399061038645072,49.1,-0.12,-0.030185045360151097,22.270418,82.737,191.69,198.31,0.0,0.0,-0.0019390849246134901,0.09637775941317395,49.197397015046,-0.1908394933744344,0.18696132352520745
RL,Consumer Discretionary,374.08,-0.09061407210364003,0.015254426241022134,0.02707753388839307,0.32184995216351187,0.3506526907860192,28.4,1.38,-0.034831519860953564,24.385918,105.913,356.86,375.52,0.0,0.0,0.02045851249730944,0.09638378386790047,58.40482665026045,-0.1684537038837755,0.20937072887839436
RJF,Financials,170.3,0.10469302323325569,0.09717562910902111,0.026059253901188573,0.10466306422582239,0.2548590216662669,72.7,0.81,0.009364638570550365,16.08121,48.477,158.04,154.59,0.0,0.0,0.014051931907736064,0.09637042100505647,55.79649679966515,-0.1748340932621746,0.20293795707764675
RTX,Industrials,195.89,0.0667066000910177,-0.00848849924087225,0.016896702880280667,0.3385255774245868,0.24969620838638593,67.4,0.47,0.0035348486280417646,36.208874,57.229,185.38,182.91,0.0,0.0,0.0022182368575657,0.09636224379864287,50.91827492241758,-0.18665176098777433,0.19108823470290573
O,Real Estate,63.26,0.0224190471763146,0.001999076261813837,0.0961268055057154,0.17838119959723975,0.1667065751916576,59.2,-0.01,0.0014247293841482822,51.852455,73.467,61.02,61.76,0.0,0.0,-0.009772716463374336,0.09638281108614113,45.961852958902114,-0.19868302619221095,0.1791375932654623
REG,Real Estate,79.99,0.009210140144638945,0.015411433697799737,0.1654245008113937,0.21343758604314877,0.1631474546824574,50.6,0.13,0.0069234064131473705,27.48797,73.218,74.6,78.25,0.0,0.0,0.00034881191183254077,0.09636632162741243,50.14440264329092,-0.18852917847789583,0.1892268023015609
REGN,Health Care,664.45,0.0804416945419495,-0.11736840223425282,-0.12210544396525302,0.21923318447876095,0.3305920673755382,66.3,0.42,-0.005239913071391933,16.233814,8.612,703.19,646.69,0.0,0.0,0.008578346802590021,0.09637697135097421,53.54623283249423,-0.18032051704531946,0.19747721065049947
RF,Financials,31.48,0.10069927001233836,0.1411411656415038,0.15252551174498685,0.3624924206620286,0.24848738087674732,69.9,0.81,0.029430988252965307,13.06224,0.0,27.32,28.63,0.0,-0.0021238914645232143,0.015481327541174648,0.09637503013396503,56.381006564668404,-0.1734137315213968,0.2043763866037461
RSG,Industrials,217.34,0.04750108639784312,0.03369143445684086,0.042660097613452574,-0.0910247494774552,0.19111034220111003,56.0,-0.31,-0.006173149611067963,31.544268,117.578,214.96,209.12,0.0,0.0,-0.008005096097923067,0.09638704257892423,46.69052634948177,-0.19692369955261457,0.18091350735676842
RMD,Health Care,198.57,0.03024801112844977,-0.12954332322420203,-0.2161549084839326,-0.20434121407524475,0.2684017545201152,51.4,0.51,-0.04739740834093953,19.148506,12.988,236.46,199.92,0.0,0.0,0.010028731074278395,0.09635580637891032,54.14471460285502,-0.17882864942838583,0.19888611157694264
RVTY,Health Care,111.35,0.10740920034387291,0.199538442660266,0.012391521554736773,0.16443885423597915,0.3953043948221271,62.5,1.39,-0.014165546855696487,53.533653,46.642,97.66,102.44,0.0,0.0,0.011181836037395034,0.09636945246290442,54.61859808733991,-0.17770229078989763,0.2000659628646877
HOOD,Financials,115.54,0.17753768529681513,0.3231791264238384,-0.03908846500119889,0.16073939976731655,0.6913711189296865,68.8,3.02,0.003735559924383347,56.08738,140.483,102.01,91.97,-0.10622731994473303,0.0,0.028582802688828183,0.09666674460075073,61.62642636281812,-0.16088401672864325,0.2180496221062996
ROK,Industrials,461.92,-0.0035593197800011245,0.16594101844128883,0.11531834943263619,0.35160962345083924,0.30299434694860666,50.6,1.54,-0.011893551441617412,48.0666,113.367,404.2,458.29,0.0,0.0,0.014544868226219464,0.0963881140642784,55.99722979732588,-0.1743758353397662,0.20346557179220515
ROL,Industrials,43.76,-0.06695102563297539,-0.19254739659411235,-0.2854887918788265,-0.1951847702638878,0.2513461528537867,46.2,0.08,-0.02255979731747626,40.518517,77.235,55.87,47.95,0.0,0.0,-0.0039813807204352155,0.09636976317077907,48.35229502103329,-0.1928661165351622,0.18490335509429176
ROP,Information Technology,348.51,0.050937056836304784,-0.02431219204788848,-0.17845309586789093,-0.3546948253875116,0.2612342450848527,62.7,0.24,-0.02087428393779467,21.781876,55.606,391.78,336.44,0.0,0.0,0.004370384009209433,0.09636320944702197,51.80871251688215,-0.1845015065069536,0.1932422745253725
ROST,Consumer Discretionary,225.81,-0.04628967570256515,0.009380915506690402,0.17338689950847375,0.7858679426299244,0.2584311517087517,47.2,0.7,0.02361736768326894,31.53771,74.911,197.08,223.7,0.0,0.0,0.007045614252846835,0.09635884480047088,52.91440901493022,-0.1818177215560761,0.19590895006176975
RCL,Consumer Discretionary,292.17,-0.06854337067496996,0.0402922215616901,0.012098891481142626,-0.12928765821622068,0.4701193747229217,31.5,1.74,0.014197539038147466,17.826115,217.312,287.23,284.48,0.0,0.0,0.02705096315681339,0.09640427909510763,61.049108342508326,-0.16190142386959758,0.21600335018322434
SPGI,Financials,444.48,0.10787223527716838,0.09366206749116768,-0.12940156014946247,-0.0929079362702836,0.2995566684452721,77.1,0.37,0.02660758443876965,28.096083,38.392,436.35,401.87,0.0,0.0,0.003741088087613571,0.09638190719125268,51.5481157966333,-0.1851674500072417,0.1926496261824688
CRM,Information Technology,167.0,0.014889072639345802,-0.0572577976956441,-0.30370130590614863,-0.34617023570882155,0.3914696556185168,65.4,0.45,0.027692307692307683,19.3511,124.282,209.17,171.92,0.0,0.0,0.007311319779727936,0.09638075378550705,53.02342471269763,-0.18159495763986588,0.19621759719932175
SNDK,Information Technology,1615.0,-0.23382012197417246,0.8111066849008277,3.143044073048033,36.804306035865295,1.0796068525258882,43.6,4.08,-0.13091209403067006,60.23872,1.503,768.96,1722.23,0.0,-0.9502452930446897,0.04652135538494873,0.10947158411351397,66.45681183405297,-0.16804294947753864,0.2610856602474361
SBAC,Real Estate,187.09,-0.04458181319477672,-0.12128496718058157,0.007780565403205042,-0.167490103313376,0.3343040542586105,51.9,0.04,0.025263046461458494,19.672976,0.0,195.04,197.72,0.0,0.0,0.0027612211245825013,0.0963951101822502,51.142606948014816,-0.1861731948326279,0.19169563708179288
SLB,Energy,47.55,-0.11469000097586934,-0.08814750580764363,0.047520223781188475,0.39289523193117226,0.33727269412212957,56.7,0.8,0.0065621834796643075,20.947136,42.515,45.88,52.34,0.0,0.0,0.012520785215561579,0.09635509807328943,55.16947091330244,-0.1763352070080857,0.20137677743920884
STX,Information Technology,828.3,-0.18640500677273064,0.5952475943510449,1.6075130775623134,4.60307996946372,0.6891594821790339,37.6,2.49,-0.06941998808906258,78.73574,381.553,482.61,878.78,0.0,-0.5662902862381215,0.03642379755492084,0.09667076503876132,64.68321652258643,-0.15305090192105134,0.22589849703089301
SRE,Utilities,92.78,0.01645878099771081,-0.021231181562458512,0.042136530455229027,0.2876338922779831,0.19757442403888759,52.9,0.2,-0.019446247240270997,31.557821,85.267,91.9,91.55,0.0,0.0,-0.00021926983454890854,0.09636090760855373,49.90922051846704,-0.1890866487473142,0.1886481090782164
NOW,Information Technology,104.73,0.005568908521912608,0.11190148256004218,-0.24213038927081565,-0.4527755617641145,0.5230286979392463,63.0,0.67,-0.03776178904120575,62.33929,20.728,129.64,102.88,0.0,0.0,-0.0015469886199618416,0.09643665167798447,49.3600641569525,-0.1905628259088114,0.18746884866888774
SHW,Materials,332.29,0.037628087303299695,0.013111531712959756,-0.06208527654088014,-0.01078503945420417,0.2522117851998135,49.2,0.7,0.0007830911862811707,31.950964,329.521,333.1,318.13,0.0,0.0,0.0046603801199787374,0.09638495456775564,51.92820393152546,-0.18425413083282233,0.1935748910727798
SPG,Real Estate,222.01,0.02944445301352938,0.11326630924977654,0.23134755175085786,0.4541842393187576,0.1931459544046561,49.8,0.36,0.010468288756479316,15.428074,457.473,193.99,210.61,0.0,0.0,0.002511511819432973,0.09643966783931847,51.03882046940596,-0.18651023714563122,0.19153326078449714
SWKS,Information Technology,57.51,-0.24586943731266042,0.0013761373740857064,0.0035380339817943085,-0.1787209426227454,0.4405499547599901,14.8,1.46,-0.04070062402592389,23.962498,20.632,65.39,70.03,0.0,0.0,0.023938736047297047,0.09641611899362712,59.8043288506274,-0.1650368571802121,0.2129143292748062
SJM,Consumer Staples,109.02,-0.059686093260495454,0.179057753450935,0.09569247270405179,0.0884128773853905,0.2832862879244802,44.5,-0.25,-0.016686263711422678,25.440226,128.609,103.82,106.76,0.0,0.0,-0.005200933314094682,0.09639992660576414,47.84868502844702,-0.1941447894613924,0.18374292283320304
SW,Materials,43.59,-0.02066947211049952,0.0649261750983463,0.0421241577836029,-0.010557390381080833,0.4237304489388722,34.6,1.45,0.013956698085490604,60.541664,78.831,41.0,42.03,0.0,0.0,0.010564720298082413,0.09637746072611851,54.36438976685031,-0.17833510272510986,0.1994645433212747
SNA,Industrials,403.7,0.044150756818247094,0.1044679194015834,0.13450327003551754,0.32503116393607656,0.21514770718277482,61.6,0.65,0.009174345521419713,20.830755,21.731,365.02,382.91,0.0,0.0,0.010527611930280085,0.09636310055965877,54.34976645510792,-0.1783440651666511,0.1993992890272113
SOLV,Health Care,78.37,0.01911575021501699,0.1341534656608232,-0.02074217241078191,0.06365367022232205,0.2819530404896459,58.6,0.75,0.031727273448611815,9.592411,106.48,74.71,76.26,0.0,0.0,0.014955735388701062,0.09635398197980433,56.167471045756024,-0.17389806929171542,0.20380954006911756
SO,Utilities,94.6,0.008313779384289566,0.007853584430848715,0.09802946595774276,0.056470520473624664,0.1675160497353871,46.0,-0.23,-0.005989279245465107,24.194372,190.431,92.83,93.89,0.0,0.0,-0.005232132740524087,0.09638527710255498,47.835463708809364,-0.19414727586153185,0.18368301038048368
LUV,Industrials,49.25,0.0687933603077453,0.18621259685312497,0.1499706775377112,0.3513411786378562,0.4480648459703981,41.2,1.45,0.0006094835138739096,32.833332,93.033,40.91,44.47,0.0,-0.05373120010167551,0.020960419554279346,0.09636187780844903,58.60975650468527,-0.16790886095028074,0.20982970005883944
SWK,Industrials,87.96,0.037264102818323375,0.3233135807791545,0.08427980946021574,0.317617856646528,0.3880270186537849,45.9,1.58,0.013130608081727502,36.04918,77.606,76.87,82.23,0.0,0.0,0.019584204110946347,0.09637101447594881,58.051718831903784,-0.16930298426191331,0.20847139248380603
SBUX,Consumer Discretionary,105.11,0.03464912293877176,0.07510758701600095,0.17499886354904115,0.16656346214437523,0.2860577291361156,54.7,0.64,-0.012216925166977699,81.48062,0.0,93.57,102.52,0.0,0.0,-0.008254510097859364,0.09639125224320755,46.587810089611004,-0.19718136449454615,0.18067234429882745
STT,Financials,186.59,0.12038454036045665,0.313708433902429,0.4213664055093638,0.8762344837024982,0.25555529437448127,79.3,1.12,0.035690455956254974,18.943146,0.0,135.78,162.9,0.0,-0.2241582559736788,0.027510914691378924,0.09643258066826943,61.22876776603533,-0.16149694341842916,0.216518772801187
STLD,Materials,235.56,-0.132612423502125,0.21629096829309047,0.3944002190190514,0.8498953823854398,0.35301061165319997,46.3,1.16,0.06079438056572006,25.24759,45.994,192.45,245.43,0.0,-0.07397760280270793,0.019708007995166518,0.09635719703019355,58.10306103668677,-0.16915209818401283,0.20856811417434584
STE,Health Care,211.46,0.026853854391149623,-0.042486514863343205,-0.18178849467664093,-0.0684209864709645,0.251644632070056,54.1,0.53,-0.021018487435800037,26.300997,28.999,235.84,210.98,0.0,0.0,0.007599521937985166,0.09635290345384738,53.14326825490882,-0.1812521688315557,0.19645121270752602
SYK,Health Care,316.44,0.03034605918770339,-0.07020053208483767,-0.10588702145633644,-0.18159237023628128,0.25224217198094534,52.0,0.26,-0.03261894588356462,36.625,66.295,345.51,309.12,0.0,0.0,-6.211558229395971e-05,0.09635811890591003,49.97428288283964,-0.18892402863787763,0.1887997974732897
SMCI,Information Technology,26.89,-0.12836307756417054,-0.014657439078769485,-0.059790243671787424,-0.4942636765905717,0.8690126052876892,26.9,3.4,-0.04780454647348864,14.152632,120.798,34.28,33.45,0.0,0.0,0.055183925010038506,0.09665264287169774,71.59835774292513,-0.13425525501848906,0.24462310503856605
SYF,Financials,74.04,-0.007639722425429651,-0.02170795466733977,-0.04377327487792171,0.09795678237489325,0.3139928868672777,44.7,1.29,0.03451168410277017,7.6645966,0.0,74.19,73.08,0.0,0.0,0.025540247257893316,0.09637917875798303,60.44943294678823,-0.16336294310775343,0.21444343762354004
SNPS,Information Technology,425.28,-0.06404332450989059,-0.030037662358452955,-0.1690503928825231,-0.25271478294927985,0.5646737546586574,28.0,1.59,-0.04080112893771537,97.09474,35.574,455.01,475.46,0.0,0.0,0.002074709062368017,0.09644666486430248,50.85811711117915,-0.18696075407166485,0.19111017219640086
SYY,Consumer Staples,80.73,0.019765231557294927,0.09684300522608624,0.0764887446984055,0.08708310449142442,0.27244115603186897,52.5,0.25,-0.01584780497023952,23.000002,670.44,78.42,77.42,0.0,0.0,-0.003926535911170356,0.09655308181707237,48.378063656465265,-0.19317057627263218,0.1853175044502915
TMUS,Communication Services,187.62,-0.006565739114458569,-0.00816034294671275,-0.0006588929704076651,-0.1542542800874479,0.2603918617727438,57.0,-0.43,0.033832926681718556,19.917196,218.569,201.9,185.23,0.0,0.0,-0.007402532501378784,0.09641605253148107,46.940048543255635,-0.19637799546308168,0.1815729304603241
TROW,Financials,118.58,0.09179634623584465,0.24859920867380403,0.1766018913725751,0.2400169872357183,0.24682267489628923,71.7,1.0,0.013071326265752692,12.723177,3.87,101.71,107.26,0.0,-0.015915332317865682,0.019171222359707862,0.09638270323436535,57.8832366796749,-0.1697388759796482,0.20808132069906393
TTWO,Communication Services,243.8,0.1275031580676642,0.13845440112226037,-0.014909702854680185,0.025662625922725057,0.3090863728075558,57.6,0.72,-0.009345806561217085,22.889553,84.26,230.82,231.71,0.0,0.0,0.01061735291584676,0.09634868781446496,54.387349745372426,-0.17822607520050454,0.19946078103219805
TPR,Consumer Discretionary,140.26,-0.07106437907119567,-0.07075016162156345,0.04954334067504962,0.3982941779087392,0.40630987184664963,32.2,1.37,0.0023583352270968305,42.762196,574.912,132.96,140.87,0.0,0.0,0.008255366844975513,0.09651863526990322,53.40805038620869,-0.18092115828403477,0.1974318919739858
TRGP,Energy,278.16,0.06034390996121575,0.17091941243007525,0.558415532132035,0.6804538070248976,0.27733353020961693,59.9,-0.02,0.01882651401095803,28.412666,585.249,215.84,266.05,0.0,-0.13871688750093528,-0.0033587768377260404,0.09653080952578998,48.6121656191535,-0.19255916350827437,0.1858416098328223
TGT,Consumer Staples,138.29,0.03844706155730404,0.13613218234681246,0.2981341647069744,0.41221388676451065,0.3104287483561452,45.4,0.5,0.04551288137309939,18.292328,117.548,111.2,128.61,0.0,-0.09359603572726685,0.012464723994230294,0.09635911887363546,55.14624041625158,-0.17639914899809522,0.2013285969865558
TEL,Information Technology,201.34,-0.06847415144605862,-0.13680008860298332,-0.1431207790882012,0.15970612498020276,0.347334941436474,55.0,1.64,0.012216543316288409,20.523954,43.798,220.61,205.99,0.0,0.0,0.025803827582453333,0.09638613987516753,60.55398984320194,-0.16311300657287503,0.2147206617377817
TDY,Information Technology,624.15,-0.006668367861864755,-0.01673046109680776,0.12457435619518753,0.16657008062576795,0.2568614207964668,55.1,1.07,-0.011670247797778366,31.65061,23.133,594.93,626.26,0.0,0.0,0.01386634760344208,0.09636509511064517,55.72078664786954,-0.17500923881342245,0.2027419340203066
TER,Information Technology,342.12,-0.2088064748277092,-0.06222814616829453,0.49340209993826223,2.686937538216877,0.7312639182086148,37.9,3.16,-0.05687113682374223,63.23845,2.621,277.07,381.67,0.0,-0.0847757016017418,0.03684728257003148,0.09657694899834425,64.85960650285763,-0.15244353746672326,0.2261381026067862
TSLA,Consumer Discretionary,394.46,-0.040593463916257067,0.0064038249008169235,-0.11793385356066832,0.26925797350043545,0.4472909795375884,55.8,2.14,-0.029738031486665095,358.59998,18.738,417.61,410.0,0.0,0.0,-0.07403779382301941,0.09778803017116611,22.448739241989145,-0.265702332958505,0.11762674531246615
TXN,Information Technology,301.19,-0.038775751702576855,0.39960414438732084,0.6161687717861506,0.41801586996556406,0.4356645838992502,49.2,1.29,-0.02379021932042724,51.573627,83.741,220.39,301.04,0.0,-0.2166355281284946,0.019784010794287724,0.0963865081183966,58.13143525802877,-0.16913354511776962,0.20870156670634504
TPL,Energy,413.44,0.13964387185780103,-0.007735030809604471,0.2880917892194732,0.27012206017825346,0.4780881135539392,63.3,0.42,0.05801370132070516,56.791206,1.156,379.42,393.75,0.0,0.0,-0.004276288021567792,0.09643822458697161,48.23157964231509,-0.19329520821203214,0.18474263216889655
TXT,Industrials,88.75,-0.053333333333333344,-0.019019368494730404,-0.05039216107244926,0.05186963791434196,0.26111778583661943,56.6,0.74,-0.018577908874336524,17.100193,52.674,89.22,90.97,0.0,0.0,0.01318744932450885,0.09635319085577197,55.443153434686444,-0.17566480475280422,0.20203970340182192
TMO,Health Care,535.29,0.12997124176303365,0.00781794584745521,-0.11649820558346868,0.28529742629558674,0.31360413052313346,73.2,0.82,0.02016343430017198,29.411535,82.903,528.51,480.95,0.0,0.0,0.009244619346717253,0.09636553816574246,53.82130421667275,-0.17963183545813796,0.19812107415157246
TJX,Consumer Discretionary,150.97,-0.09777087450742694,-0.05470579563411104,-0.039504874619766484,0.25526175312793487,0.19395294154813408,25.3,0.12,0.00046393192213622925,29.42885,136.307,153.58,156.21,0.0,0.0,-0.00048327013141983703,0.0963946387201854,49.79999294235466,-0.18941676202298321,0.18845022176014356
TKO,Communication Services,185.7,-0.07699192457475768,-0.0345717513016387,-0.10395637097336485,0.11727979782159537,0.33078401803476376,34.3,0.55,-0.013178849102262968,69.033455,58.229,197.55,195.48,0.0,0.0,-0.0057119757277133195,0.09638510042843991,47.63717058750302,-0.19462677256745553,0.1832028211120289
TTD,Communication Services,19.37,0.005189433269029209,-0.13449501494217653,-0.47845985036197514,-0.7590795961241538,0.6454974007104167,63.3,0.72,-0.01924046383628364,22.011364,17.264,31.27,20.32,0.0,0.0,0.012418946380659544,0.09652699177593092,55.11857692522292,-0.17677395750016506,0.20161185026148415
TSCO,Consumer Discretionary,30.17,-0.022992198956233056,-0.3203362171985893,-0.4097562837730834,-0.4533306260972946,0.3092119183150245,50.8,0.42,0.0016600011841771956,14.862069,254.949,45.87,30.67,0.0,0.0,0.007271475455429905,0.09636899001435152,53.00734571728059,-0.18161174497269905,0.19615469588355888
TT,Industrials,480.2,0.01621027537053754,0.040491378311057646,0.23363669890259042,0.10814659045773256,0.2897982782713031,48.7,1.09,0.017372907218286437,36.62853,53.597,437.04,469.98,0.0,0.0,0.01246502289346797,0.0963577387959082,55.146436432513966,-0.1763961451465121,0.20132619093344803
TDG,Industrials,1232.18,-0.035362212970865725,-0.03334919835361305,-0.10839514962221253,-0.16417157917120162,0.2900159404104874,31.1,0.76,-0.04903096305642041,38.457554,0.0,1283.92,1252.57,0.0,0.0,0.008448703983791257,0.09637219528620357,53.49295018507131,-0.18044079877716773,0.19733820674475022
TRV,Financials,329.19,0.07413450298628543,0.10435387981297373,0.22334024150395937,0.33439942798541766,0.18578019127208228,57.0,0.02,-0.024564443152331528,10.051603,28.975,294.44,310.45,0.0,0.0,0.004406670075066826,0.096374041165786,51.823514495185684,-0.18448645060987376,0.1932997907600074
TRMB,Information Technology,51.92,0.03405694315181673,-0.22263815754979355,-0.3529411820636581,-0.34667173308889576,0.2950586837624865,61.0,1.27,-0.014987686003585243,27.183245,25.062,68.87,54.37,0.0,0.0,0.01877525778053821,0.09637289989891097,57.72326185866359,-0.1701156260213273,0.2076661415824037
TFC,Financials,52.8,0.08910890543760397,0.07597947016814688,0.08464605370474731,0.24388685891136475,0.24238699126903213,68.0,0.78,0.02783726562019062,13.069307,0.0,48.32,49.27,0.0,0.0,0.015143093589716177,0.09637186617978168,56.24295478823315,-0.17374576412265588,0.20403195130208826
TYL,Information Technology,303.52,0.04719842964610499,-0.10097449073489873,-0.3150697770896008,-0.45161523501425194,0.3791985259348956,60.4,0.11,-0.02408289288694454,41.864826,1.348,387.49,306.4,0.0,0.0,-0.003172900121948914,0.0964105625807634,48.687306123645,-0.19213760278024516,0.18579180253634736
TSN,Consumer Staples,57.47,0.002966875844784056,-0.0856045907755012,-0.0275834020267145,0.12740212713541954,0.24849378203383,47.1,0.03,-0.004158687707103148,45.25197,44.41,59.64,60.71,0.0,0.0,-0.006281549578672947,0.09637705282051176,47.40166094320855,-0.19518057310687598,0.1826174739495301
USB,Financials,63.01,0.09965826608802719,0.12735945027408158,0.18788978582778992,0.43404685681959343,0.22533926917151997,67.9,0.76,0.017932096418288967,13.209643,0.0,53.71,57.04,0.0,-0.023051615790366242,0.015610593978469183,0.09637410527695435,56.43388566911452,-0.17328265236436136,0.2045038403212997
UBER,Industrials,72.67,-0.0024708347144265508,-0.05965321794992795,-0.14916291941122983,-0.21190761424503368,0.33735523221896546,47.1,0.94,-0.02259583509958696,18.032257,48.113,80.18,72.98,0.0,0.0,0.016608528099137754,0.09635330412831301,56.842711707695145,-0.17224394799235573,0.20546100419063126
UDR,Real Estate,39.46,0.01439582356368807,0.13195635093463354,0.1058644630488228,0.023319435428360125,0.2048720990113926,58.5,0.22,-0.005794899223845129,26.843536,142.368,36.62,38.47,0.0,0.0,0.0010228927297480036,0.0963589718821115,50.42348676641832,-0.18784069215919053,0.18988647761868654
ULTA,Consumer Discretionary,466.14,-0.011682347756493683,-0.1354008198549348,-0.2988793987130335,-0.016125594475376648,0.34375764509816276,43.2,0.54,0.012819451893039346,17.484621,89.209,558.63,483.18,0.0,0.0,0.01002648970407307,0.09635825034209348,54.143686897751195,-0.17883568096643015,0.1988886603745763
UNP,Industrials,288.36,0.07870708308722074,0.16864140974393482,0.27076154268545327,0.275883396514383,0.2212174888914068,89.6,0.36,0.011647406353895828,23.752882,162.246,246.88,269.71,0.0,-0.017994839012919206,0.003379037751770036,0.09640484048540561,51.398026334058,-0.18557444959962496,0.19233252510316504
UAL,Industrials,120.97,0.008335417102816711,0.2832290816634977,0.05733762213632643,0.40043997530824726,0.47951612707802616,33.6,2.19,-0.06261140364184303,11.326778,195.081,104.24,112.57,0.0,-0.010527866250082202,0.03598218321082427,0.09644128956156986,64.54627517239167,-0.15304274432985265,0.2250071107515012
UPS,Industrials,112.94,0.03776532703483593,0.10885209961553066,0.09256303211927208,0.2127699055731418,0.29929696808638534,69.8,0.83,0.019866395341122667,18.275082,181.508,101.7,105.2,0.0,0.0,0.011899169875264442,0.09636501373815189,54.91365684807096,-0.17697625705151326,0.20077459680204213
URI,Industrials,1047.28,-0.03388343293683371,0.3713012581570341,0.11874126647405747,0.32312064149000785,0.4235730440410404,42.8,1.1,-0.038018878978649195,26.73679,167.473,897.19,1030.08,0.0,-0.017288232062256326,0.014949649440979644,0.09635927301704138,56.16464558210901,-0.17391452567242144,0.20381382455438074
UNH,Health Care,418.52,0.018197694417215082,0.34026549917966054,0.2702741830786992,0.4731368594142562,0.3964410314745119,56.7,0.54,-0.030485553848666247,31.538807,73.982,340.61,399.31,0.0,-0.07872870969880677,0.008249383452941895,0.09636772206237801,53.41090647459358,-0.180631351789319,0.1971301186952028
UHS,Health Care,148.02,0.014044002429363989,-0.17721774405591706,-0.2648124842077725,-0.15986303031993165,0.3254039920351964,53.3,0.33,-0.046262840315491216,6.1803756,67.405,194.51,153.88,0.0,0.0,0.010571080230133046,0.09636874702298669,54.36739988654522,-0.17831166393492087,0.19945382439518694
VLO,Energy,292.66,0.18409127417801274,0.2512785965989075,0.6278687398962479,1.0171234627133647,0.3604978542851173,76.3,-0.21,0.04056890190972218,21.362045,42.664,210.05,255.83,0.0,-0.24327837532160282,0.006648205269289406,0.09649156093067504,52.74651297348091,-0.18247525415483365,0.19577166469341248
VEEV,Health Care,193.67,0.19424061389693037,0.1576210079866489,-0.15239181796623702,-0.30663757306813966,0.38184716651920864,78.8,0.58,0.020927787477963422,34.338654,1.411,209.93,170.49,0.0,0.0,0.005610079464932266,0.09639950837511835,52.320380306848065,-0.1833329569502997,0.19455311588016425
VTR,Real Estate,92.29,0.11227605654471962,0.09379703335788281,0.21442574913264867,0.4519794064049385,0.20094136747966213,72.4,-0.17,0.005995237241825047,167.8,93.736,81.17,86.5,0.0,0.0,-0.05015801321795781,0.09668907812665369,30.19655468439968,-0.23966860634619905,0.1393525799102834
VLTO,Industrials,91.0,0.10225132754746702,-0.012845082694709742,-0.10315321008846168,-0.09375849063484876,0.21629993426734573,66.8,0.38,-0.011943523261079947,23.453608,95.542,94.46,86.71,0.0,0.0,0.005017749149846665,0.0963599967160124,52.07647161724611,-0.18384784441353763,0.193883342713231
VRSN,Information Technology,270.52,-0.008939047911011522,-0.014605832283768327,0.1051742117011536,-0.027045362846133014,0.2898480344338387,78.9,0.07,0.0020000666914969933,29.858717,0.0,256.63,278.74,0.0,0.0,-0.0010463078790845654,0.09640727690502218,49.567036565683374,-0.19000457061292803,0.18791195485475892
VRSK,Industrials,191.94,0.0636151795435842,0.08834862927467801,-0.13120479204964441,-0.35468841491748937,0.32589731733421134,63.2,-0.27,0.026362269821841533,29.259148,0.0,201.9,177.6,0.0,0.0,-0.005129583872974867,0.09643197777848195,47.87887455496369,-0.1941362603187995,0.18387709257284973
VZ,Communication Services,42.83,-0.07456707706981813,-0.0326420044239053,0.13343522608885272,0.10895958010641538,0.24033692183542718,38.3,-0.34,0.031253016684937185,10.446342,192.045,44.43,45.2,0.0,0.0,-0.0024151096228801593,0.096408123699479,49.000718466066054,-0.191375032073859,0.18654481282809868
VRTX,Health Care,477.08,0.05909513746426054,0.08009955487311893,0.04928843443090436,0.027746604968829525,0.3497047786717466,50.8,0.6,-0.0391138236208145,28.330166,10.26,448.36,457.56,0.0,0.0,0.008189844277172967,0.09635913519685271,53.38664903510637,-0.18067406070865832,0.19705374926300429
VRT,Industrials,304.57,-0.023594990941484872,0.011533333779293331,0.7641608681945049,1.3938565162439494,0.6156840954600376,46.4,2.58,-0.05973698845820952,76.333336,76.913,239.3,323.72,0.0,-0.12276214001477545,0.026101948215594473,0.09644667525497731,60.666452080351974,-0.16293353528416105,0.21513743171535
VTRS,Health Care,16.68,0.022058861340894076,0.21230147631827956,0.2674726489947685,0.9414776555629927,0.3261563183854892,61.8,0.76,0.02080784268132585,26.316663,99.675,13.5,16.24,0.0,-0.08580731668864267,0.012524820031064468,0.09635532298676254,55.171115409833504,-0.1763316130229901,0.20138125308511906
VICI,Real Estate,26.31,-0.04422647051507422,-0.04898323236922297,-0.022384420877942235,-0.15316476499368925,0.17862807575975326,45.7,-0.01,0.01465480741590075,9.010274,61.853,28.73,27.28,0.0,0.0,0.00486426770662117,0.09637300712915252,52.01274036660042,-0.18402682626651778,0.1937553616797601
V,Financials,355.14,0.09672042065288511,0.12651153308565477,0.08762382728980422,0.03148287849082565,0.21695308065792868,68.9,0.4,0.01993108040811875,30.962511,67.233,329.4,331.53,0.0,0.0,0.003062141409343515,0.09636334891452501,51.26750691781765,-0.1858100224631255,0.19193430528181255
VST,Utilities,160.23,0.045169227841457715,-0.015254836989308296,-0.06269242290676547,-0.15832933771865065,0.4893042775602172,46.4,1.57,0.014242309538230913,26.528145,366.613,166.58,154.07,0.0,0.0,0.019345667964809254,0.09641733334364296,57.95119648247545,-0.16963230538873095,0.20832364131834943
VMC,Materials,289.11,-0.013242789897732421,-0.005374212682251578,-0.06689312854843965,0.11336617960587536,0.26765784963846795,36.3,0.83,0.0013160196404120583,34.254738,61.249,291.76,286.19,0.0,0.0,0.009558744249301209,0.09636202138475955,53.95087453934247,-0.1793108176648275,0.1984283061634299
WRB,Financials,69.88,0.036456126148462165,0.06671884975765252,0.03822791088976696,0.05953459102763503,0.22005336196210543,49.4,-0.23,-0.027012008488577877,15.257642,31.76,70.08,67.73,0.0,0.0,-0.000513540234905796,0.09638841425183144,49.787451692464515,-0.1894348321684954,0.18840775169868382
GWW,Industrials,1371.44,0.04377731942365548,0.2019185188981043,0.3214431899339727,0.33095483631741285,0.2518215804492917,57.3,0.78,0.004820975136869077,36.896423,64.034,1108.06,1295.0,0.0,-0.08770024178064259,0.010980869329643808,0.09635959045677522,54.53641399543737,-0.17788392796563562,0.19984566662492326
WAB,Industrials,259.71,-0.0341404391879776,0.010280068502924289,0.1444569862905376,0.23921030308400404,0.24842481363413346,34.8,1.06,-0.00023096416495826944,36.786118,62.03,237.47,264.2,0.0,0.0,0.012144698558004244,0.09637830578871953,55.013827584739,-0.17675678078788604,0.2010461779038945
WMT,Consumer Staples,112.53,-0.06861447555426936,-0.09630690268815867,-0.06134809836136723,0.18954659416358477,0.24273029598721887,35.7,-0.06,0.002851793043713746,39.62324,74.816,117.45,120.26,0.0,0.0,-0.0059629026903567275,0.09638842662449738,47.53358612286339,-0.1948842188743716,0.18295841349365813
DIS,Communication Services,97.15,-0.03732514081799254,-0.04993784954965175,-0.13352444775783845,-0.17165278286627839,0.24951678032871732,39.8,0.75,0.010190323131877177,15.347551,41.069,105.63,100.48,0.0,0.0,0.014879757144789868,0.09636295509423189,56.135821043707665,-0.17399163483990462,0.20375114912948436
WBD,Communication Services,27.27,0.016399572691345732,0.0025735181198816015,-0.05509355921557346,1.2668330060742634,0.4582467887122292,50.9,0.71,0.024033094899228225,22.889553,96.318,26.03,26.89,0.0,0.0,0.008830929903839792,0.09640743908997665,53.649210923152346,-0.18012765071251444,0.19778951052019403
WM,Industrials,232.8,0.07310777372483535,0.039473937015845895,0.08584767936849835,0.047339505290592276,0.19628304209104497,62.9,-0.33,0.0048776487751704956,33.690304,228.408,222.14,221.07,0.0,0.0,-0.010803858344210748,0.09640110858611481,45.53831866909371,-0.19975003117299575,0.17814231448457427
WAT,Health Care,374.92,0.04796512520600382,0.14935622132896098,-0.048498808239893276,0.2947921556459734,0.3648389661710767,55.2,0.88,-0.005860025525587287,47.639137,36.634,351.04,359.43,0.0,0.0,0.005484952973612706,0.09635629214890912,52.269699720650664,-0.18337337963824915,0.19434328558547456
WEC,Utilities,112.97,-0.00903507701137607,-0.007942846717925223,0.08435280034811288,0.11434453294239866,0.15672842801392586,42.8,-0.12,-0.01671162136952975,22.63928,153.184,112.57,113.43,0.0,0.0,-0.0025545435551818023,0.09637979371463844,48.94272846945077,-0.19145893923587315,0.18634985212550953
WFC,Financials,87.51,0.05256197713090338,0.09615530353890356,-0.05469356585503793,0.1340371480082121,0.271319569887585,59.5,0.78,0.0069036756281104505,12.3951845,0.0,84.49,80.88,0.0,0.0,0.015758125093880963,0.09636172522437325,56.49497992706678,-0.1731108563458906,0.20462710653365254
WELL,Real Estate,233.29,0.09618449984699629,0.10768194286845345,0.2478990070526499,0.5115658484373984,0.22257017383647862,65.8,-0.02,0.005040488512653152,112.15865,44.486,199.92,217.21,0.0,-0.016943291707233354,-0.02864480148756339,0.09648742762325302,38.32805901965097,-0.2177601596291393,0.1604705566540125
WST,Health Care,359.0,0.08318501020874391,0.3481072575991895,0.3228837502625814,0.6294228559021795,0.41255608755536843,67.0,0.67,0.0037465646820171727,48.058903,10.734,280.04,329.35,0.0,-0.13193706046118683,0.007669052019069195,0.09638508558102032,53.17090960490481,-0.18124571571973064,0.19658381975786904
WDC,Information Technology,513.84,-0.21374687646977297,0.40814787538523856,1.4028971465729283,6.6296844507123245,0.7354962951143442,37.4,2.99,-0.11108029113997164,30.768862,17.81,308.54,553.3,0.0,-0.5153652145512957,0.058940237934226744,0.09677351236702952,72.87554820102721,-0.13073584630515112,0.24861632217360463
WY,Real Estate,23.91,-0.03002027515496919,-0.003922894191669246,-0.04424591596042038,-0.02343442467337198,0.2652280159074755,37.9,0.35,0.06266665988498255,42.696426,57.729,24.14,23.85,0.0,0.0,-0.0002745346503555089,0.09636585449991446,49.88634632891516,-0.18915160947018786,0.18860254016947683
WSM,Consumer Discretionary,222.84,-0.0020153027980324145,0.15999330884995144,0.07859113537121765,0.3818778837534058,0.3477613207098392,35.0,1.29,0.013969113189913118,25.010101,79.878,196.35,206.84,0.0,0.0,0.01892989534441845,0.09636989460687143,57.78630166680864,-0.16995509808504955,0.20781488877388643
WMB,Energy,74.38,0.04042522696889139,0.05892109935972489,0.24761388670110507,0.3147064923674179,0.22674625727667483,44.9,-0.01,-0.014181573732312103,32.622807,199.855,67.96,74.02,0.0,0.0,-0.0050099408230588355,0.09637751174235294,47.92713319181271,-0.1939098638380706,0.18388998219195293
WTW,Financials,285.12,0.10978399460431953,-0.020510562983444558,-0.12311660559425885,-0.0516137356055405,0.2880489263226654,67.9,-0.14,-0.01386922732993523,16.752056,85.693,300.83,262.26,0.0,0.0,-0.0007821143867968268,0.09639914290910817,49.67633003313914,-0.18972443448864884,0.1881602057150552
WDAY,Information Technology,141.82,0.09429012843519957,0.1426039654041511,-0.28930090125112895,-0.3694646608626915,0.4637694175211192,70.6,0.3,0.025155494278229718,44.180687,56.936,171.01,130.81,0.0,0.0,-0.0021939057426755967,0.09643869814222292,49.09251546411764,-0.1912137541014325,0.18682594261608132
WYNN,Consumer Discretionary,97.05,-0.08408829850603983,-0.08924609806428596,-0.16222365416790596,-0.11762846876307975,0.3398432872127014,32.3,0.95,-0.018010712802977613,27.808023,0.0,111.73,100.93,0.0,0.0,0.014610525362520792,0.09636850031130711,56.02531242271224,-0.17427173524764114,0.20349278597268275
XEL,Utilities,79.25,-0.001260220240000498,0.01522824382313459,0.07336394874780394,0.19557407250106973,0.19527569539273532,40.6,-0.01,0.002910698135973444,23.104956,164.845,79.11,79.29,0.0,0.0,-0.0012282496607265853,0.09637526946581164,49.49158382726914,-0.19012377781371742,0.18766727849226422
XYL,Industrials,121.43,0.09425970054437727,-0.026231249561787684,-0.12697588268224513,-0.05139506746769651,0.24980247306256942,78.1,0.85,0.02136429412538554,30.206469,18.354,129.97,112.89,0.0,0.0,0.010583672401800812,0.09638130663689005,54.37201391030469,-0.1783236886065037,0.1994910334101053
YUM,Consumer Discretionary,152.57,-0.013577234561241491,-0.05325039718433966,-0.014944744237367025,0.07244036130460496,0.22634741898865465,49.4,0.08,-0.06047165528874099,25.513378,0.0,154.13,154.16,0.0,0.0,0.0013344803681878098,0.09637085842855715,50.55241142032345,-0.1875524021517842,0.19022136288815983
ZBRA,Information Technology,255.17,0.06298685659223846,0.11117400647601516,-0.023982574257610634,-0.20147079356402353,0.43159051390993936,55.7,1.72,-0.06411148402290301,30.854895,82.104,247.89,246.47,0.0,0.0,0.02365689755097318,0.09637854202702262,59.69491414025959,-0.16524504482199115,0.21255883992393748
ZBH,Health Care,90.14,0.024014548409586833,-0.040557045246730206,0.02586546650980792,-0.031284905299460264,0.3205664551884297,49.7,0.31,0.01019831893398826,23.352331,59.827,91.46,86.35,0.0,0.0,0.00484841631263816,0.0963627341846665,52.00640059878481,-0.18402254268930818,0.1937193753145845
ZTS,Health Care,74.53,-0.06779234991658722,-0.3801410140429641,-0.39677576737942966,-0.5048554476161706,0.36100006956525427,37.3,0.7,-0.0073255599140158445,12.218033,286.236,114.55,79.71,0.0,0.0,0.012458662111893781,0.09638340566393128,55.142462675173945,-0.1764528129894115,0.20137013721319907
