ticker,sector,price,momentum_1mo,momentum_3mo,momentum_6mo,momentum_1y,annualized_vol,rsi,beta,perf_1w,pe_ratio,debt_to_equity,ma_200,ma_50,ma50_proximity,ma200_proximity,pred_return,pred_se,prob_positive,conf_lower,conf_upper
MMM,Industrials,162.99,-0.034162959346064836,0.028579932927565554,0.13895678262117594,0.06406176017822918,0.26395652828287336,46.5,0.74,-0.03872015525356365,28.937832,437.937,160.68,173.18,0.0,0.0,-0.0024430283013955963,0.09950619845947153,49.02063450141453,-0.1974751772819598,0.1925891206791686
AOS,Industrials,55.97,-0.055518008673898334,-0.09833585253419974,-0.11998339795017465,-0.21726558832316167,0.2694329076010246,37.9,0.77,-0.045694803673504536,15.677872,36.766,64.48,60.15,0.0,0.0,0.010415249944879624,0.09944053500931051,54.17083342115422,-0.18448819867336896,0.20531869856312823
ABT,Health Care,97.72,-0.11541594875632655,0.029143277301167725,-0.037285943382441844,-0.25092768810824617,0.2687333781354567,29.9,0.04,-0.03524533184476408,31.621391,63.212,104.31,106.92,0.0,0.0,-0.003260555084426283,0.09945700102258613,48.6923592092119,-0.19819627708869508,0.19167516691984254
ABBV,Health Care,260.05,-0.0063617932796730114,0.02805008894042449,0.264503198992847,0.0971546213624046,0.2608590976142728,58.0,-0.11,-0.016210197932484238,74.089745,0.0,231.16,257.73,0.0,0.0,-0.014827884089602379,0.09949199803090754,44.07626342731938,-0.20983220023018115,0.18017643205097642
ACN,Information Technology,214.79,0.1444480054791153,0.5871252156065181,0.08883951787300126,-0.10050448256414246,0.48213043111651394,68.6,0.22,0.21963541276319587,17.166134,25.035,196.59,178.94,-0.05035182112262701,0.0,0.008384376878020357,0.09954543277551765,53.35618793034561,-0.18672467136199425,0.20349342511803495
ADBE,Information Technology,238.37,-0.14805747806075353,0.09306643503144119,-0.018750999135992763,-0.3065140095233808,0.4085405194601308,39.9,0.36,0.01229457789719679,13.316481,57.693,261.02,257.92,0.0,0.0,0.009973216366222481,0.0994599491005584,53.99364787801117,-0.184968283870872,0.20491471660331695
AMD,Information Technology,607.46,0.32905969723325357,0.10037140730898364,1.792919641253592,2.7037988068912306,0.7284728867055141,71.8,3.23,-0.036741009356923704,154.98724,6.361,370.57,511.48,-0.03764134022321575,-0.4892708852069374,0.01181902417044266,0.09974131488820048,54.71629749513532,-0.18367395301043027,0.2073120013513156
AES,Utilities,14.92,0.008108100271120522,0.036304136233378914,0.06888963679317417,0.01904554088101107,0.3253051196218956,78.3,0.41,0.0033624876341404875,5.588015,256.886,14.67,14.76,0.0,0.0,0.008587730091156327,0.0994852247373315,53.43946411085264,-0.18640331039401342,0.20357877057632606
AFL,Financials,111.51,-0.048831444715424,-0.0696719355045261,0.01970476582151104,0.027958239131041784,0.17013048512165344,30.8,-0.17,-0.019389745052634244,12.028047,53.365,115.03,118.82,0.0,0.0,-0.002160676211633906,0.099465964374464,49.133455033359766,-0.19711396638558334,0.19279261396231553
A,Health Care,169.97,0.12272938705306013,0.3014547724138865,0.47468762612002524,0.23387630968083828,0.3317617835394604,80.5,0.87,-0.016320343625223166,33.524654,56.336,132.56,152.04,0.0,-0.13225052974367899,0.011642865388556018,0.09947155279962114,54.65886694780594,-0.18332137809870142,0.20660710887581346
APD,Materials,269.7,-0.1284698766022837,-0.126804959803271,-0.07555654954710211,0.02368830381745668,0.2664802441350304,26.5,0.14,-0.04282013778833349,20.169846,110.091,285.37,296.03,0.0,0.0,-0.00034803451628972283,0.09945679742984835,49.86039626872808,-0.1952833574787925,0.19458728844621304
ABNB,Consumer Discretionary,158.6,-0.13459016711480232,0.07412805808777856,0.2692677478527483,0.29655822119343767,0.3583805839100139,35.2,1.11,0.007144217890893589,36.126427,32.004,143.18,169.14,0.0,0.0,0.009637249208205308,0.09943996663489632,53.860315089279034,-0.1852650853961915,0.2045395838126021
AKAM,Information Technology,105.07,-0.00019028112820662635,-0.06794999941458124,-0.10957627377267609,0.38541672954076756,0.605334604017604,47.9,1.31,-0.07784801260771812,37.96029,196.672,111.46,112.0,0.0,0.0,0.014606993897136562,0.0994913054240768,55.83616833177369,-0.18039596473405395,0.2096099525283271
ALB,Materials,102.85,-0.2508785717627997,-0.22876325553321075,-0.41908645386024956,0.23149291371528524,0.575907336918396,32.1,1.51,-0.06274493689601646,367.3036,18.976,155.63,122.74,0.0,0.0,-0.07905434755842748,0.10103493272208372,21.69763457963723,-0.27708281569371157,0.11897412057685659
ARE,Real Estate,45.9,-0.1162347477282124,-0.06572877272530331,0.09191502228585047,-0.41699654919456985,0.4773744570503561,35.8,0.74,-0.0668514701047841,28.507797,68.67,50.3,50.27,0.0,0.0,0.010861576897958768,0.09946226423834409,54.347925659177164,-0.18408446100919565,0.2058076148051132
ALGN,Health Care,144.21,-0.09387362711640801,-0.23451347109144283,-0.1546893226582634,0.13088151278357385,0.39496722120157995,40.7,1.38,-0.01750914352638744,25.036459,2.855,170.51,160.63,0.0,0.0,0.017918366626497307,0.09944503667301216,57.149579105502454,-0.17699390525260653,0.21283063850560116
ALLE,Industrials,153.19,-0.008614556157846898,0.09700408896394963,0.09434204541131552,-0.12322633732205301,0.2723208507738596,51.1,0.52,-0.008286390685451228,20.077326,104.895,150.36,157.85,0.0,0.0,0.0057847412345587435,0.09942737149740377,52.31976016514699,-0.18909290690035266,0.20066238936947015
LNT,Utilities,63.62,-0.06082077150593368,-0.1629174395401929,-0.11347046820701889,-0.022523810361096963,0.16597379705554696,28.4,-0.08,0.0003144726138917253,20.13291,160.951,70.31,68.25,0.0,0.0,-0.0061639615605329,0.09946722037533481,47.529344971300844,-0.20111971349618912,0.18879179037512334
ALL,Financials,223.37,-0.13868511999160282,-0.09689955645729198,0.0891401654817614,0.08076103477837426,0.2527295844464476,17.6,-0.38,-0.018570334635425567,4.4767723,22.261,224.59,253.66,0.0,0.0,-0.00033539306880195666,0.09951316239756837,49.86554319131164,-0.19538119136803594,0.19471040523043204
GOOGL,Communication Services,340.38,0.010319165857764379,-0.07057028792344155,0.15225434289177753,0.3934880854945366,0.3165724297609605,51.5,1.36,-0.010293115860399604,17.086596,18.859,338.6,343.76,0.0,0.0,0.018204920503380174,0.09945062403265802,57.262251489036856,-0.1767183026006295,0.21312814360738988
GOOG,Communication Services,337.3,0.011201892150807469,-0.07503704196527239,0.14692016700555843,0.37729315034216304,0.31151851191348157,51.5,1.34,-0.011082440858769083,16.924736,18.859,337.11,341.24,0.0,0.0,0.017927133105735172,0.09945045433541855,57.15265381982054,-0.17699575739168516,0.21285002360315552
MO,Consumer Staples,66.86,-0.023391131889064054,-0.05491220054373025,0.04849198051226167,0.07689155478291809,0.2587220796201778,42.5,-0.5,-0.028407466430165007,14.08419,0.0,67.28,67.73,0.0,0.0,-0.0022063811246384097,0.09948478236192337,49.11529528105699,-0.19719655455400822,0.1927837923047314
AMZN,Consumer Discretionary,246.46,-0.03341434291486922,0.009420064782357906,0.17490585733959962,0.117073839728981,0.34351717777541313,37.7,1.45,-0.012856937071413777,19.827835,45.617,241.11,256.15,0.0,0.0,0.01781236801188275,0.09945200973219853,57.10724343768781,-0.17711357106322637,0.21273830708699185
AMCR,Materials,41.47,-0.09884673299039959,-0.05724258916276359,0.07103865837312373,0.07426757910450044,0.313138043414496,43.1,0.82,-0.02446476457053337,17.42437,128.294,42.8,44.58,0.0,0.0,0.009592977081688351,0.0994296856758871,53.84303252715702,-0.18528920684305036,0.20447516100642707
AEE,Utilities,99.37,-0.05491586695009121,-0.11430253209326224,-0.09759689195800225,-0.01193548029814695,0.17122674871061233,20.6,-0.1,-0.0002011937135446562,17.5,157.846,107.83,105.82,0.0,0.0,-0.005919052719153681,0.09948373828463862,47.627785227140215,-0.2009071797570454,0.189069074318738
AEP,Utilities,119.02,-0.036821259715098864,-0.11806037821183257,-0.08956053736287406,0.0883570577181545,0.18901572709195172,31.1,-0.03,0.00566115908393372,20.74913,160.789,127.0,123.91,0.0,0.0,-0.005158696552228714,0.09945886012435275,47.93170787433985,-0.2000980623959601,0.18978066929150264
AXP,Financials,298.73,-0.09470270610208198,-0.1609414599596396,-0.002106235153340963,-0.08106474913615003,0.2680530010486244,24.5,0.97,-0.03289197831038004,18.126822,172.38,333.04,328.15,0.0,0.0,0.007829517744681614,0.0994658022069417,53.13706112778666,-0.18712345458092414,0.20278249007028734
AIG,Financials,75.14,-0.0064659533700008875,-0.0633096623359134,0.009551673464835764,-0.033262636394752576,0.24271373359749068,51.4,0.05,0.01307808068828109,13.7116785,22.466,77.21,76.26,0.0,0.0,0.003614645630682137,0.09944317710174277,51.44979025223451,-0.1912939814887337,0.19852327275009798
AMT,Real Estate,162.6,-0.04954344605531347,0.013836004781547784,-0.03540194233535754,-0.12471423991452024,0.26214409799632016,18.0,-0.07,-0.02766997506994895,22.3652,438.721,177.07,171.19,0.0,0.0,-0.01094076082003215,0.09955860707574384,45.624724924042106,-0.20607563068849005,0.18419410904842576
AWK,Utilities,128.15,-0.08133200067340385,-0.030750807341128894,-0.059503796819668664,-0.03254992186083416,0.22444304657169384,17.5,-0.46,-0.02112137584828999,22.20884,137.745,131.99,135.66,0.0,0.0,-0.009596577469678192,0.09950719844945839,46.15851503448526,-0.20463068643061663,0.18543753149126027
AMP,Financials,490.95,-0.11035601354198576,-0.02958848934854319,0.1390570072632944,0.022334917896480455,0.26000304285181225,18.0,0.8,-0.004158190249429539,11.963623,67.578,493.12,543.75,0.0,0.0,0.009390235464642183,0.09947627524127546,53.76029948293648,-0.18558326400825773,0.2043637349375421
AME,Industrials,248.05,0.06527505945078604,0.04753092290846994,0.1396946083225541,0.33145136606776404,0.2368170781906125,59.2,0.94,-0.010728253898357631,36.693787,20.522,229.79,243.34,0.0,0.0,0.0063828050652619435,0.09944877874953018,52.55872792562061,-0.1885368012838172,0.2013024114143411
AMGN,Health Care,411.76,-0.07019463398098313,0.1302295802865885,0.1993126106156735,0.4176789526541209,0.2945412795929659,72.0,0.52,-0.006885942378665022,25.585712,490.281,363.71,407.96,0.0,0.0,-0.0028483351709387462,0.09954647963896537,48.858657484861325,-0.19795943526331086,0.19226276492143338
APH,Information Technology,85.5,0.06993517844853114,0.026768345702859575,0.34010646059389815,0.38138991430924074,0.45525504383625437,54.6,1.75,0.016827220563092604,42.7525,120.415,73.93,80.88,0.0,-0.006628783134199179,0.016339979894854917,0.09945053639127228,56.525352535083506,-0.17858307143203875,0.21126303122174858
ADI,Information Technology,395.88,0.11292911189650234,0.02123333396313165,0.25078158204702383,0.6751558715960513,0.36262675135876354,61.7,1.68,0.005792679735622919,47.072533,27.314,358.22,373.93,0.0,0.0,0.01408333984756528,0.0994658615988795,55.62979418367344,-0.18086974888623855,0.2090364285813691
AON,Financials,276.54,-0.1642438358883319,-0.22343070466976023,-0.14001193724112682,-0.22834382887463367,0.27721816015262424,27.1,-0.24,-0.005233953103990996,15.252896,163.481,332.62,330.74,0.0,0.0,-0.0035729699148309164,0.09947808788502391,48.56742084377361,-0.19855002216947776,0.19140408233981593
APA,Energy,42.8,-0.04250562625167087,0.32782628824948334,0.0321059813092881,0.7674676993180927,0.45982194677651284,43.1,-0.74,0.001403779977481312,9.038503,48.854,35.16,41.42,0.0,-0.0673460217120079,0.001070371518649467,0.09961230098336595,50.428670187330674,-0.19416973840874777,0.1963104814460467
APO,Financials,113.68,-0.14071351711472424,-0.06560396926772538,0.07096931585408162,-0.11076494359834266,0.3671015547632897,19.0,1.21,-0.06586407452418008,40.403915,100.969,126.97,128.57,0.0,0.0,0.007487493119420967,0.09946817151404999,53.00021499460765,-0.18747012304811703,0.20244510928695894
AAPL,Information Technology,326.89,0.005939264045143888,0.04641439410184134,0.27959271049455214,0.2843904667252253,0.2468929908572882,43.8,0.69,-0.04157502087922338,37.44416,78.445,288.6,322.04,0.0,0.0,0.0014975405467947773,0.09943561885241332,50.60080046153232,-0.19339627240393534,0.19639135349752487
AMAT,Information Technology,523.35,0.1936094188414832,-0.11619696642831812,0.5053259195571045,1.4168487263619527,0.5996037174052342,72.2,2.7,0.07907211461018049,45.047375,28.666,424.91,487.22,0.0,-0.08168482250261216,0.03274700832541001,0.09953233587020718,62.89254587084324,-0.16233636998019607,0.22783038663101607
APP,Communication Services,279.64,-0.12350728815845224,-0.4857481742710412,-0.2762248814666509,-0.6028277942487095,0.7339065482597755,29.7,2.13,-0.10009657598174782,21.493467,111.13,460.2,333.29,0.0,0.0,0.03318392531074891,0.09956105869358026,63.054693108069856,-0.16195574972866839,0.2283236003501662
APTV,Consumer Discretionary,43.04,-0.04419271413981163,-0.2794240541540125,-0.2943105471216424,-0.5058553195231654,0.4345491470268133,35.7,1.17,-0.039071220456111444,19.475113,64.938,63.66,47.9,0.0,0.0,0.01725546657343622,0.09944790600517005,56.887574489908154,-0.17766242919669709,0.2121733623435695
ACGL,Financials,94.08,-0.04205271654534548,-0.07592570388866071,-0.027496341652402,0.04174514864774448,0.20827735912855344,40.8,-0.31,-0.006127211162224477,7.3615026,17.836,96.38,98.33,0.0,0.0,0.0001022873542928473,0.09946444146300605,50.041026463915095,-0.194848017913199,0.1950525926217847
ADM,Consumer Staples,78.57,-0.07976104213708124,0.01461149830246633,0.07801670485524448,0.3648208905060888,0.27445061573669055,22.2,-0.03,-0.03143494779855949,21.467213,39.134,74.21,81.79,0.0,0.0,-0.0014315622352313619,0.09947880842184241,49.425916936041425,-0.19641002674204247,0.19354690227157975
ARES,Financials,114.72,-0.16027590317119322,-0.04840920673512461,0.1432216928212766,-0.22495690934881574,0.43958520655883554,22.8,1.72,-0.0597492073427528,53.859154,172.378,130.42,132.18,0.0,0.0,0.009587827609559,0.09948389124603159,53.83888963940024,-0.18540059923266292,0.20457625445178093
ANET,Information Technology,204.16,0.09704458337603761,0.17820870902788788,0.6116198545175404,0.3677229035879057,0.5404845110071708,55.8,2.05,-0.011571045046412043,64.201256,0.0,158.11,192.8,0.0,-0.14123661494452908,0.020034861476533238,0.0994791482938801,57.98061532128733,-0.17494426917947176,0.21501399213253825
AJG,Financials,232.14,-0.1198659613805031,-0.06810168604475941,0.07318141096634467,-0.2320457475495269,0.3146822853817772,42.0,-0.31,0.004500187185918936,38.561462,59.401,233.22,249.61,0.0,0.0,-0.007070743276502518,0.09947677810036516,47.16673072580943,-0.20204522835321823,0.18790374180021321
AIZ,Financials,264.54,-0.06875065397878,-0.04985140170382185,0.21995783565757931,0.23406709416885674,0.22250771103561937,23.9,0.16,-0.0017358168116156092,12.657417,36.211,250.08,279.87,0.0,0.0,0.0022306643584458306,0.09946843769768787,50.89458702722446,-0.1927274735290224,0.19718880224591404
T,Communication Services,24.45,-0.05779582241416081,0.20396416662956796,-0.11624047846620778,-0.07066606967880684,0.25453943504711185,29.1,-0.34,-0.036635148318155064,8.070957,129.054,25.15,24.94,0.0,0.0,-0.0023517325836653236,0.09947831179670598,49.05696210622762,-0.19732922370520906,0.1926257585378784
ATO,Utilities,156.15,-0.06876192320446228,-0.09629229294466679,-0.16399439190738052,-0.05673666494576768,0.15483520870020878,19.4,-0.16,-0.006742654870005249,18.61144,67.662,174.61,166.7,0.0,0.0,-0.005376521848156873,0.09949010821666102,47.84513417894839,-0.20037713395281245,0.1896240902564987
ADSK,Information Technology,209.42,-0.13366151544970573,0.009058518568132445,-0.12037971875708808,-0.33671177625869175,0.3815886362700431,47.2,0.48,9.55313898949317e-05,27.162127,109.518,239.81,233.24,0.0,0.0,0.005843686730098565,0.09943833587084813,52.34311295538717,-0.1890554515767638,0.2007428250369609
ADP,Industrials,262.62,-0.059963314072784546,0.10359811659957097,0.30535738339123775,-0.07327612015198837,0.2751560018841423,41.4,-0.03,-0.003982319782581789,24.005486,91.436,238.02,269.81,0.0,0.0,-0.001615827608822253,0.09944535442472875,49.35181126220814,-0.19652872228129062,0.1932970670636461
AZO,Consumer Discretionary,2772.06,-0.05536001698531601,-0.06276647202838181,-0.18481626166340193,-0.34743618892432515,0.29561854085606926,41.7,0.11,-0.03485006885623343,19.358484,0.0,3303.3,2965.34,0.0,0.0,0.004066597586065429,0.09944995750594549,51.63085612045313,-0.19085531912558773,0.19898851429771858
AVY,Materials,170.09,-0.024825145490831813,0.030345078619722576,0.00411065863499549,0.07069731799735846,0.2547172390519409,51.7,0.45,-0.0014676529609880529,18.589071,158.653,172.89,172.91,0.0,0.0,0.0037115549024369717,0.09943045156968883,51.4888320030243,-0.19117213017415313,0.19859523997902706
AXON,Industrials,415.79,-0.17986902928183768,-0.33190322992547894,0.007218844029825533,-0.415483463818348,0.6223568768067795,31.0,1.58,-0.03329375577024973,172.52696,50.363,498.36,531.23,0.0,0.0,-0.01926772445020318,0.09974149879668878,42.34103287555817,-0.2147610620917132,0.1762256131913068
BKR,Energy,55.43,-0.1423487132788891,0.04476839701573265,-0.07552241014719796,0.16411772467580987,0.3300591614677165,32.4,0.71,-0.04150097613502246,17.823153,80.925,59.27,60.57,0.0,0.0,0.008957589571116207,0.09943915298323824,53.588862106058734,-0.18594315027603076,0.20385832941826315
BALL,Materials,56.41,-0.10884675312309511,-0.10103678805132277,-0.052901153077884566,0.13331092903252517,0.2586303846099367,29.3,0.18,-0.00739049745046938,16.164757,131.495,60.0,61.75,0.0,0.0,0.000687244974588937,0.09945169526467454,50.27568046434053,-0.19423807774417315,0.19561256769335103
BAC,Financials,53.26,-0.1449406878079157,-0.10639883533710326,0.08960763061320876,0.07320803470063741,0.2230857025296275,10.5,0.74,-0.06075837122520744,12.296766,0.0,55.32,60.81,0.0,0.0,0.008647612850597761,0.09951080051311745,53.46249966283454,-0.18639355615511244,0.20368878185630795
BAX,Health Care,23.72,-0.07723737554179466,0.050670880113653505,0.4230502159098595,0.017153574401692184,0.4303666017518963,48.7,1.11,0.01476248613458786,28.334026,156.449,20.79,25.21,0.0,0.0,0.012217404873863026,0.09943565442380817,54.88939676002123,-0.182676477796801,0.20711128754452704
BDX,Health Care,178.4,-0.042997601017511045,0.15376819620221926,0.16964741962190977,0.21821512383243036,0.2589983954259767,50.9,0.33,-0.02945821090829881,30.865915,68.84,162.3,178.93,0.0,0.0,0.0006346131694555827,0.09943143812424653,50.254619978277915,-0.1942510055540676,0.1955202318929788
BRK-B,Financials,499.12,-0.012103139800035079,-0.014716306940408819,0.04561641063803057,0.0018566595148623577,0.14621767737927707,37.4,0.01,-0.012572230055008071,12.543981,17.142,492.78,507.12,0.0,0.0,0.0002675773738591494,0.09945988253885298,50.107327493475275,-0.19467379240229268,0.195208947150011
BBY,Consumer Discretionary,87.94,0.021410912485966715,0.13926606436757716,0.39605099434886526,0.19745973568867736,0.38662382872943135,45.3,0.74,-0.028394648482672702,14.632279,130.097,72.81,86.84,0.0,-0.05787995977496471,0.012256446967133676,0.09943449518470784,54.90499942996545,-0.18263516359489368,0.20714805752916104
TECH,Health Care,72.44,0.00200548598819017,0.022634381950133564,0.3675788625308669,0.21587751989699844,0.44984812427457327,66.3,0.82,-0.002272426857738097,62.452587,13.712,61.9,72.22,0.0,-0.020306250380827617,0.0038093349601368326,0.09946963273952678,51.52743439818275,-0.19115114520933565,0.1987698151296093
BIIB,Health Care,226.01,0.01499975912945617,0.08418875193196129,0.2744445650952483,0.46550377848457325,0.3501472006245271,66.6,0.33,-0.006985991010723169,40.14387,44.329,194.73,214.97,0.0,-0.01065022556874326,0.0016463465233975086,0.09945547821606336,50.66036306221032,-0.19328639078008666,0.1965790838268817
BLK,Financials,1060.26,-0.03738112878405431,0.053881990601633456,0.10877897335670306,-0.05096688057476895,0.27406256093818365,44.6,1.2,-0.023984914348179953,25.42578,23.192,1061.1,1105.42,0.0,0.0,0.012822241347812088,0.09944879781705501,55.12947056048616,-0.1820974023736157,0.2077418850692399
BX,Financials,110.61,-0.19156559940651097,-0.09464981977142617,-0.0024443010505870166,-0.3153070212101763,0.3673300252749983,17.0,1.38,-0.06595167775168786,24.744968,68.185,128.79,132.48,0.0,0.0,0.014764591668507824,0.0994804323108233,55.89931749438964,-0.18021705566070584,0.2097462389977215
XYZ,Financials,72.65,-0.11892066734164819,-0.07939935821052213,0.215353001805632,-0.010166219972902124,0.46925793854287867,29.5,1.88,-0.04928287483419891,129.73892,32.58,70.04,79.68,0.0,0.0,-0.007262407112091397,0.09959222601936532,47.093432203579404,-0.2024631701100474,0.18793835588586463
BE,Industrials,274.14,0.2616900597781042,-0.07086925609094885,1.0212342754488648,2.0395831824767727,1.1355117768156602,49.5,4.25,-0.0504329648180013,360.98685,171.578,205.51,234.65,-0.018293258991256167,-0.18392996040123735,-0.036053961296617934,0.1010028922101056,36.0560990774807,-0.2340196300284249,0.161911707435189
BNY,Financials,142.14,-0.12280915033947604,-0.04837458908466674,0.1731124364977219,0.3548505281572607,0.21782079587561737,6.6,0.77,-0.053346618930655065,16.857058,0.0,136.49,157.66,0.0,0.0,0.0069470383480260715,0.09952603999930194,52.78240592737448,-0.18812400005060573,0.20201807674665787
BA,Industrials,187.45,-0.10255182012585162,-0.2007759771717995,-0.09975028407787656,-0.1289498159550354,0.34244065784252387,25.9,1.24,-0.053617458389814576,67.67148,790.875,220.87,212.54,0.0,0.0,-0.015488109320752421,0.0998148603125186,43.834429108915266,-0.21112523553328888,0.18014901689178403
BKNG,Consumer Discretionary,160.79,-0.19249347349022805,-0.10965967433797541,-0.03688867071127977,-0.2418459028473624,0.37878282631194593,31.0,0.88,-0.019274191649463535,17.842396,0.0,183.19,189.54,0.0,0.0,0.01407157813236112,0.09945109909894448,55.62595318724733,-0.18085257610157005,0.2089957323662923
BSX,Health Care,43.42,-0.10243948988576812,-0.026569452895415235,-0.30889842205611573,-0.547052669726968,0.3832015051660304,52.9,0.2,-0.011498116449718765,17.576923,50.151,62.23,46.9,0.0,0.0,0.007605085716804485,0.09946000990115164,53.04749251273637,-0.18733653368945272,0.2025467051230617
BMY,Health Care,61.56,-0.09008283632141878,0.08580243030524648,0.04463025550855271,0.36032114880327804,0.27557375576373305,38.3,0.25,-0.020601367659378034,13.562776,201.859,59.32,64.52,0.0,0.0,0.001476397126203991,0.09944580507927286,50.59225786309548,-0.19343738082917084,0.1963901750815788
AVGO,Information Technology,346.88,-0.053734200910151464,-0.07058930790122553,0.10652255835445268,0.048183964843638405,0.4646031389721677,41.2,2.17,-0.01682207873831032,44.31161,59.604,367.5,373.47,0.0,0.0,0.021293516925210813,0.09947725766173385,58.47475735755948,-0.17368190809178752,0.21626894194220914
BR,Industrials,161.55,-0.08711926101142742,0.12279852056849272,0.016895586122971595,-0.29563231032692694,0.29007782831470197,38.4,0.1,-0.01354032314493725,16.828384,123.939,171.82,167.59,0.0,0.0,0.0016047662351613566,0.09944410968273,50.643759914845766,-0.19330568874298942,0.19651522121331216
BRO,Financials,61.98,-0.13964465915383828,-0.09216010744097836,-0.055260044016618215,-0.3253610932750385,0.31214824373873024,33.7,-0.33,0.019072671049533474,19.801916,63.975,68.14,68.72,0.0,0.0,-0.002318636186029869,0.09948239419843555,49.070269392157364,-0.19730412881496354,0.1926668564429038
BF-B,Consumer Staples,25.91,-0.04563705155897246,0.014775016890130388,-0.014645077737871492,-0.02685906690868567,0.38485836657658723,46.1,0.06,-0.009556574979289634,16.71613,61.502,26.99,27.11,0.0,0.0,0.005194223149844739,0.09946680435866335,52.08235683716467,-0.18976071339313544,0.20014915969282493
BG,Consumer Staples,105.68,-0.13983395913908436,-0.022372310748887902,-0.17334411773868375,0.3139869423647459,0.3163772580876587,16.8,-0.06,-0.030458712796552434,22.775864,97.995,116.01,113.81,0.0,0.0,-0.002677846396768571,0.09949542735720364,48.926405751215675,-0.1976888840168877,0.19233319122335055
BXP,Real Estate,59.97,-0.09600494159571638,-0.13308467546928304,0.1838128065656499,-0.17752205487121997,0.27371283770311805,28.0,0.74,-0.043248160656265244,32.231182,211.631,62.97,66.2,0.0,0.0,0.0007716323052210292,0.09945712157162502,50.309513947667654,-0.194164325975164,0.19570759058560608
CHRW,Industrials,149.47,0.03384785095112286,-0.20393116679177792,-0.10254529982843696,0.143893541872532,0.4445348638828376,43.1,0.62,0.016111454920808788,28.52481,121.188,172.32,151.82,0.0,0.0,0.007528496524756234,0.09944953266569756,53.0171779614802,-0.18739258750001098,0.20244958054952344
CDNS,Information Technology,341.65,0.1140639088829365,-0.09080021320155529,0.22578211969061535,-0.029320701447358766,0.403187241297091,79.7,1.58,0.047588350600395124,67.88048,38.661,325.39,318.0,0.0,0.0,0.009461710192514208,0.09949641746731723,53.78807079094049,-0.18555126804342756,0.20447468842845598
CPT,Real Estate,96.44,-0.07627861540561631,-0.16639970487692335,-0.023591986594166614,-0.048573426603954695,0.19512788676789844,23.0,0.1,-0.006425239154343454,31.828384,125.648,106.99,105.03,0.0,0.0,-0.006540414459715228,0.0994714563610287,47.37877669886934,-0.20150446892733148,0.18842364000790102
COF,Financials,191.01,-0.11814409453178831,-0.07174569365370165,0.058197774797676516,-0.09134876594536334,0.3192111781828553,22.6,1.34,-0.04590410879867368,10.707959,0.0,206.09,210.87,0.0,0.0,0.018939421376202893,0.09948312569215761,57.54936221477702,-0.17604750498042604,0.2139263477328318
CAH,Health Care,229.1,-0.06676442634282653,-0.035449637998855366,0.07264055731051045,0.4609576214906552,0.29400625392264046,40.9,-0.09,0.04032333499949914,31.70263,0.0,217.73,232.6,0.0,0.0,-0.0026426393843127925,0.09946459846245533,48.94018919374853,-0.19759325237072525,0.19230797360209964
CCL,Consumer Discretionary,24.7,0.04064870100638762,-0.09725950960746066,-0.02548750509449904,-0.11488014850155981,0.4940190710562361,64.7,2.03,0.11033707522274394,10.88326,177.11,27.51,25.22,0.0,0.0,0.02962768022752223,0.09949625362989253,61.70632548224224,-0.16538497688706713,0.2246403373421116
CARR,Industrials,54.42,-0.05488022857972685,-0.22088883670253867,-0.016151028819384128,-0.07068624092313591,0.3564547946266432,33.2,1.29,-0.03459288273707006,38.87143,91.998,61.6,59.76,0.0,0.0,0.009626389165827181,0.09944496947175031,53.8557851695855,-0.18528575099880343,0.20453852933045777
CVNA,Consumer Discretionary,59.39,-0.19916401757147417,-0.1561522917399064,-0.054028256903589034,-0.24900737412299878,0.6256430532476688,31.7,2.39,-0.0871502979052351,31.930107,110.88,72.22,68.6,0.0,0.0,0.02993902405104425,0.09951209339434453,61.82386669416026,-0.165104679001871,0.22498272710395953
CASY,Consumer Staples,612.86,-0.18674615704660447,-0.24017005616678355,-0.1744302300456776,0.09985323384474198,0.37435673843367934,49.0,-0.07,0.024061696437868596,29.521194,70.547,731.59,750.42,0.0,0.0,-0.00040893327040705184,0.09947118473578574,49.835992390837056,-0.1953724553525471,0.194554588811733
CAT,Industrials,814.18,0.027641695573649372,-0.1590127163822591,0.1394598136054126,0.7085581445986058,0.3981535039419745,48.3,1.73,-0.009007064753442373,35.112118,232.783,792.67,824.19,0.0,0.0,0.01368256352879374,0.0994652533242547,55.470640466752975,-0.18126933298674547,0.20863446004433295
CBOE,Financials,281.51,-0.04287360791821804,0.15183620673670073,-0.02437084509745957,0.17391318457096205,0.34590369114661373,50.3,-0.36,0.09099721387981519,21.941544,28.09,286.85,287.61,0.0,0.0,-0.001044533296939403,0.09949231679672411,49.58117284434182,-0.19604947421851868,0.19396040762463987
CBRE,Real Estate,127.97,-0.09914824247876808,-0.08946997015009628,-0.0631406093998158,-0.1825817547919577,0.3282495030188578,23.7,0.87,-0.04886662525832486,29.226545,117.789,145.44,144.06,0.0,0.0,0.006199827278357298,0.09945297601578497,52.48536772530619,-0.18872800571258125,0.20112766026929585
CDW,Information Technology,131.42,-0.11601195783290497,-0.015945222288806682,0.0887082655648257,-0.15655964985039128,0.4600944422470813,18.5,0.8,-0.029590875597428457,15.795974,263.278,131.73,141.96,0.0,0.0,0.009222174731097231,0.09949934006764277,53.69234059969068,-0.1857965318014826,0.20424088126367707
COR,Health Care,305.18,-0.09268340216029192,0.02420638692201682,-0.05640062811626079,-0.01366194757613759,0.3098913858726213,36.0,-0.16,-0.005652990333747443,22.657272,446.516,318.57,317.33,0.0,0.0,-0.009888450112652498,0.09954020118417968,46.04336554257094,-0.20498724443364466,0.18521034420833968
CNC,Health Care,61.3,-0.08969405151914922,-0.07191527017758181,0.7459412751758063,0.71516497924491,0.47718127976119606,32.6,0.35,-0.008411524754620925,28.334026,71.082,52.58,64.73,0.0,-0.015931208860707285,0.005582650958216604,0.09949023664274478,52.23739272019977,-0.18941821286156316,0.20058351477799638
CNP,Utilities,36.93,-0.06529987663784098,-0.15566595135190997,-0.14541078989963474,-0.010481802728198097,0.17152655247721876,24.5,-0.14,0.002443000874460255,21.988094,210.256,41.39,39.71,0.0,0.0,-0.008564053040141508,0.09948150328784179,46.56986733599201,-0.20354779948431143,0.1864196934040284
CF,Materials,113.78,-0.1830258110949482,0.010302484321496497,-0.11646410562780496,0.3436857535021183,0.4318322337220642,21.4,-0.94,-0.00776139708607293,8.440653,40.504,112.13,124.44,0.0,0.0,-0.0034350693565886586,0.09965202290998781,48.62509257587841,-0.19875303426016477,0.19188289554698745
CRL,Health Care,291.1,-0.002262145736283583,0.25783180795986227,0.6740468521782319,0.7075317538648425,0.45378455911371673,60.8,1.25,-0.005941777954290517,28.334026,105.047,209.04,274.93,0.0,-0.242549816081609,0.01915331093483133,0.09947066102646883,57.634522268403146,-0.17580918467704756,0.21411580654671022
SCHW,Financials,97.55,-0.09876196436613116,-0.02768377989583215,0.0470887481604807,0.07096810399705156,0.25199972362789314,21.3,0.47,-0.014944923212989791,17.772314,151.106,98.32,106.31,0.0,0.0,0.002264442912971855,0.09946437296827125,50.908168382649365,-0.1926857281048398,0.1972146139307835
CHTR,Communication Services,109.47,-0.3113795031760588,-0.1917454278837466,-0.5019336431837004,-0.6020719782190359,0.5218644123222429,3.0,0.29,-0.03046676405839721,2.8485558,441.578,175.87,140.56,0.0,0.0,0.004682494083932371,0.09966864538583409,51.87356605824828,-0.19066805087230243,0.20003303904016717
CVX,Energy,206.26,-0.02606480453432014,0.23771596578792442,0.05526318706703237,0.38690393071479945,0.23729497339812503,38.4,-0.5,0.008853008489170922,20.072472,18.959,186.07,201.65,0.0,0.0,-0.005514606002950162,0.09948317861644004,47.789693335270485,-0.20050163609117266,0.18947242408527232
CMG,Consumer Discretionary,31.99,-0.16952234187550208,-0.05856385514792728,-0.035283476528280344,-0.17911216912861627,0.4229454465897222,21.4,0.7,0.021066066039556963,29.620369,246.35,34.91,34.67,0.0,0.0,0.0036803567311555845,0.09948078721139779,51.47557643031659,-0.1913019862031841,0.19866269966549524
CB,Financials,330.42,-0.023575074910146654,-0.07043397564938114,0.01255518705734282,0.18486761894224935,0.19564110935972764,35.8,-0.35,-0.008848971811083794,11.70457,30.941,329.73,342.5,0.0,0.0,-0.002692951526977013,0.09946904412180424,48.92006502485724,-0.19765227800571333,0.1922663749517593
CHD,Consumer Staples,94.18,-0.05175190702216936,-0.030608824876878216,0.020738646206405642,0.08507422265504383,0.2259554533224092,50.2,-0.05,-0.022826281499651824,30.173079,55.851,95.91,98.38,0.0,0.0,-0.0037040508620203817,0.09944290040702428,48.514362649364564,-0.19861213565978797,0.1912040339357472
CIEN,Information Technology,371.2,0.04809973877897811,-0.14437678626812345,-0.17099562437807558,1.4465792534779318,0.7268937903902378,57.7,2.48,0.040024105560328094,83.7912,107.496,389.64,374.13,0.0,0.0,0.018133006443602554,0.09956557381305836,57.225621249460325,-0.17701551822999184,0.21328153111719694
CI,Health Care,266.89,-0.05115296045047557,-0.048259198787754976,-0.00034337487666391553,-0.06415608791448679,0.3291000563846582,36.7,0.2,-0.018822818769056004,11.0330715,74.29,280.02,278.27,0.0,0.0,0.0061279950061312,0.09944964139115799,52.456690730162634,-0.18879330212053844,0.20104929213280084
CINF,Financials,161.15,-0.05603894139261423,-0.14516234517837168,0.028703214335321192,0.03120145399525498,0.20720732273116857,26.1,-0.02,-0.008551737708032858,7.6085925,5.255,167.5,170.73,0.0,0.0,0.002433894269169607,0.09947390488331868,50.97602125630502,-0.19253495930213502,0.1974027478404742
CTAS,Industrials,194.63,-0.017466765202904355,0.09479118816171006,0.12232520762573573,-0.03463479397176905,0.23491814095874222,38.1,0.18,-0.026411878758309637,38.38856,52.096,188.02,201.7,0.0,0.0,-0.004051339836238739,0.09944451153206398,48.37517048336983,-0.19896258243908413,0.19085990276660666
CSCO,Information Technology,107.98,-0.01352088196526402,-0.05264081262755127,0.37160159698303286,0.6031402083844233,0.3444127274831685,37.6,1.04,0.011996311577331165,32.432434,62.017,97.39,112.09,0.0,0.0,0.008837530733828314,0.09943657709636429,53.54097933691874,-0.1860581603750457,0.20373322184270232
C,Financials,125.02,-0.06937620923691745,-0.12654225864648283,0.09544496403204739,0.2933317800680548,0.2965323820658123,22.5,1.37,-0.0689603978284975,13.474138,0.0,125.72,133.87,0.0,0.0,0.017484465094512153,0.09948791585039271,56.97527069935021,-0.17751184997225755,0.21248078016128186
CFG,Financials,62.17,-0.10905704705471253,-0.1322473290402606,0.03334659771218629,0.21426345823296744,0.27023145323757103,15.4,1.01,-0.05127423581477464,13.555555,0.0,65.09,69.89,0.0,0.0,0.012542284252688687,0.09949361733277358,55.0158257694632,-0.18246520571954752,0.2075497742249249
CLX,Consumer Staples,79.93,-0.15216923838050944,-0.16854801528402463,-0.1904491839254404,-0.3181442595349304,0.313238974478487,33.5,0.32,-0.04624104843536414,16.755766,2221.429,101.6,95.55,0.0,0.0,-0.04142966995014929,0.10244787328280286,34.296019720747516,-0.2422275015844429,0.1593681616841443
CME,Financials,267.12,-0.03380860558805021,0.1432057463604457,-0.11582545952186307,0.04383419292435087,0.24039392744820168,40.7,-0.31,0.010000714246070519,22.656912,14.587,278.51,269.54,0.0,0.0,-0.003582196091328152,0.09946495203970368,48.56353361300535,-0.19853350208914736,0.19136910990649106
CMS,Utilities,63.35,-0.06913015258789612,-0.16284850411278629,-0.180932520190483,-0.09721843529551943,0.17060414004206273,22.8,-0.15,0.006433658052237945,19.088856,185.604,72.9,68.5,0.0,0.0,-0.007321224158672993,0.09948212082607213,47.066697487451144,-0.20230618097777436,0.1876637326604284
KO,Consumer Staples,86.44,-0.01455121026115258,0.04816780247035113,0.14073791860730767,0.3288128238133077,0.18775634123274962,41.6,-0.25,-0.015599553479268113,25.963364,115.519,79.86,87.47,0.0,0.0,-0.007664231876536511,0.099454891525295,46.92869552589888,-0.20259581926611472,0.18726735551304172
CTSH,Information Technology,60.85,-0.04026659558734602,0.47942667180377674,-0.014463638799705358,-0.06478135667692686,0.4152001569298536,52.5,0.22,0.0613482881704599,13.060086,14.479,61.22,58.45,0.0,0.0,0.01024696772039165,0.09947438700523573,54.10229261065531,-0.18472283080987037,0.2052167662506537
COHR,Information Technology,316.98,0.17994339525759773,-0.05576407667557137,0.22784322315553118,1.7647623791333236,0.8648854356235399,53.1,3.21,0.07149384908245593,76.935684,31.612,287.53,296.51,0.0,0.0,0.03252235447524573,0.09964572065794991,62.793150616388736,-0.16278325801433607,0.22782796696482754
COIN,Financials,187.77,0.07321671849009159,0.11192046960241675,0.09512420926129961,-0.4575786550279597,0.7240331942173922,56.4,2.9,-0.037619785325864075,14.371080500000001,50.982,186.14,172.37,0.0,0.0,0.046253243379048244,0.09959253916545759,67.88282811700552,-0.14894813338524862,0.2414546201433451
CL,Consumer Staples,84.85,-0.05826859144185148,-0.086235858746324,0.00853624817691534,0.10076944775742702,0.22413187125161907,39.8,-0.13,-0.014059947929336514,33.40551,1388.163,88.42,89.76,0.0,0.0,-0.03530047754693016,0.10056612778595407,36.278758450019694,-0.23241008800740015,0.16180913291353982
CMCSA,Communication Services,21.59,-0.19451698084562352,-0.07634730160330683,-0.21628234825696524,-0.22739576256358873,0.3214394084039911,10.5,0.15,-0.014377021280300162,6.9214745,100.474,26.75,24.7,0.0,0.0,0.004487468201883177,0.09950443744744658,51.798547063103825,-0.19054122919511213,0.19951616559887847
FIX,Industrials,1653.97,0.06014881165455255,-0.07707818165631408,0.16813915604404328,0.9864523038098763,0.5650102213034215,43.7,2.42,-0.0029778971582418157,40.64807,11.498,1548.55,1658.05,0.0,0.0,0.027885990041643924,0.0994980286559984,61.03635742538799,-0.16713014612411292,0.2229021262074008
COP,Energy,126.96,-0.0745991314723764,0.23394316606587995,-0.013471611446595588,0.37196482195598013,0.30867205877373627,34.1,-0.53,-0.0026316316247925187,16.805555,35.639,116.21,127.6,0.0,0.0,-0.0037022362487411768,0.0995065221708051,48.516039099163415,-0.19873501970351917,0.19133054720603684
ED,Utilities,103.57,-0.03812571558790134,-0.06722892102739508,-0.08785399613100664,0.08994574067162864,0.17151587775769767,37.2,-0.47,0.004510222833823629,17.232113,110.113,107.85,106.91,0.0,0.0,-0.007773794430986009,0.09946788215314581,46.88528500578569,-0.20273084345115178,0.18718325458917978
STZ,Consumer Staples,112.28,-0.13196758035371137,-0.13403190899686845,-0.24656201610274897,-0.16832535213512168,0.3012882963978139,17.9,0.02,-0.01188065217594192,10.694761,123.205,143.57,127.24,0.0,0.0,0.0013950841511840392,0.09948565952413836,50.559417121249126,-0.19359680851612715,0.1963869768184952
CEG,Utilities,260.2,-0.10288234539639018,0.05990973486574713,-0.043307386124051606,-0.254332923079022,0.47250160065864344,33.3,1.32,-0.011660944789575689,25.410158,76.419,288.76,271.71,0.0,0.0,0.01739887227768616,0.09945167383900752,56.943975668410815,-0.17752640844676856,0.2123241530021409
COO,Health Care,56.62,-0.1880109535911163,-0.22021762214648988,-0.1931024596072639,-0.168209208377741,0.3198331412438828,63.3,0.51,0.022390715779228465,19.457045,33.634,71.62,67.22,0.0,0.0,0.009455843307350498,0.09944063419398531,53.78784629353065,-0.1854477997128607,0.2043594863275617
CPRT,Industrials,27.01,-0.15998135827658244,-0.07609440488667418,-0.191167719896158,-0.40086495235689323,0.3110194049945315,28.8,0.13,-0.020840911915889215,17.429033,0.97,33.61,30.49,0.0,0.0,0.004425065082246044,0.09946614431539386,51.7742352560341,-0.1905285777759259,0.199378707940418
GLW,Information Technology,157.74,0.09442864184607092,-0.18872162342173804,0.0700328059307791,0.9142876295377684,0.7264229139211099,43.7,2.85,0.0063799921204137355,72.71871,71.448,149.77,152.58,0.0,0.0,0.025778014397516157,0.09955414276283571,60.21571580703258,-0.16934810541764184,0.22090413421267413
CPAY,Financials,388.17,-0.06779534313770397,0.08868328906836442,0.32327680600572295,0.3552948865769221,0.36739545101949556,28.9,0.84,-0.024967904070656077,23.611315,275.291,345.95,401.06,0.0,0.0,0.004916386636019764,0.09946403661233363,51.9711206081397,-0.19003312512415416,0.19986589839619368
CTVA,Materials,12.09,-0.8656774494367121,-0.8598129531173198,-0.8579607857361526,-0.801552828433078,0.887070981957344,3.6,0.33,-0.846090161044166,7.325637,19.191,78.69,80.29,0.0,0.0,0.02239564902939206,0.0999568119206224,58.8642067390739,-0.17351970233502784,0.21831100039381196
CSGP,Real Estate,27.42,-0.12268077299238289,-0.044425139093561494,-0.3135169283275212,-0.6714782207207146,0.4448071292328045,27.2,0.25,-0.023673937768422526,152.3611,14.537,40.45,30.27,0.0,0.0,-0.031231486140387826,0.09971104009890926,37.70567845340034,-0.22666512473424996,0.16420215245347433
COST,Consumer Staples,921.79,-0.007205327613018397,-0.028407734803928553,-0.08903287191262599,0.010713791439139086,0.19930511945597718,57.6,-0.12,-0.0010620647432868502,44.399807,23.953,960.97,933.34,0.0,0.0,-0.008106380197819322,0.0994563329002674,46.75194076008487,-0.2030407926823434,0.18682803228670478
CRH,Materials,80.83,-0.12776515130932997,-0.24564092592092857,-0.22155128530684898,-0.3180141014539437,0.3197635842720166,26.0,1.29,-0.04950610347070161,14.280478,77.592,108.8,92.99,0.0,0.0,0.016107990523847825,0.09946676821839939,56.43248025957824,-0.178846875184215,0.21106285623191062
CRWD,Information Technology,265.63,0.30582050572137076,0.3322800600739231,1.6621568263431112,1.1252100921893837,0.5484206348285008,80.1,1.5,0.05354380572940798,8856.0,15.958,152.1,218.06,-0.06817445201929229,-0.5964027403513602,-2.600230365858769,0.4883904730343055,5.073238595887375e-06,-3.5574756930060074,-1.6429850387115301
CCI,Real Estate,66.77,-0.10134173234685384,-0.0958241693301165,-0.19165704230139446,-0.26644686082234914,0.29937670981645154,11.4,0.14,-0.01577240201333252,27.25306,0.0,83.23,73.28,0.0,0.0,5.910407571365454e-05,0.0995035228038784,50.02369676238112,-0.194967800619888,0.19508600877131532
CSX,Industrials,46.19,-0.0505653200824947,-0.051086900982702965,0.12708470203595934,0.3366779634822159,0.21611740586623315,24.9,0.43,-0.012612231038556687,26.69942,138.068,44.2,49.46,0.0,0.0,-0.0014642719559461019,0.09946242943859594,49.41270397669165,-0.19641063365559414,0.19348208974370196
CMI,Industrials,520.21,-0.05571792696300204,-0.23015253712941153,-0.047116055098643694,0.24293282972641905,0.36649791154942374,27.3,1.57,-0.009246525142506568,26.567926,59.586,603.25,582.54,0.0,0.0,0.01655997887547939,0.09946559940450406,56.611413099008125,-0.17839259595734855,0.21151255370830732
CVS,Health Care,84.97,-0.12604139113133728,-0.16241113183178857,0.17364995423037866,0.14052423279515214,0.3124475377238863,25.3,0.16,-0.04661728831297074,22.432716,95.503,87.62,95.31,0.0,0.0,0.00047264939893671825,0.09946210718534611,50.18957885038172,-0.19447308068434166,0.19541837948221508
DHR,Health Care,217.4,0.03754120023075469,0.12483365743948349,0.1419114405262656,0.028795967840987258,0.3077167280756436,72.0,0.41,-0.02984417291121222,38.753117,52.97,201.75,208.12,0.0,0.0,0.0022904805861277016,0.09945205125339664,50.91872290394696,-0.1926355398705297,0.19721650104278513
DRI,Consumer Discretionary,194.65,-0.11534792993509102,-0.034424277141802184,0.007156119366714453,0.04378458565131682,0.27098028196763935,34.5,0.24,-0.02553194544938986,19.083334,414.393,203.9,211.62,0.0,0.0,-0.004960631868242971,0.09950523447638542,48.01197759875405,-0.1999908914419584,0.19006962770547245
DDOG,Information Technology,274.31,0.311045276298731,0.07416690607177556,1.2790793965399971,0.7963981862525602,0.6982816918276247,90.5,1.17,0.02304849350404581,560.3469,29.259,183.51,243.96,0.0,-0.3448346031440178,-0.12891462263624343,0.10342164511969604,10.629125701494091,-0.33162104707084766,0.07379180179836081
DVA,Health Care,178.28,-0.006187639300564096,-0.24364688090771502,0.22461874252612302,0.34176266524326326,0.45710515365241483,46.5,-0.03,-0.001064618367830228,15.095681,1241.986,169.51,190.62,0.0,0.0,-0.019530341163630713,0.10036768117987595,42.28577692590335,-0.21625099627618755,0.17719031394892615
DECK,Consumer Discretionary,78.3,-0.06518623382545174,-0.2590138695131642,-0.20353977218756192,-0.22613161874291432,0.4471141913044131,38.0,1.06,-0.004703128585219041,11.074965,20.521,101.51,88.11,0.0,0.0,0.01973546472350177,0.09945449880316737,57.86484629690031,-0.17519535293070626,0.2146662823777098
DE,Industrials,656.07,-0.05832785436170673,0.0352553381755456,0.14526429759640536,0.4689215715213413,0.3231761591997947,42.3,0.49,-0.04753992843602173,36.448334,230.298,585.97,645.78,0.0,0.0,-0.0020255478950492382,0.09944484315542376,49.18746835069684,-0.19693744047967982,0.19288634468958132
DELL,Information Technology,531.49,0.07982522765728306,0.2927835377547183,2.062542132044322,2.5960903981096837,0.7539342651779202,41.6,2.25,-0.055783587551599956,30.882627,0.0,288.93,486.29,0.0,-0.6895239998697772,0.04249466081764532,0.09980201609841936,66.48694182047356,-0.15311729073525662,0.23810661237054728
DAL,Industrials,83.11,0.06360380419149991,-0.09123896113841878,0.2512918520907752,0.49740204711772895,0.3924566872437002,59.4,1.71,-0.02154464066936035,13.782753,96.649,75.66,84.02,0.0,0.0,0.02357855627984822,0.09946274903069571,59.369455464149404,-0.17136843182031536,0.21852554438001182
DVN,Energy,46.78,-0.03960841692955053,0.1666996129775613,-0.04176766746691207,0.35836647453684556,0.3455539104719514,37.9,-0.54,-0.005632293176313197,10.172826,28.488,44.49,46.65,0.0,0.0,-0.0004887829562952493,0.09952081086522292,49.80406570085196,-0.19554957225213218,0.19457200633954166
DXCM,Health Care,86.43,-0.03631954070859034,0.19414901943092389,0.38914337915220787,0.3079978866762465,0.3949370022754438,66.4,0.66,-0.0021646270382668087,34.185772,53.346,72.86,86.08,0.0,-0.03635766277400396,0.008417471763944771,0.0994464349893905,53.372750226789634,-0.1864975408152606,0.20333248434315015
FANG,Energy,184.77,-0.09168220462274856,0.06940408241125962,-0.03646901572702976,0.3182429403366813,0.32540786590547666,29.4,-0.37,-0.010178357074631772,35.2,28.678,184.33,197.72,0.0,0.0,-0.007144375133632367,0.09950381138482658,47.13805305077047,-0.20217184544789246,0.18788309518062773
DLR,Real Estate,174.11,-0.04601718652951847,0.009233618345249273,-0.02871546262595004,0.04459886045488437,0.27166446346817985,30.8,0.8,-0.02519455788938163,84.93171,67.944,180.81,187.17,0.0,0.0,-0.011228191801660441,0.09949566019609996,45.5074314102934,-0.20623968578601634,0.18378330218269548
DG,Consumer Staples,119.74,-0.0851860461293632,0.03509679761309692,0.009866403710132143,0.22563880058498076,0.374924365171755,41.4,0.57,-0.04085227990809526,15.55065,169.811,126.99,124.22,0.0,0.0,0.007853214488217769,0.09944061271482244,53.147331443866285,-0.1870503864328342,0.20275681540926974
DLTR,Consumer Staples,115.04,-0.12785236164775016,-0.05281574974379721,0.06090921780555991,0.2737488768563179,0.41831880043222225,43.6,0.8,0.008547369831941376,14.098652,223.945,117.46,124.18,0.0,0.0,0.010764897416239665,0.09944982321668476,54.30991308911598,-0.18415675608846244,0.2056865509209418
D,Utilities,60.34,-0.07722052523008571,-0.11998866616974058,-0.019278544771133888,0.03314107362677854,0.20163145739994018,21.5,-0.08,-0.005603166626202083,20.878893,160.459,64.34,65.72,0.0,0.0,-0.005987950317321165,0.09947829672125384,47.60007474238314,-0.2009654118909787,0.18898951125633637
DPZ,Consumer Discretionary,298.85,-0.13264925260766247,-0.017053539451347688,-0.1840998268143047,-0.2869236819865044,0.3071193318531474,41.0,0.1,0.022951277593158403,16.931728,0.0,355.17,330.08,0.0,0.0,0.004865308926130693,0.09945295983341079,51.95087558610181,-0.19006249234735448,0.19979311019961585
DASH,Consumer Discretionary,180.71,-0.20124645365018157,-0.04112278321079854,0.1550655815841968,-0.32480198466869203,0.4827746652987294,30.8,1.41,-0.06542197898507429,94.61257,33.276,187.14,205.41,0.0,0.0,-0.0011347139633964053,0.09950533184026068,49.545074061149855,-0.19616516437030734,0.19389573644351454
DOV,Industrials,187.39,-0.0079936186110382,-0.12505132333519497,-0.0829323723362414,0.1376697374051259,0.26089875959159853,45.4,0.9,-0.02340006972538,22.659008,42.316,210.16,197.47,0.0,0.0,0.009543573584966096,0.09943715273041619,53.823015681117845,-0.18535324576664963,0.20444039293658184
DOW,Materials,27.03,-0.13586956223483937,0.000500479511474472,-0.3328086919815888,0.23054595792083954,0.4418695941580125,31.0,-0.08,-0.0353318970358496,20.169846,111.913,31.96,29.68,0.0,0.0,0.0017502279169713617,0.09951293922026001,50.70162124155166,-0.19329513295473827,0.19679558878868098
DHI,Consumer Discretionary,133.73,-0.059960629190710324,-0.14502466602651765,-0.036907631086986026,-0.21517542191983496,0.3557059236475432,42.5,0.92,-0.05497844026077636,12.945788,29.451,148.73,144.14,0.0,0.0,0.015468249265005257,0.09943771005138531,56.18089583483241,-0.17942966243570996,0.21036616096572047
DTE,Utilities,122.31,-0.09280554816730524,-0.18456788371381128,-0.15964591057400435,-0.0973305677560613,0.17166572495429178,18.3,-0.03,0.0071228412910060435,19.352057,229.06,141.0,134.31,0.0,0.0,-0.00732678646418853,0.09949638060637588,47.06489289222226,-0.20233969245268524,0.1876861195243082
DUK,Utilities,113.58,-0.05789562613434718,-0.09042852440082128,-0.12593532124839923,-0.03941316025633246,0.160099338072624,18.8,-0.29,0.0020300180164098958,17.105436,162.155,124.03,120.82,0.0,0.0,-0.008307647872838551,0.09949594440796816,46.672804149950245,-0.20331969891245616,0.18670440316677905
DD,Industrials,128.0,-0.03708713569108213,-0.08852796526660955,-0.05399217829579139,0.3266073669131919,0.3082645976092647,52.8,1.15,-0.028167994265818952,54.935623,22.902,137.57,135.27,0.0,0.0,0.004534852626001351,0.09944710060664695,51.818572524849415,-0.19038146456302668,0.19945116981502936
ETN,Industrials,429.54,0.09897658169243617,0.04153600295048765,0.19574010774826678,0.1617912167116966,0.3925249555053338,52.0,1.76,-0.023739731495536764,43.65193,105.059,388.07,421.13,0.0,0.0,0.014883354641067879,0.09945452286434409,55.94795626511942,-0.18004751017304652,0.20981421945518228
EBAY,Consumer Discretionary,105.46,-0.011621348633880757,-0.06940577867254372,0.126767547249665,0.2195020235849947,0.35895666145475197,43.7,0.71,-0.02261355335403803,22.15546,153.012,100.83,107.2,0.0,0.0,0.0075128394348374155,0.09943117815966919,53.01146978951867,-0.1873722697581142,0.202397948627789
ECHO,Communication Services,89.14,0.028261585872005668,-0.0930918856511419,-0.3072738229458619,0.12125785395784194,0.5210721477079424,36.5,1.47,-0.010764634492652414,20.993814,123.757,108.87,89.48,0.0,0.0,0.020356671063148233,0.09945960387684383,58.10860956471896,-0.17458415253546566,0.21529749466176212
ECL,Materials,268.65,-0.03764301372807166,-0.05060026073347035,0.02201379763202138,0.006936935607608774,0.22114539797300858,39.0,0.48,-0.03878491794572114,36.11089,138.023,273.73,278.09,0.0,0.0,-0.00235047020591032,0.09944087139362023,49.05711341598231,-0.19725457813740596,0.19255363772558534
EIX,Utilities,53.57,-0.02935312506242338,-0.27570913234279726,-0.25319270457750753,0.004303979897692045,0.36871911219963865,37.2,0.06,0.017473848856264684,5.530444,228.042,68.23,64.88,0.0,0.0,0.003873838672653364,0.09947752402280685,51.553162422243446,-0.19110210841204806,0.1988497857573548
EW,Health Care,85.52,-0.058357223844604955,-0.10149194821534446,0.05515106012339199,0.12069190642288863,0.2530058919206995,54.0,0.56,-0.008923447262617623,50.872025,6.568,85.11,88.46,0.0,0.0,-0.0013451165892507922,0.09944380536162374,49.460391208624735,-0.19625497509803333,0.19356474191953174
ELV,Health Care,380.49,-0.05837005153866037,-0.06374528767954657,0.2758730678183443,0.1665401080906297,0.3501388292555947,13.7,0.32,-0.039372368312477035,16.805126,68.953,365.56,395.89,0.0,0.0,0.004603514692013349,0.09948932808759528,51.84530496196439,-0.19039556835967342,0.1996025977437001
EME,Industrials,760.89,0.03626781321144379,-0.033033441126365415,0.007090026002013028,0.16411092613627232,0.45055502598296193,42.1,1.86,-0.0017318157544065071,23.674238,13.432,771.17,771.4,0.0,0.0,0.024706238104927936,0.0994638003411528,59.80853168242836,-0.17024281056373156,0.21965528677358745
EMR,Industrials,157.37,0.05631628158314905,0.11545416789243257,0.20381053763177293,0.21839824589590684,0.31920298018221144,59.8,1.54,-0.005435130086411832,34.36026,67.677,144.39,154.12,0.0,0.0,0.014716156781970373,0.09945690670598135,55.88148667705648,-0.18021938036175306,0.20965169392569383
ETR,Utilities,99.25,-0.07025761124121777,-0.12288074453989062,-0.12630656293480602,0.0890994994824037,0.20347565900314366,25.1,0.2,0.006898653822472234,25.38363,186.77,106.17,105.66,0.0,0.0,-0.004666164437835619,0.09946715850704178,48.12918378605438,-0.19962179511163752,0.19028946623596626
EOG,Energy,140.9,-0.05410856910650552,0.09703744757037192,0.0028588032688732223,0.31030853052242513,0.28819665140463513,40.4,-0.6,0.0039186873462842,10.9704275,25.891,131.67,144.42,0.0,0.0,-0.0025439920973706633,0.09950307359492394,48.98013657880308,-0.19757001634342158,0.19248203214868026
EQT,Energy,49.52,-0.1117488707127593,-0.03934779936566646,-0.16557279113548795,-0.10783923064002543,0.30714408981393976,27.7,0.15,-0.025388720343657578,11.49072,19.595,55.55,52.84,0.0,0.0,0.005544994358716914,0.09946509617228515,52.2228776544812,-0.18940659413896196,0.2004965828563958
EFX,Industrials,138.02,-0.25586311250181704,-0.1949438900257321,-0.23845458557541133,-0.4500468486066195,0.3905739917950339,12.6,0.55,-0.06810812136192346,24.214476,120.956,183.33,173.58,0.0,0.0,0.0052834726731573415,0.09948946380642767,52.11762153240801,-0.1897158763874409,0.20028282173375558
EQIX,Real Estate,1003.0,-0.015933431174183665,0.00896282000565729,0.012402353177603631,0.32368157443914214,0.25163174568363894,40.3,0.49,-0.005039299464053348,64.37741,162.217,984.88,1041.89,0.0,0.0,-0.010644557143278076,0.09946069547398387,45.738546577174816,-0.20558752027228647,0.1842984059857303
ERIE,Financials,221.9,-0.1412677696895417,-0.13205461668371488,-0.10037263717976053,-0.2738148180513077,0.3752107806269824,29.0,-0.41,-0.004285209676205715,20.136568,2.56,249.64,245.29,0.0,0.0,-0.0007145383937376312,0.09952675824070212,49.71358744876673,-0.1957869845455138,0.19435790775803852
ESS,Real Estate,268.84,-0.021219224319466545,-0.08924121052819844,0.10698820034272671,0.048434093787872445,0.19341595750717935,46.6,0.15,-0.0007505700453018793,41.94072,122.409,268.3,278.74,0.0,0.0,-0.007528128738044747,0.0994436982221881,46.982792480406765,-0.20243777725353343,0.1873815197774439
EL,Consumer Staples,89.2,-0.11814141767046193,0.05421654264584452,0.2998994579982257,0.04952317055293931,0.48610900425440734,34.8,1.42,-0.055784949765683045,178.4,242.932,92.23,93.33,0.0,0.0,-0.030560629028601134,0.09976619777109814,37.96795627518586,-0.22610237665995347,0.16498111860275122
EG,Financials,369.49,-0.017925860242239744,-0.0038371461117805428,0.142565947547717,0.06371502453517675,0.24023071035434787,47.0,-0.01,-0.002537598088686588,7.806676,23.26,347.88,372.84,0.0,0.0,0.004263779371230732,0.09944812809373496,51.70991742863421,-0.1906545516924898,0.19918211043495126
EVRG,Utilities,78.43,-0.028971108519805777,-0.08328638286647716,-0.03733148815212739,0.0647352174700655,0.16129146521100382,26.9,-0.03,0.004997429332049608,19.96692,160.554,81.04,81.56,0.0,0.0,-0.005870744117323958,0.09947020804968387,47.64680392920475,-0.20083235189470436,0.18909086366005642
P,Information Technology,132.37,0.4321107289856323,0.7029459590957288,1.1185978887164638,0.5447542460708932,0.6849799409955065,83.5,2.43,0.05055551680307535,181.32875,14.622,77.95,100.71,-0.16432879050548269,-0.5482225575741664,-0.010145912330066889,0.09990200321109953,45.95535020870861,-0.20595383862382197,0.18566201396368817
ES,Utilities,63.98,-0.08094547027000487,-0.11596068818342287,-0.05705057061251928,-0.06505934187165408,0.2400265151031581,29.3,0.07,0.004945865687662865,16.618181,180.7,70.18,69.48,0.0,0.0,-0.001974540038702355,0.0994574573324443,49.20802744876605,-0.19691115641029316,0.19296207633288848
EXC,Utilities,40.37,-0.07313197094069979,-0.13380684366677953,-0.16607227342687914,-0.07118987189791859,0.19306479054276923,19.7,-0.23,0.000743648467610436,14.845589,177.362,45.67,43.75,0.0,0.0,-0.006402788419168964,0.09948979491716688,47.43432893901808,-0.20140278645681606,0.18859720961847812
EXE,Energy,85.56,-0.13854210812031986,-0.031679133342065735,-0.1664779424569417,-0.19867598314482304,0.313321761928116,23.3,0.03,-0.014739737831361177,7.3758616,19.207,98.67,92.97,0.0,0.0,0.00544417787264221,0.09948231393754955,52.182125696241144,-0.18954115744495492,0.20042951319023933
EXPE,Consumer Discretionary,263.84,-0.14354347065880368,-0.009520417285274196,0.17523886903953967,0.21954004253398018,0.5058224000116105,35.9,1.01,-0.0012492602228452165,16.58328,230.271,260.23,297.67,0.0,0.0,0.013888579955496286,0.09947348534223945,55.55202462754515,-0.18107945131529304,0.2088566112262856
EXPD,Industrials,187.07,0.004888287732101038,0.12896807947830968,0.28958266977405245,0.5553759389958899,0.3110220195820842,40.8,0.51,-0.00208044049760292,27.229986,26.745,162.33,184.54,0.0,-0.002372273606436298,0.004915196528730323,0.09943744361676157,51.97117043724436,-0.18998219296012236,0.199812586017583
EXR,Real Estate,132.02,-0.04543495721479107,-0.08599777163400157,0.008701091119367899,-0.020368199381473273,0.22683689622233402,40.5,0.37,-0.009973766555527952,29.207966,101.674,141.76,141.25,0.0,0.0,-0.0004164166468031733,0.09943560813400472,49.83293135707285,-0.19531020858945242,0.19447737529584608
XOM,Energy,163.49,-0.004020642265369245,0.20601460682188222,0.030963305069554137,0.5021733147539913,0.2592980659139635,45.4,-0.57,0.01805846703658709,21.068298,15.921,148.64,160.05,0.0,0.0,-0.005596114537758667,0.09949133328643485,47.757241776083035,-0.20059912777917097,0.18940689870365365
FFIV,Information Technology,443.5,0.134039110227002,0.05839677658398745,0.46200755258484927,0.3550673360660439,0.36489965547816416,66.5,1.01,0.0009930990020106112,35.31051,6.546,343.21,410.09,0.0,-0.14219836185959564,0.013640198478246757,0.09945247251929794,55.45450440748005,-0.1812866476595772,0.20856704461607073
FDS,Financials,274.46,-0.1032770775074876,0.09236427653179913,0.21591040218308089,-0.025651984555181473,0.4687377969226133,60.0,0.06,0.005053482315326319,18.85151,77.049,249.29,281.53,0.0,0.0,0.0072414954007552525,0.09951118397724452,52.90056939780345,-0.18780042519464402,0.20228341599615451
FICO,Information Technology,646.64,-0.4118513407916379,-0.4973688430405282,-0.4066216333378663,-0.5725287521424905,0.63485199188124,16.3,0.41,-0.25078497662130617,18.721481,0.0,1230.31,1039.02,0.0,0.0,0.01455311557392721,0.09962225171283952,55.807205953822134,-0.18070649778323825,0.20981272893109268
FAST,Industrials,49.65,0.035781350754606533,0.03327320129692102,0.08387516796387717,0.06293749530365345,0.25379042152397097,53.6,0.49,-0.01556612815113434,42.431625,10.851,46.15,49.77,0.0,0.0,0.00037252333789067723,0.0994381954194544,50.14945460511251,-0.19452633968423994,0.19527138636002128
FRT,Real Estate,107.11,-0.09186873715604327,-0.1116041346560318,0.01221583749998656,0.10894864454140984,0.1629510039498579,13.2,0.18,-0.030899324917298188,21.637375,134.114,112.41,116.83,0.0,0.0,-0.004439564457870189,0.09950200257490902,48.22059611688847,-0.19946348950469187,0.19058436058895148
FDX,Industrials,286.41,-0.09163339325499475,-0.07226025355886623,-0.00956863269863617,0.5089339030091269,0.28883245198726437,29.5,0.9,0.00195906085931985,15.430765,135.697,298.43,312.94,0.0,0.0,0.0089524285538348,0.09945035402650235,53.58639703505283,-0.1859702653381098,0.2038751224457794
FERG,Industrials,219.31,-0.00867874251243006,-0.038405506164991055,-0.05995694011919106,-0.012420956984273479,0.29788499156581155,44.8,1.18,-0.015399155293078115,21.615765,111.063,237.82,231.66,0.0,0.0,0.012401229219059005,0.0994392181855411,54.96240839506644,-0.18249963842460157,0.20730209686271958
FIS,Financials,33.04,-0.2017729903291018,-0.19016802546585565,-0.26974656914258577,-0.48425333713637164,0.33083529960356434,13.3,0.37,-0.06693021581749525,5.076144,132.51,47.12,39.73,0.0,0.0,0.0073743521392725655,0.09949202618175147,52.95425619641757,-0.18763001917696032,0.20237872345550545
FITB,Financials,49.45,-0.08344005185841541,-0.13869642716069874,0.06590134257469304,0.1521590526198,0.2659043172763788,23.9,0.84,-0.04297763924530973,16.664982,0.0,51.66,54.52,0.0,0.0,0.0103020176269485,0.09946741330593904,54.12454105642457,-0.18465411245269203,0.205258147706589
FSLR,Information Technology,170.71,-0.15740374347942854,-0.26752763879631947,-0.1259983600630351,-0.24068142891000854,0.5495685486225161,28.0,1.84,-0.03939001595599945,10.524662,1.88,225.05,208.11,0.0,0.0,0.030615134178127515,0.09949861828505686,62.084243133752736,-0.16440215766058391,0.22563242601683897
FE,Utilities,43.23,-0.06610501863836815,-0.08491787626700587,-0.14034587991300662,-0.021822979115536878,0.16132645152431635,21.9,-0.07,-0.001616621156064757,23.252687,200.908,47.44,46.37,0.0,0.0,-0.008401293147193518,0.09948629180975938,46.635062289710916,-0.20339442509432187,0.18659183879993485
FISV,Financials,44.97,-0.13495574165883562,-0.1316144995629821,-0.1993411631987405,-0.6512448405573026,0.5789980329603632,6.9,0.63,-0.03259465156129704,8.613985,0.0,56.99,51.08,0.0,0.0,0.017980336405936673,0.09959331086147531,57.16347270078741,-0.17722255288255495,0.21318322569442827
FLEX,Information Technology,111.68,0.054129313596424034,-0.19448249206575952,0.6282986371424617,0.9252715185329783,0.6915608055920575,42.7,2.89,-0.026116173165434353,44.51793,107.818,99.15,114.3,0.0,0.0,0.032858521478242246,0.09954254776259215,62.93360011907326,-0.16224487213643837,0.22796191509292288
F,Consumer Discretionary,12.02,-0.1495757194794719,-0.1210965460464064,0.06107342632156132,0.02572503083286115,0.3892087621078439,13.8,1.19,-0.05389460405670998,19.083334,456.708,13.51,13.78,0.0,0.0,0.005948786243738642,0.09956673971355821,52.38213200027907,-0.18920202359483546,0.20109959608231276
FTNT,Information Technology,177.52,0.14869944341061503,0.09344008376120905,1.150975486467508,1.0840573331352092,0.42353927093520294,74.5,0.92,0.023405957577823377,62.95036,36.194,117.6,163.03,0.0,-0.35958738716009675,0.008314089585100331,0.09954790231428402,53.32803584802204,-0.18679979895089635,0.203427978121097
FTV,Industrials,55.14,-0.024609042162492156,-0.13196340686686336,-0.014596019763135515,0.10591763738260562,0.26728511502280045,53.0,0.61,-0.01693707898654051,29.174603,59.283,58.27,58.41,0.0,0.0,0.004810736399683624,0.09942898435066898,51.92947521514015,-0.19007007292762756,0.19969154572699482
FOXA,Communication Services,60.79,-0.09960010083637472,0.09295855320859636,0.04168533855954615,-0.008512941492657689,0.35053326258312,27.3,0.11,-0.03607105655441445,15.834636,64.06,63.24,64.0,0.0,0.0,0.0038199438702919333,0.09947020015791416,51.53167744686121,-0.19114164843921982,0.1987815361798037
FOX,Communication Services,54.38,-0.09780986250190593,0.09505902522470522,0.03354357205706582,-0.01810340165951585,0.3388931160242331,31.8,0.07,-0.03829149063442583,14.160156,64.06,56.8,57.12,0.0,0.0,0.003901859140707244,0.09946362996972243,51.56460952207254,-0.19104685559994872,0.19885057388136318
BEN,Financials,31.85,-0.025142292783124853,-0.06561990009001861,0.389018110087368,0.4831656306710934,0.28131579244988913,33.2,1.25,-0.0254376434969652,21.670067,24.805,29.44,33.31,0.0,0.0,0.013350622607374095,0.09946118450156667,55.33894405482722,-0.18159329901569657,0.20829454423044477
FCX,Materials,68.54,-0.07290679517650545,0.12633380067094757,0.12182548988609754,0.7722389361999507,0.4766531596626131,40.5,2.16,-0.05213658927330933,33.612747,32.149,63.38,70.35,0.0,0.0,0.024516504705468966,0.09947862664548007,59.73330364351626,-0.170461603519672,0.2194946129306099
GRMN,Consumer Discretionary,286.12,0.04053022361858605,0.17130723418311455,0.21397108169591172,0.13977486128278427,0.34324703028847176,54.5,0.98,-0.027265992832820496,29.496908,2.513,245.58,286.36,0.0,-0.01506030472764186,0.012124616366849389,0.09943402418148707,54.852526402939816,-0.18276607102886527,0.20701530376256405
IT,Information Technology,192.94,0.033145930074464536,0.4280216236385983,0.22229961977245116,-0.2313147313091385,0.5654107434366273,62.2,0.44,0.02682282442062478,17.35072,0.0,173.6,181.23,0.0,0.0,0.016225040559546135,0.09954827555524055,56.47355294893853,-0.17888957952872536,0.21133966064781762
GE,Industrials,312.47,-0.051684366553253036,-0.17484417644363348,0.11274540755550588,0.04252049044709083,0.3303341166742587,39.2,1.25,-0.0446971637190785,36.804478,113.225,323.74,342.52,0.0,0.0,0.00897707840761449,0.09943988743103234,53.59662265841829,-0.18592510095720888,0.20387925777243787
GEHC,Health Care,64.44,-0.08673462767774887,-0.005607429983061962,-0.08349102602957625,-0.14497896278635702,0.34430703662820383,53.3,0.77,-0.03286800093480979,14.849078,93.965,71.48,68.68,0.0,0.0,0.012240224629637678,0.09943054513975716,54.89873366049333,-0.18264364384428636,0.2071240931035617
GEV,Industrials,959.83,0.04109813496333836,-0.16684317858350806,0.068720823299117,0.587081585788273,0.524247880092986,50.6,1.98,0.002297350955811517,27.523222,28.364,914.39,965.34,0.0,0.0,0.026520849027102025,0.09947046247858732,60.511925528024435,-0.1684412574309291,0.22148295548513316
GEN,Information Technology,22.01,-0.28205218518370323,-0.16909371227678283,0.17631315005213732,-0.20184205037239156,0.39288805827019974,18.7,0.84,0.0178121829815987,12.871345,307.831,24.65,28.01,0.0,0.0,0.007920402319890541,0.09949740132583779,53.17239378164891,-0.18709450427875152,0.20293530891853262
GNRC,Industrials,203.55,0.12607882959445438,-0.21046505186248254,0.04874031064124651,0.2124009994147873,0.5732876661378944,59.8,2.08,-0.022052447157443922,48.00708,49.003,212.06,200.59,0.0,0.0,0.02325219965518233,0.09948347360281004,59.240241853707374,-0.17173540860632536,0.21823980791669
GD,Industrials,333.66,-0.08352790136603605,-0.11467841397991385,-0.03553491725006308,-0.0035323138774903118,0.2235612294637871,19.7,0.4,-0.009087661996615592,20.357536,35.335,355.29,370.56,0.0,0.0,0.0025183037450598874,0.09947356780640734,51.00986679623063,-0.19244988915549852,0.19748649664561826
GIS,Consumer Staples,31.39,-0.2265894821901212,-0.1160500816059773,-0.13235751463358947,-0.34245134394280663,0.2880726006127414,20.8,-0.34,-0.0670332699667201,21.773415,182.422,38.95,37.26,0.0,0.0,-0.0070311950808401285,0.09950174254585843,47.1832570730739,-0.20205461047072265,0.1879922203090424
GM,Consumer Discretionary,77.33,-0.08695750088009102,-0.004625304567059896,0.070552687007714,0.2715546514379825,0.3549996103345807,33.4,1.12,-0.06414129975230087,34.515625,202.341,80.7,85.32,0.0,0.0,0.006333936379335056,0.09944648762341521,52.53922252811197,-0.18858117936255875,0.20124905212122884
GPC,Consumer Discretionary,125.47,-0.07804079792932594,-0.017202771978023,0.2353758691164145,-0.05896493950588466,0.3294888256112736,25.7,0.48,-0.031941974925951744,501.88,146.415,119.97,131.22,0.0,0.0,-0.1392911145976367,0.10275338143798846,8.761535706599583,-0.3406877422160941,0.06210551302082065
GILD,Health Care,147.76,-0.006836461442224162,0.1464176844789138,0.07052982607115199,0.36218233401972744,0.2640551627018493,61.4,0.34,-0.021036162108541756,28.334026,223.465,136.44,142.34,0.0,0.0,-0.0011961192858029115,0.0994445641790926,49.520163767814154,-0.1961074650768244,0.19371522650521858
GPN,Financials,80.23,-0.13309814551763843,0.03936383175598879,0.26097896888876204,-0.04512565752614894,0.4044193341667117,26.7,1.11,-0.07237824790672398,38.0237,98.273,76.51,87.84,0.0,0.0,0.008561007315693963,0.09944922380027844,53.43002599906978,-0.1863594713328518,0.2034814859642397
GL,Financials,166.27,-0.040786847898901524,-0.06051526564372944,0.16812453481844103,0.18894741970325502,0.2000161512878961,30.7,0.29,-0.004609608744134186,11.055186,55.675,157.13,174.69,0.0,0.0,0.0036066379495834264,0.09945542156040421,51.44640186094656,-0.19132598830880881,0.19853926420797569
GDDY,Information Technology,95.17,-0.06577014230876244,0.11166916820974526,0.16529937924173144,-0.2799969477802605,0.48724236371922897,46.6,0.22,-0.020280020929391296,14.140416,57334.33,93.69,96.44,0.0,0.0,-1.2373485683775205,0.6747384535987989,3.334039224541968,-2.559835937431166,0.08513880067612534
GS,Financials,888.47,-0.11544469248682743,-0.15396115661372234,0.03906101550460095,0.15331396276099496,0.3221383962962434,19.0,1.61,-0.050227147082621326,13.724653,725.381,959.6,1004.23,0.0,0.0,0.004733500825300753,0.09976728006137921,51.892088636406555,-0.19081036809500249,0.20027736974560398
HAL,Energy,31.89,-0.15267075939844366,-0.02930375726269019,-0.15721103881666787,0.30645023012839556,0.35276535785082724,18.5,0.24,-0.026709344855986417,16.693718,74.186,35.4,33.9,0.0,0.0,0.003908092947400771,0.09948175982238643,51.56682248844238,-0.1910761563044766,0.19889234219927815
HIG,Financials,123.73,-0.09824358791151655,-0.09711741893617609,-0.08317751958380115,-0.05231162945675427,0.19759075003831092,20.6,-0.1,-0.0040247926144171275,8.54489,22.33,136.01,136.25,0.0,0.0,0.00040190936957221847,0.09948611815208441,50.16116640920245,-0.19459088220851323,0.19539470094765765
HAS,Consumer Discretionary,87.0,-0.06951871657754005,0.1240420653861316,-0.019846046417118735,0.1924935819856175,0.30274806367884227,28.8,0.74,-0.012373667649044684,15.563506,531.042,90.28,91.63,0.0,0.0,-0.0008058744485673319,0.09956893757957203,49.67711428078976,-0.1959609921045285,0.19434924320739383
HCA,Health Care,428.56,0.06787590239273089,0.029443903036917574,-0.08822764419783757,0.012724232855148676,0.31010565686418023,51.9,0.17,-0.01618417398600036,14.373784,0.0,446.51,415.07,0.0,0.0,0.006877556459823184,0.09944860446492779,52.75676321885352,-0.18804170829143527,0.20179682121108164
DOC,Real Estate,19.41,-0.07261081364842792,-0.09478775159171404,0.21122902051591885,0.08108732180824862,0.2923939857221872,35.5,0.46,-0.0445592714472719,55.47143,108.653,18.86,20.85,0.0,0.0,-0.006201933438869293,0.0994488508888761,47.513686063117476,-0.20112168118106646,0.18871781430332787
HSIC,Health Care,84.02,-0.07047242825085731,-0.030016232060420034,0.13632666849920705,0.28079266154574567,0.2553252131500059,33.8,0.5,-0.02720859127920572,24.495625,80.733,80.18,87.69,0.0,0.0,0.002818986394717033,0.09944043549191213,51.13078974688523,-0.19208426716943075,0.19772223995886481
HSY,Consumer Staples,158.96,-0.10406919404901183,-0.0974316829252212,-0.21700077263257267,-0.13277194271128545,0.27021239894601984,18.2,-0.16,-0.04450922039206018,21.746237,129.821,191.2,176.0,0.0,0.0,-0.004769000294228308,0.09948942912365666,48.08841248354073,-0.19976828137659536,0.19023028078813875
HPE,Information Technology,63.36,0.2255499941155399,0.4720800611469882,1.5886264476863707,1.587344331602408,0.573365684597926,53.3,2.05,0.006673053587648914,32.685566,76.464,36.47,55.16,0.0,-0.5871754615839543,0.03384380897972301,0.09970428946126035,63.286155382143725,-0.1615765983643473,0.2292642163237933
HLT,Consumer Discretionary,313.99,0.00796115820039267,-0.07447354553849761,0.03059184268946913,0.2253396329420374,0.23606014315151896,58.6,0.59,9.554968821934295e-05,46.107193,0.0,315.75,317.54,0.0,0.0,0.0003131629380270429,0.09944642672165842,50.1256291797163,-0.19460183343642345,0.19522815931247756
HD,Consumer Discretionary,278.82,-0.11816049787145244,-0.19898843113454312,-0.12016464265952098,-0.27783018353396916,0.25701953093624436,21.6,0.71,-0.04904503507543734,19.525211,380.261,339.81,321.86,0.0,0.0,-0.000184406971932699,0.09951664747703026,49.926074985775536,-0.195237036026912,0.1948682220830466
HON,Industrials,212.84,0.03285285957708717,-0.07656960926531164,-0.10799498741738423,0.04453658368917712,0.2719780893154802,74.7,0.71,0.001364353243797467,8.183006,185.369,230.35,221.93,0.0,0.0,0.010993855178662982,0.09946058534868729,54.40073708160417,-0.18394889210476412,0.20593660246209006
HRL,Consumer Staples,19.84,-0.09999999999999998,-0.17286077342901107,-0.07791283571295948,-0.15781049889340404,0.29185582027860163,34.5,-0.12,0.006849326999116334,32.008064,36.326,23.2,22.76,0.0,0.0,-0.0037160048655645213,0.09946387208860816,48.50988441839844,-0.19866519415923653,0.19123318442810747
HST,Real Estate,22.32,0.018576179081134736,-0.03136688498924722,0.22173541414120113,0.4131604210290387,0.2467945204853676,55.6,0.71,0.004492362211692802,14.986577,85.298,21.33,22.76,0.0,0.0,0.008897172280464752,0.09943539103983334,53.56485514200025,-0.1859961941576086,0.20379053871853808
HWM,Industrials,227.73,-0.09973912996795087,-0.18016596069831814,-0.020369367916440506,0.17117834194972037,0.3386139168801766,47.6,1.07,-0.020431865482167688,49.092674,81.368,248.16,259.26,0.0,0.0,0.004714012849398366,0.09943370192843104,51.890621353445454,-0.19017604293032647,0.19960406862912322
HPQ,Information Technology,31.82,0.004194623801695219,0.4214241201029376,0.6665968597058936,0.2522991732758726,0.45820877742591426,32.3,0.76,0.01645371596007217,12.15458,0.0,23.55,30.24,0.0,-0.2007919650512621,0.019056589525780078,0.09949529827269545,57.59458145807977,-0.175954195088703,0.21406737414026314
HUBB,Industrials,455.55,0.012142345846322788,-0.07797283104046959,-0.07267597293612416,0.07116183964611533,0.31916102107431826,46.3,1.2,-0.023734477316326164,27.00326,141.642,489.31,471.71,0.0,0.0,0.010897317243931249,0.099436157729473,54.363316270599746,-0.1839975519058358,0.2057921863936983
HUM,Health Care,379.93,-0.05247277472346612,-0.03291247049304469,1.1415191544802044,0.556394900414285,0.4717745527257918,32.5,0.55,-0.04523408722967448,36.115017,76.485,292.12,385.49,0.0,-0.15057558566905974,0.00731055390241761,0.09947684029639278,52.92919029346932,-0.18766405307851225,0.20228516088334747
HBAN,Financials,14.91,-0.10766704578689856,-0.15804473570930055,-0.0374544107476622,-0.09105195195722282,0.27194153836697993,22.1,0.84,-0.04635552209429805,11.48077,0.0,16.95,16.65,0.0,0.0,0.012117154045130384,0.09947239889695272,54.84769294765247,-0.18284874779289695,0.20708305588315773
HII,Industrials,273.4,-0.05306181511307162,-0.06604888862293579,-0.304469381740624,-0.028202798509041282,0.38312899693345787,43.2,0.8,0.035527631517046965,16.27381,55.252,344.65,293.91,0.0,0.0,0.013178173536491858,0.09943542262534087,55.271744010660065,-0.18171525480917625,0.20807160188215998
IBM,Information Technology,225.26,-0.027816107683719116,-0.24255182294250854,-0.07905935531025665,-0.19330182530047535,0.4876391072442483,31.3,0.89,-0.001130724270474448,20.004885,188.97,256.35,231.15,0.0,0.0,0.012125709684591411,0.09946914933160278,54.85125657330742,-0.18283382300535003,0.20708524237453288
IEX,Industrials,230.35,0.025555431537181095,0.026240752087104635,0.21765739039043752,0.4245838323771447,0.22062532271050478,62.8,0.65,0.001173523427990819,33.143887,47.06,210.37,229.61,0.0,0.0,0.003485007620205007,0.09944435140038413,51.39779920782638,-0.19142592112454787,0.1983959363649579
IDXX,Health Care,522.49,-0.030612813408325334,-0.07520618730441053,-0.0826266325471331,-0.15742367873957597,0.31993654882039224,62.4,0.86,0.00622035282518274,37.48135,67.971,589.79,544.31,0.0,0.0,0.007033960347570659,0.09943420072507614,52.819759733842986,-0.18785707307357857,0.20192499376871986
ITW,Industrials,258.58,-0.03282879532971705,-0.05109515781467011,0.01402799831305468,0.020276203045000774,0.21741293813675153,38.0,0.49,-0.051268236004661016,23.430706,334.853,268.66,277.27,0.0,0.0,-0.0029291876638330616,0.09947546958262636,48.82543107661302,-0.19790110804578073,0.1920427327181146
ILMN,Health Care,271.29,0.27216885601370167,0.396027406930064,1.129769307540493,1.6529435055507835,0.49142760318228884,86.0,0.78,0.004777809425636548,50.613808,89.042,161.36,217.48,-0.0974331209031663,-0.5312873728060306,0.007621256174863715,0.09957338946267968,53.05048903078736,-0.18754258717198846,0.20278509952171592
INCY,Health Care,119.48,-0.07259567478538143,0.03336358828325103,0.24546544913417545,0.3780565757903376,0.3315867801698456,45.4,0.46,-0.035616260358863006,15.2293,0.603,106.66,123.7,0.0,0.0,0.00947875402723049,0.099442527205908,53.79692413847117,-0.18542859929634917,0.20438610735081017
IR,Industrials,75.05,0.0006667073567707682,-0.06898523269468093,-0.03621164840225155,-0.10030539639108915,0.3274207644183994,58.5,1.18,-0.013538364281117099,30.999998,47.903,81.62,79.36,0.0,0.0,0.012713692843023117,0.09943809977395647,55.086827593011755,-0.18218498271393155,0.2076123683999778
PODD,Health Care,130.35,-0.12005537825965551,-0.18410845439272516,-0.3619744638773501,-0.5739754524900529,0.44503968090796586,46.3,0.28,-0.042422749931176895,24.479322,66.685,195.0,145.76,0.0,0.0,0.007195259958275832,0.09947400382384852,52.883157572556506,-0.18777378753646728,0.20216430745301894
INTC,Information Technology,118.98,0.32126705726680105,-0.026349382075217864,1.3616534342307363,2.3105205087749185,0.7718778996824565,64.3,2.98,-0.03268209317835369,35.31051,48.997,80.36,100.47,-0.034206808287340934,-0.33060982130857386,0.04267762657976746,0.09955143288951353,66.59289539178803,-0.15244318188367906,0.23779843504321396
IBKR,Financials,85.55,-0.04005834363555538,-0.10795442657690746,0.26534082766387446,0.24908336731776037,0.39432500588480374,34.7,2.0,-0.041349113630019696,33.948414,205.748,81.05,90.66,0.0,0.0,0.016977481825560255,0.09948725304084563,56.77504391312994,-0.1780175341344972,0.2119724977856177
ICE,Financials,151.52,-0.03687777585203078,0.1268907963541288,-0.06372874299022857,-0.0559329528230863,0.25225577430229457,35.4,0.25,-0.018048109041359228,21.401836,69.226,155.12,154.79,0.0,0.0,0.0016635750300225615,0.09944088669891435,50.66737081961874,-0.19324056289984956,0.1965677129598947
IFF,Materials,82.08,-0.051432066993730596,-0.003642620174885036,0.14461624296051423,0.37643182006166853,0.3549278749187152,44.4,0.73,-0.0421286090267069,20.169846,44.821,76.16,83.43,0.0,0.0,0.010467125766881876,0.09943285456805899,54.191853476643395,-0.18442126918651372,0.2053555207202775
IP,Materials,32.19,-0.1133608250759498,-0.15625912532851183,-0.05038469802395362,-0.2696325259397554,0.4430189269634729,36.3,1.25,-0.08095371351841762,20.169846,68.509,38.08,38.23,0.0,0.0,0.01785095293072598,0.09944619729732614,57.122886448168565,-0.17706359377203326,0.2127654996334852
INTU,Information Technology,278.08,-0.18912933868139925,0.026353217227404357,-0.3368326478805791,-0.5861604638063869,0.4937168929910063,28.4,0.29,0.008303339339324811,16.894289,44.34,397.52,323.29,0.0,0.0,0.01010483683519261,0.09951426558555217,54.043972826576294,-0.18494312371248964,0.20515279738287487
ISRG,Health Care,404.43,0.08752820094004776,-0.06561466344186084,-0.10538194057689543,-0.07672818741097676,0.36736543200873617,77.1,0.94,-0.0018510292056798106,46.467243,0.0,448.76,378.9,0.0,0.0,0.008779439546823382,0.09946818290916633,53.51664939564682,-0.1861781989551426,0.20373707804878938
IVZ,Financials,30.03,-0.05327864638374924,0.08626856657099258,0.2620992634159234,0.3418928991034227,0.3421820600694856,28.9,1.73,-0.02878393879212149,14.371080500000001,12.056,27.78,31.31,0.0,0.0,0.022342782781452655,0.09948746023894504,58.884655324772304,-0.17265263928687963,0.21733820484978494
INVH,Real Estate,26.27,-0.07885072950658722,-0.11505846390134233,0.050394516277133095,-0.053209672421127174,0.20760120014719313,24.9,0.09,-0.013148022931460002,24.100918,94.425,27.85,28.55,0.0,0.0,-0.0032238166106289792,0.0994637412509137,48.70717551526451,-0.19817274946241983,0.19172511624116187
IQV,Health Care,263.71,-0.0004927413758981647,0.28033203812289553,0.5220477883870271,0.29402816695132916,0.40722705507477525,52.6,0.76,-0.024632924445712634,32.84142,257.975,205.47,252.84,0.0,-0.13346303000015527,0.006290430418608992,0.0994573315201347,52.52153009143068,-0.188645939360855,0.20122680019807299
IRM,Real Estate,109.16,-0.016378859221612307,-0.05475006948414329,0.07221963722879154,0.10339235723833484,0.3258794948441263,37.1,1.1,-0.019931708080918153,77.34043,0.0,111.98,118.51,0.0,0.0,-0.0025455466016990535,0.09947469390271384,48.97922245121542,-0.19751594665101818,0.19242485344762006
JBHT,Industrials,224.74,-0.13634615156829177,-0.18946105065136165,0.04945384235606243,0.707713497217187,0.4083506701629815,17.5,0.77,-0.0031934764448795505,31.93466,38.373,243.1,261.67,0.0,0.0,0.006781854496728771,0.0994774953835948,52.71767410861376,-0.188194036455117,0.20175774544857455
JBL,Information Technology,297.07,-0.007765830833608156,-0.12149138311716035,0.10667023345606763,0.38432126884732254,0.4684967401026197,38.4,2.07,-0.06211715728856981,30.46872,248.609,300.85,317.13,0.0,0.0,0.019806545531149987,0.09948687598221506,57.890266219369146,-0.17518773139399152,0.2148008224562915
JKHY,Financials,144.06,-0.13438409494097225,-0.012270667780939215,-0.07776411193565269,-0.0002834666113499251,0.29065170706066207,26.0,-0.06,-0.0252384863454016,20.640402,3.793,158.1,157.14,0.0,0.0,0.0002775800181578345,0.09947662242166314,50.11132089030967,-0.1946965999283019,0.19525175996461758
J,Industrials,139.68,-0.05031281658381781,0.08560026109239471,0.0972045404081765,-0.07424670343156214,0.33313167497664303,45.7,0.86,0.009467352784715333,46.23179,124.734,133.08,142.95,0.0,0.0,0.0023428245923874484,0.09943075112990847,50.939915768375585,-0.19254144762223316,0.19722709680700803
JNJ,Health Care,261.67,-0.0491987153364446,0.013999848628551081,0.08818656027120375,0.4381453392753978,0.18936535610691432,39.6,-0.17,-0.03521122243929764,30.320974,57.709,241.26,265.53,0.0,0.0,-0.007041032562903878,0.09945729850865352,47.1780643225902,-0.20197733763986475,0.18789527251405702
JCI,Industrials,150.06,0.08064701693143306,0.05437288374006899,0.13481594481431203,0.3900416503706723,0.3025364255208674,58.2,1.05,-0.0009320865012845125,42.270424,70.107,137.25,145.36,0.0,0.0,0.00635213145369456,0.09943763826046403,52.54673319783632,-0.18854563953681494,0.20124990244420407
JPM,Financials,328.65,-0.0773960115370872,-0.026856589160946465,0.1263409888353253,0.07797401960416317,0.22533544220269774,22.2,0.8,-0.04200432508791174,14.091337,0.0,321.63,352.5,0.0,0.0,0.00957983899664333,0.09947954487048709,53.83586800983486,-0.18540006894951136,0.20455974694279802
KVUE,Consumer Staples,17.38,-0.0806337651236676,-0.0908223038324304,0.050046676152087466,0.1630162937799371,0.2936188003452526,44.3,0.15,-0.023589831731124722,20.447176,81.617,18.03,18.44,0.0,0.0,0.0020142980971442877,0.0994387858150812,50.80806871952538,-0.19288572210041485,0.19691431829470343
KDP,Consumer Staples,31.13,-0.03787292325235814,-0.01241825687314524,0.24769121756400048,0.2547559546589635,0.2723295876311016,49.8,0.05,-0.018600316432252795,31.449495,99.649,29.41,31.04,0.0,0.0,-0.0029913768979164088,0.09944036760906225,48.80007809205089,-0.1978944974116784,0.1919117436158456
KEY,Financials,19.65,-0.09861465239269895,-0.15329092486014217,-0.021255076786770966,0.10526831312425955,0.24013556708510025,20.3,0.84,-0.046569659960746246,11.494152,0.0,21.61,21.74,0.0,0.0,0.011002889935260182,0.09948261036443258,54.40336775551879,-0.18398302637902766,0.20598880624954805
KEYS,Information Technology,372.43,0.1581410943149597,0.16484216295391585,0.2787907225888766,1.1515597020595925,0.4468589834599998,68.9,1.85,0.02839984491356695,50.39716,42.094,300.82,332.89,0.0,-0.08806742657691419,0.018029935693968123,0.0994694469596755,57.19186586398526,-0.17693018034699584,0.2129900517349321
KMB,Consumer Staples,95.33,-0.11726665707759598,-0.14632401825780217,0.017362282385239514,-0.1868033659774495,0.27629508751252774,36.9,0.03,-0.03149444747038255,18.852766,348.933,102.7,104.68,0.0,0.0,-0.005203944291277807,0.0994850320777006,47.91413141772621,-0.20019460716357096,0.18978671858101537
KIM,Real Estate,22.06,-0.07303628607737456,-0.10893066838792154,-0.001520192427060696,0.07403109582755696,0.1777301042929351,18.4,0.1,-0.016934093541508544,25.66279,84.993,23.25,23.74,0.0,0.0,-0.004679186679382068,0.09948434760959916,48.124290498993446,-0.19966850799419644,0.19031013463543228
KMI,Energy,30.4,-0.04926490113914117,-0.03189961039626921,-0.06088131772053895,0.117204535970997,0.20756843667523672,43.5,-0.13,-0.01154470056053103,19.619356,98.619,31.42,31.46,0.0,0.0,-0.0032877853331026346,0.09944559823826365,48.681291383825084,-0.1982011578800994,0.1916255872138941
KKR,Financials,89.85,-0.1558301140366164,-0.06204304506160907,-0.011373827880196252,-0.2900581063914137,0.38388600902750974,26.3,1.51,-0.07060098352660027,28.701277,69.812,103.42,103.36,0.0,0.0,0.015951197879905517,0.09946359238778739,56.370606721149954,-0.17899744320015776,0.21089983895996878
KLAC,Information Technology,196.66,0.14164640620782754,-0.15613442387196919,0.29963329199641575,0.7514940103348979,0.6063321500800255,66.6,2.79,0.046509182515564795,53.726776,96.88,176.98,187.31,0.0,0.0,0.028882548799568586,0.09954032455398826,61.41528063127444,-0.16621648732624839,0.22398158492538556
KHC,Consumer Staples,22.08,-0.1459284881779107,-0.09637718053073285,0.0019484638370670382,-0.10250273739325722,0.2680208076489966,14.8,-0.08,-0.06580611312119489,21.773415,52.591,23.97,24.8,0.0,0.0,-0.0025435597643805067,0.09949572185246612,48.98023453090756,-0.1975551745952141,0.1924680550664531
KR,Consumer Staples,60.01,0.03074539785810848,0.0372832215579364,-0.16046927766653718,-0.0772776393902942,0.29140726004354034,54.9,-0.63,0.021620643629160163,32.437836,413.24,63.55,57.99,0.0,0.0,-0.016282199988448674,0.09955655937143994,43.50437928949295,-0.21141305635647095,0.1788486563795736
LHX,Industrials,236.87,-0.08918563454378525,-0.20999464526046518,-0.3287382485502167,-0.19858859601772128,0.2839515792588148,28.2,0.26,-0.003449902460331278,23.929798,52.753,311.11,265.55,0.0,0.0,0.0018397852990184832,0.09945228493189263,50.73796824502858,-0.19308669316749108,0.19676626376552805
LH,Health Care,307.77,-0.07203164199677303,0.08453121883050296,0.12990415596050076,0.11403661968937118,0.23971984067080576,45.5,0.28,-0.006039353915187062,25.477648,79.124,279.92,318.71,0.0,0.0,0.0007398391660094831,0.09943256815248236,50.296834735451476,-0.19414799441285593,0.1956276727448749
LRCX,Information Technology,333.26,0.15709641092628623,-0.047361394433793946,0.5283328852477875,1.344697145775981,0.6484351065570084,67.4,3.22,0.05726347133612131,56.984615,33.049,273.25,305.08,0.0,-0.06960434612442418,0.03548589277146801,0.09957358629730557,63.922146383277536,-0.1596783363712509,0.23065012191418693
LVS,Consumer Discretionary,36.51,-0.1803996336383321,-0.2112900408952667,-0.3199876952707801,-0.3190486715084473,0.34904969718018836,8.2,0.64,-0.06373430375418443,14.158915,1703.902,52.02,44.01,0.0,0.0,-0.026707433393775685,0.10122864799137973,39.595439567132274,-0.22511558345687996,0.1717007166693286
LDOS,Industrials,122.94,-0.07804395548061205,0.13446724261172038,-0.22065881011942678,-0.3510217646642815,0.3443543207140133,39.0,0.4,-0.005420258600736583,11.4789915,123.276,147.92,130.03,0.0,0.0,0.007892306687005845,0.09944221120984968,53.162914893961464,-0.1870144272842995,0.20279904065831122
LEN,Consumer Discretionary,79.71,-0.046243185074063886,-0.08510737970542259,-0.06792135587220738,-0.3657272228662035,0.3733990458158019,50.3,0.98,-0.029640963393302022,15.3593445,27.736,94.65,83.72,0.0,0.0,0.01653723514068658,0.09943804605236921,56.604228962914995,-0.17836133512195707,0.21143580540333023
LII,Industrials,354.23,-0.04927088354408715,-0.37399173182614853,-0.21602840218142694,-0.3326355969185145,0.406579530537837,39.3,1.37,-0.04868586488143578,15.735895,156.082,487.96,404.11,0.0,0.0,0.017895463787812583,0.0994473744155058,57.14037291061113,-0.17702139006657877,0.21281231764220396
LLY,Health Care,1147.97,-0.010438923014192358,-0.04203548499642196,0.2308877342435245,0.3995422103393256,0.3538499227386285,60.9,0.3,-0.02998833201442741,38.598186,162.071,1072.8,1177.07,0.0,0.0,-0.0011568486135117046,0.09945055712808065,49.53594486614053,-0.19607994058454978,0.19376624335752637
LIN,Materials,463.34,-0.046331251593088485,-0.13996553908704523,-0.07215306311147918,0.006031327679276943,0.1916272117648304,46.7,0.08,-0.013939471166348305,29.85438,68.947,485.65,480.0,0.0,0.0,-0.003513650709570218,0.09944034244818964,48.590660324662956,-0.1984167219080219,0.19138942048888147
LYV,Communication Services,166.32,-0.07386268533961615,-0.09255822444931117,0.0678972516741072,0.04685921347321842,0.3112437771074299,40.4,0.65,-0.026599159002891226,20.993814,620.214,163.54,177.37,0.0,0.0,-0.004212471991592909,0.09960978245361589,48.31338613712668,-0.19944764560068004,0.1910227016174942
LMT,Industrials,507.18,-0.04584704294392583,-0.051455371879411516,-0.17523105705357633,0.04265576903676482,0.2825380688008931,34.1,0.02,-0.023827863848229214,18.68773,234.238,562.66,555.45,0.0,0.0,-0.003015571945564692,0.09946145974074189,48.7906322074293,-0.1979600330374188,0.1919288891462894
L,Financials,104.82,-0.037773135679681435,-0.0981620509540645,-0.025495760754471464,0.04908813865570094,0.16123812754483832,24.8,-0.0,4.767461774957127e-05,12.861963,44.609,108.98,110.95,0.0,0.0,-0.0010311520171720785,0.09947526461777152,49.58646727729922,-0.19600267066800425,0.1939403666336601
LOW,Consumer Discretionary,180.34,-0.09757806423809823,-0.1891387827314025,-0.21081441732672168,-0.2578538527259522,0.2729079009083502,23.5,0.64,-0.04723162774229739,15.244294,0.0,232.27,205.44,0.0,0.0,0.009128225136957335,0.09946518512815208,53.65608285733848,-0.18582353771422075,0.2040799879881354
LULU,Consumer Discretionary,97.0,-0.19213791749362918,-0.1611898952614229,-0.37708708425630455,-0.45373657712988,0.44878999358395233,46.0,1.26,-0.04244820258851112,7.986008,44.689,146.06,112.28,0.0,0.0,0.023068773357122225,0.0994544724126808,59.171278009807594,-0.17186199257173213,0.2179995392859766
LITE,Information Technology,1060.68,0.2183562853737382,0.45049796340811965,0.28274553681160697,5.188311980820574,0.9795122054424693,64.4,2.85,0.12640217516288899,35.31051,35.987,738.07,874.29,-0.06318928837887267,-0.28710035582422244,0.04148719617486395,0.09974753306029814,66.12664697763775,-0.1540179686233204,0.23699236097304832
LYB,Materials,56.94,-0.14465977335529356,0.08604486590693994,-0.26972872706735096,0.25006262255995004,0.43159943052524913,26.3,-0.39,-0.02063984822045095,20.169846,132.759,61.89,62.08,0.0,0.0,-0.002620609973219417,0.09955066530418324,48.94993028850864,-0.19773991396941856,0.19249869402297973
MTB,Financials,212.64,-0.09699336144169768,-0.10798504472372683,0.0254474879964679,0.12004245939119462,0.21973842327303747,11.2,0.63,-0.03865456375688914,11.25675,0.0,223.77,238.19,0.0,0.0,0.007691661936500062,0.09950701263600922,53.08066346225544,-0.18734208283007803,0.20272540670307815
MPC,Energy,414.43,0.07089146655967382,0.5449265915033739,0.7257097175362297,1.1910316690430718,0.3510916997294629,59.3,-0.15,0.05314852899173883,14.383628,133.328,259.36,362.8,0.0,-0.4478842681937679,0.007548959969985217,0.09963668217358229,53.01969160738871,-0.18773893709023606,0.2028368570302065
MAR,Consumer Discretionary,352.48,0.058053657583884366,-0.06992415777476213,0.06616903161011845,0.35830894663087176,0.272366130496779,68.0,0.63,0.0012783348254175042,36.45605,0.0,348.85,351.67,0.0,0.0,0.005017000272280562,0.0994490551170444,52.011728402928824,-0.18990314775712647,0.19993714830168757
MRSH,Financials,171.57,-0.08658964920543655,-0.01250143918043256,-0.0067381474458243495,-0.13012662681491816,0.2629201012610889,37.6,-0.3,0.0026589635579588045,20.92378,145.027,177.31,183.98,0.0,0.0,-0.005268246097170103,0.09946357103430191,47.88792641833755,-0.20021684532440184,0.18968035313006162
MLM,Materials,470.83,-0.08942098227328121,-0.22088739173758587,-0.20916517477781593,-0.23639415614754744,0.2837639484732713,28.7,0.84,-0.027806914654499804,30.573578,54.945,590.97,522.4,0.0,0.0,0.006109669504317898,0.09944907776946518,52.4493672196229,-0.18881052292383385,0.20102986193246966
MRVL,Information Technology,264.15,0.27929784738594576,0.0599533557472296,1.4679940039791464,2.1554678879533675,0.7924443765016955,65.6,3.07,0.008434800337867365,87.75748,28.525,165.05,225.39,-0.02197229263048897,-0.45037499121503355,0.031784165498311215,0.09961286772613745,62.51659017795199,-0.16345705524491816,0.22702538624154062
MAS,Industrials,67.34,-0.05074719452524823,-0.16540838868587104,0.14951226994404343,-0.02317721714692411,0.35272543234328724,44.4,1.15,-0.021931767170598304,15.516128,0.0,70.08,72.2,0.0,0.0,0.01767729078839826,0.09944227500845827,57.054597469127565,-0.17722956822817992,0.21258414980497647
MA,Financials,548.28,-0.06777295262827665,0.030199113661455668,0.11491353326767739,-0.038470719074159554,0.22392597490465352,32.8,0.29,-0.03412312918894267,30.125275,439.583,532.36,570.23,0.0,0.0,-0.009473615396890359,0.09952264403505719,46.20817372618735,-0.20453799770560244,0.18559076691182175
MKC,Consumer Staples,44.95,-0.16449811523463187,-0.13190417492030249,-0.06322159684855555,-0.31520070324679783,0.3015821565315946,16.3,-0.3,-0.062369585928684246,7.803819,65.143,55.74,51.81,0.0,0.0,0.0001294663590431358,0.09951363854432525,50.051902021368434,-0.19491726518783437,0.1951761979059206
MCD,Consumer Discretionary,230.91,-0.11511786602672724,-0.1679739547440916,-0.23771417587303179,-0.2118687285857641,0.19162181844047618,21.0,0.0,-0.023636348151757414,18.75792,0.0,290.67,258.78,0.0,0.0,-0.0010452520754589594,0.09948379349384659,49.58084873937006,-0.1960334873233983,0.19394298317248035
MCK,Health Care,890.04,-0.03756033357805999,0.1361348051005431,0.008703314648540239,0.1679158610254723,0.3071383186416766,52.5,-0.26,0.027006563124382543,23.87738,0.0,846.6,875.84,0.0,0.0,-0.0007581801096954883,0.0994742089921295,49.69593407533346,-0.19572762973426933,0.19421126951487833
MDT,Health Care,86.06,-0.05878963598925624,0.04455543332414358,0.010545712016985176,-0.06225822041244711,0.23724858607970786,34.6,0.15,-0.029162896009389372,21.201971,55.365,88.78,89.17,0.0,0.0,0.0005272728922095861,0.09944549374712401,50.211523374768575,-0.1943858948521535,0.19544044063657265
MRK,Health Care,144.56,-0.041062346691078,0.14697355505924858,0.21170670864504615,0.6510023418240576,0.2972686677021443,54.1,0.2,-0.028364035860513503,115.68001,128.408,122.42,141.42,0.0,-0.030863874792107115,-0.026104064046088248,0.09955957082146691,39.658538994607156,-0.2212408228561634,0.16903269476398688
META,Communication Services,725.75,0.2251375856026947,0.20995319715957272,0.26552916120280257,0.015155679074668749,0.41870239133480647,64.4,1.46,-0.03447033774611974,27.341679,42.997,627.57,622.21,-0.016406057517963923,-0.0064424881192763905,0.01854405328544247,0.09945343763579093,57.395784116505254,-0.17638468448070774,0.2134727910515927
MET,Financials,93.13,-0.03412156168850644,0.03589403661036106,0.3351956327752743,0.1691513388016872,0.23617684047155105,29.9,0.66,-0.046775842759189,18.05814,179.933,83.63,96.28,0.0,0.0,0.0036644025103460044,0.09945396272601893,51.46957884087071,-0.1912653644326511,0.1985941694533431
MTD,Health Care,1500.8,0.0972827409209458,0.15841598804812262,0.1911658929365201,0.16357131060773478,0.32251592310589283,78.6,0.8,-0.007172692699191741,33.786526,16668.447,1317.8,1405.78,0.0,0.0,-0.35339166902937474,0.2172719195874849,5.192220874941023,-0.7792446314208452,0.07246129336209567
MGM,Consumer Discretionary,30.25,-0.26990829721537213,-0.3546288721963339,-0.17516360662359565,-0.12784663134946705,0.39172935713360896,9.2,0.86,-0.0713628772135898,18.336363,893.311,39.82,41.27,0.0,0.0,-0.00697545251369199,0.09991795343148797,47.21717262027764,-0.20281464123940843,0.18886373621202443
MCHP,Information Technology,77.07,0.05916712725097795,-0.11486850259237347,0.1877711963370643,0.23355954350892394,0.503425305081133,57.4,2.21,-0.02065065382619602,113.338234,83.688,78.76,75.56,0.0,0.0,0.0025079333597261425,0.09955229075759871,51.00491392732987,-0.19261455652516732,0.19763042324461963
MU,Information Technology,1045.46,0.09348584035854524,0.061650125349073326,1.8550153653113823,4.748767856225896,0.8140822987621382,61.0,3.35,-0.03402083320644467,14.069142,6.33,673.15,953.31,0.0,-0.40309517642232484,0.055601012391440774,0.09967705879792962,71.15134547620848,-0.13976602285250128,0.25096804763538283
MSFT,Information Technology,513.05,0.03267780103905471,0.32911219677562076,0.37935559512952954,-0.004682998866962884,0.326946178928003,60.6,0.96,-0.006034814765501717,28.577713,29.118,432.45,484.66,0.0,-0.03640233744719057,0.012054340311154207,0.0994352439160389,54.82447947311611,-0.18283873776428203,0.20694741838659045
MAA,Real Estate,116.94,-0.09073943016532426,-0.15966541354826225,-0.0411272383358926,-0.1123833261332089,0.1885694490948456,18.4,0.06,-0.011913781587611583,34.293255,102.377,131.22,128.14,0.0,0.0,-0.007601954286602033,0.09948521325479226,46.954530091070104,-0.20259297226599488,0.1873890636927908
MRNA,Health Care,193.38,0.2823022731660212,1.3641075240936829,2.930569099324403,6.006666667127379,1.9256065970042238,77.7,1.98,-0.02763476499562678,28.334026,19.036,66.79,121.06,-0.4473847708340589,-1.7454934561906725,0.055790201966604724,0.1023137286905143,70.72214435439459,-0.1447447062668033,0.25632511020001275
MDLZ,Consumer Staples,57.85,-0.06546685954225773,-0.013662359049605555,0.022780545315967737,-0.05165710164846249,0.23273328518773626,21.7,-0.23,-0.031342785552427976,21.19414,82.643,59.56,61.44,0.0,0.0,-0.0051196926498200315,0.09948245082328379,47.9478182977856,-0.20010529626345627,0.1898659109638162
MPWR,Information Technology,1339.4,0.10006763406302466,-0.0035297594310972347,0.20110611493957942,0.4722480346806732,0.546138948219795,62.1,2.54,-0.01905151015179074,81.46563,0.486,1278.79,1301.41,0.0,0.0,0.018503649611513188,0.09953185273679158,57.374108063356985,-0.1765787817525983,0.21358608097562468
MNST,Consumer Staples,42.03,-0.05369199504381317,-0.13659240707194786,0.16166915164024598,0.2467744225765811,0.26556284278235975,39.5,0.21,-0.02493622704058429,38.921295,0.992,42.34,45.56,0.0,0.0,-0.0021877965557524407,0.09944837165585912,49.122424896753934,-0.1971066050012363,0.19273101188973144
MCO,Financials,442.26,-0.09742855149872454,-0.11144269583778399,0.007854420292541242,-0.0702846587540652,0.2791330343714325,26.0,0.53,-0.05641135428374455,28.062183,240.682,471.68,481.16,0.0,0.0,-0.0009765267020104165,0.0994629052201579,49.60832480226433,-0.1959238209335199,0.19397076752949904
MS,Financials,183.81,-0.13223495796953655,-0.16784412117829273,0.12065055226556387,0.19814422582000746,0.28600534657660015,11.6,1.41,-0.06367480085301847,14.847334,517.282,193.77,209.71,0.0,0.0,0.005345871668762663,0.09963481943203996,52.13948438277194,-0.18993837441803565,0.20063011775556097
MOS,Materials,20.7,-0.19005962532607246,-0.014151848134428824,-0.19401830475398085,-0.36530283604611236,0.4518415997511113,22.5,0.76,-0.10017384972828369,20.169846,52.249,24.53,23.43,0.0,0.0,0.012348803050805712,0.09947495127015699,54.939771691684825,-0.18262210143870197,0.2073197075403134
MSI,Information Technology,444.45,-0.06957469202745203,0.05384984482498245,0.018167528344772643,-0.016025612441162518,0.26035985772476933,30.7,0.14,-0.027206252282739984,34.96853,357.85,430.15,459.45,0.0,0.0,-0.009990627451893384,0.09949539189584364,46.00082380140049,-0.2050015955677469,0.18502034066396014
MSCI,Financials,539.58,-0.03754702318754555,-0.11811967365412557,-0.0024131491975051267,-0.00952684949914917,0.2993841607577793,38.9,0.34,-0.021365294135749613,29.549837,0.0,572.91,560.12,0.0,0.0,0.003082133541747492,0.09944267687053826,51.23628665893928,-0.1918255131245075,0.19798978020800248
NDAQ,Financials,91.56,-0.04022643740881371,0.08759945874468889,0.06403964297208797,0.0674078633257078,0.2766123589756086,51.3,0.67,-0.021272105058757318,26.70408,77.687,90.68,94.7,0.0,0.0,0.005950059391302222,0.09942727781340613,52.385979245339655,-0.1889274051229738,0.20082752390557823
NTAP,Information Technology,210.18,0.16269285671417522,0.2890147321386376,1.0398487346274847,0.8047115195896675,0.44401746843324114,62.6,1.3,0.04489186703104697,29.682203,169.498,137.7,191.0,0.0,-0.37633876846708947,0.019650381953179554,0.09954584051516532,57.8242865029303,-0.17545946545654448,0.2147602293629036
NFLX,Communication Services,68.11,-0.17668922654468489,-0.10401859958553172,-0.3096239557720938,-0.41828930581564605,0.36488707759903827,28.0,0.32,-0.04269147447616406,21.421385,55.236,84.34,75.61,0.0,0.0,0.005413276276542721,0.09946128030956149,52.170210424763084,-0.18953083313019778,0.20035738568328323
NEM,Materials,114.76,-0.08118494207982418,0.1710682024070631,0.010674357253064759,0.3477180317064208,0.5010412389609635,30.1,1.63,-0.05492875032679234,14.453401,15.807,111.34,117.28,0.0,0.0,0.02522799599387651,0.09947302092616005,60.0104062640465,-0.16973912502139718,0.2201951170091502
NWSA,Communication Services,28.21,-0.07651163036098874,0.062496973820910906,0.16003770119940608,-0.018196813310634163,0.26969370518867486,39.2,0.26,-0.009828034008247277,27.38835,31.561,26.53,29.22,0.0,0.0,0.0014607083733983472,0.09943954204564734,50.58600166601529,-0.19344079403607042,0.1963622107828671
NWS,Communication Services,31.12,-0.0928909004562164,0.039760913866615955,0.11040994843240881,-0.03485150672510773,0.27607209814589506,38.2,0.3,-0.019842493252491433,30.213594,31.561,30.16,32.87,0.0,0.0,0.0011600567713359181,0.09943975326689382,50.46539254321317,-0.19374185963177598,0.1960619731744478
NEE,Utilities,75.7,-0.08904935814389225,-0.12775328924870644,-0.1752240107430394,-0.01009859755778797,0.21284397769247637,17.4,0.19,-0.004994806436208421,17.011236,161.676,87.46,82.98,0.0,0.0,-0.0019083194095417396,0.09948135634918587,49.23476856671378,-0.19689177785394604,0.19307513903486254
NKE,Consumer Discretionary,35.83,-0.06315378685998452,-0.16462776189249928,-0.17336502685969146,-0.5012638729157435,0.3628390166695918,41.8,0.7,0.002097923438865834,17.054762,74.289,49.05,38.86,0.0,0.0,0.011318381388262777,0.09943596863861291,54.53120677658162,-0.18357611714341854,0.20621287991994408
NI,Utilities,39.15,-0.04860267134479246,-0.16233065619787235,-0.16489185109190463,-0.06667006182677504,0.17560028366285702,23.3,0.16,-0.006849230228506364,20.824469,146.649,44.87,41.79,0.0,0.0,-0.0035306308297075855,0.09947197829856165,48.584302582909054,-0.1984957082948884,0.19143444663547324
NDSN,Industrials,326.88,0.035456744828487485,0.11644983827641875,0.24966034356372502,0.44801782768124965,0.21975561115019976,68.0,0.84,0.003391997493918275,33.118034,55.619,286.21,313.91,0.0,0.0,0.005644650791347575,0.09945489635090485,52.263017256249256,-0.18928694605642593,0.20057624763912107
NSC,Industrials,309.61,-0.06197354033681213,-0.0343885339636516,0.08394133483142086,0.054848248949558975,0.20579309264677206,31.0,0.24,-0.010846610267322254,26.78244,105.519,311.26,331.57,0.0,0.0,-0.002402440514671124,0.09945088210922404,49.036366629080256,-0.19732616944875023,0.192521288419408
NTRS,Financials,167.63,-0.0845707532779938,-0.07021825047706565,0.18947517269142233,0.30472141742878733,0.2513993289771335,15.0,0.93,-0.04609338782028549,14.401203,0.0,162.48,181.96,0.0,0.0,0.010842860732406957,0.0994961727218176,54.33898978294813,-0.18416963780235554,0.20585535926716944
NOC,Industrials,484.23,-0.07557938945502396,-0.11194475170774587,-0.30452222211020963,-0.18713538340511726,0.2738788994465525,28.2,0.07,-0.051496471427369905,15.383858,95.348,599.25,537.91,0.0,0.0,0.0011506660248889733,0.09945739444921226,50.461543447753996,-0.19378582709556705,0.196087159145345
NCLH,Consumer Discretionary,14.41,-0.07418110183747384,-0.2515576432737193,-0.23851031540069634,-0.40409261498122573,0.5407511823925739,43.2,1.96,-0.013347002012768505,8.736363,621.051,19.5,16.85,0.0,0.0,0.019884965822452545,0.09966864696343614,57.90683797615238,-0.17546558222588227,0.21523551387078738
NRG,Utilities,95.34,-0.14177694229185944,-0.32147774935972506,-0.3714622506275618,-0.4038778931810053,0.48363736468166957,15.5,1.39,-0.05011463854784737,24.828125,483.357,141.5,115.07,0.0,0.0,0.008712409914466528,0.09958738780287003,53.48570251117724,-0.18647887017915873,0.2039036900080918
NUE,Materials,231.4,-0.12131178031964485,0.03584909462306607,0.34823709230584177,0.729119656585729,0.32031003919368917,27.0,0.93,-0.06189145744621294,18.65698,30.512,213.91,255.14,0.0,0.0,0.011016647383905544,0.09945601830355683,54.410025049392516,-0.18391714849106583,0.2059504432588769
NVDA,Information Technology,229.21,0.02255458222785678,0.17346700995630027,0.2951063801721523,0.22711040488719147,0.3762256555365393,64.6,1.88,0.018416443234486213,29.013924,16.971,200.15,217.58,0.0,0.0,0.022805451227622453,0.09947968648246701,59.066165101544364,-0.1721747342780129,0.2177856367332578
NVR,Consumer Discretionary,6011.48,-0.049861339998768295,-0.10191437268357362,-0.09780075803281973,-0.25197599010031835,0.2727181257863722,42.8,0.56,-0.04543319879806029,15.628442,32.15,6705.31,6284.77,0.0,0.0,0.008713832657685805,0.09943495949546781,53.491600881833804,-0.1861786879534311,0.2036063532688027
NXPI,Information Technology,235.87,0.03689884525592224,-0.15535493671162737,0.22197419415427766,0.06725424427193993,0.49676230616682876,50.3,1.83,-0.009282622214676572,20.142612,93.325,245.59,232.46,0.0,0.0,0.025490639205062074,0.09946123002056768,60.11354562306339,-0.1694533716352506,0.2204346500453747
ORLY,Consumer Discretionary,84.62,-0.02702079385002565,0.004510979255092584,-0.07438192472720029,-0.19928082416519743,0.2595613703646743,45.7,0.02,-0.01741755634186315,26.866665,0.0,91.05,88.4,0.0,0.0,7.633035383030355e-05,0.09944738119371005,50.0306206177231,-0.19484053678584137,0.194993197493502
OXY,Energy,56.94,-0.0608885925974022,0.1719171465620417,-0.08741485446030173,0.2169693039413343,0.35776748346350823,36.0,-0.63,0.0014069295726117925,16.818583,34.511,53.85,58.17,0.0,0.0,-0.0032448825739728746,0.09953484086789453,48.699659759148,-0.19833317067504616,0.1918434055271004
ODFL,Industrials,174.77,-0.068413233154475,-0.1912472378865061,-0.11480638161773593,0.26300757139366393,0.3794240950361757,41.7,1.0,0.008511199184953577,33.610577,0.44,199.59,197.33,0.0,0.0,0.010881970025932214,0.09943694918509922,54.35716116939457,-0.18401445037686226,0.2057783904287267
OMC,Communication Services,74.72,-0.07664658566766858,-0.05515171095365923,0.019923505385644358,0.004831408040534946,0.3606302660977127,36.6,0.38,-0.018713106017122505,201.95946,107.744,78.37,81.23,0.0,0.0,-0.048792183718066005,0.0998903524574275,31.26129398557943,-0.2445772745346239,0.1469929070984919
ON,Information Technology,76.88,0.06275509536849122,-0.1880906354965608,0.2362068082441382,0.5900662281960656,0.632166640335989,51.3,2.67,-0.0041489281589697224,50.913906,65.055,80.18,76.69,0.0,0.0,0.028924812444676547,0.09951679136114433,61.43414800056182,-0.16612809862316635,0.22397772351251943
OKE,Energy,86.38,-0.10030210049519939,-0.00022950042023561767,0.0017826281922643794,0.24786253098991162,0.2692332136238354,19.6,-0.44,-0.025386438787385,15.181019,143.07,86.6,92.14,0.0,0.0,-0.006416455737875647,0.09950856832603838,47.42934427042994,-0.20145324965691086,0.18862033818115959
ORCL,Information Technology,135.85,-0.06789025229818824,-0.05169983529297484,-0.06542031451212327,-0.5245720723438754,0.5645880987711285,35.1,2.03,-0.009081038078412096,21.29467,251.716,163.36,143.1,0.0,0.0,0.025129249013422488,0.09950525271179482,59.96888974161999,-0.16990104630169536,0.22015954432854032
OTIS,Industrials,64.17,-0.09409855630704134,-0.12159565159174746,-0.16587388881340193,-0.2903029570671446,0.21801717921616545,30.6,0.27,-0.026918432820140725,16.502571,0.0,78.32,70.4,0.0,0.0,0.003898712002443492,0.09945768771007128,51.563441552024415,-0.19103835590929621,0.1988357799141832
PCAR,Industrials,110.41,-0.09592566084719956,-0.12074527275480007,-0.0614365312484354,0.1578819273040608,0.268375789241759,11.6,0.94,-0.008044210049553024,23.266315,72.91,120.78,125.01,0.0,0.0,0.0070691554603937255,0.09949394127083248,52.832146280789225,-0.18793896943043795,0.20207728035122538
PKG,Materials,227.34,-0.020247513374724746,-0.03205978106643581,0.12650461302001093,0.08493835988766829,0.2817417798343187,41.0,0.75,-0.04148746370585166,29.524675,94.474,226.23,241.85,0.0,0.0,0.0050376626276215156,0.09943064430049704,52.02038028175945,-0.18984640020135268,0.1999217254565957
PLTR,Information Technology,187.96,0.10914076705081377,0.41810028181674697,0.2660312092892987,0.016247661164619842,0.6054867491410618,81.0,1.94,-0.009042001130632249,159.28815,2.139,152.04,168.43,0.0,-0.08618269202878187,-0.006683958435013259,0.0997043833120493,47.327582166978225,-0.2021045497266299,0.18873663285660336
PANW,Information Technology,393.13,0.19681561049136476,0.09957208129405526,1.4087371405604512,0.9010154694457142,0.47722105628653544,72.4,1.19,0.04907406502555478,982.61255,9.337,248.23,360.25,0.0,-0.43372965805093444,-0.25951228192491915,0.1119141773090128,1.0201563244297884,-0.47886406945058424,-0.040160494399254065
PSKY,Communication Services,9.76,-0.10618946707973331,-0.028235672814750812,0.034889714154256124,-0.4737407802710193,0.5022545632086914,40.4,0.64,-0.020080302058146038,325.0,126.479,10.6,9.86,0.0,0.0,-0.07876081748314094,0.10071033181885593,21.709171226625458,-0.27615306784809857,0.11863143288181667
PH,Industrials,957.29,0.008331725024594006,-0.012500020462420491,0.05872535298070125,0.27811877538790153,0.2644003368642955,53.0,0.83,-0.021506075347750286,33.624516,56.66,944.05,987.2,0.0,0.0,0.005664979641775099,0.09943339974567993,52.27164904722055,-0.18922448385975757,0.20055444314330775
PAYX,Industrials,99.4,-0.19838708446871844,-0.04701619761821285,0.10934329735557924,-0.163147955320897,0.296088724420766,15.3,0.05,-0.019433769037453752,19.880001,124.704,103.96,117.19,0.0,0.0,-0.0013568521199881394,0.0994883527846795,49.45592736892009,-0.19635402357795997,0.19364031933798367
PYPL,Financials,52.82,-0.03145291373171699,0.17432837679138458,0.171702939969125,-0.1987843161671391,0.44012306416161573,44.8,1.12,-0.04033432383313862,10.23062,71.751,50.34,56.48,0.0,0.0,0.019760231404145904,0.09944600142723085,57.8752510910043,-0.17515393139322658,0.21467439420151838
PNR,Industrials,52.15,-0.12850933501169814,-0.3065292766296256,-0.3878152631763726,-0.522276863397729,0.3260020212542638,21.5,0.94,-0.028140110432855803,13.4407215,47.067,81.56,61.18,0.0,0.0,0.013324213983471358,0.09946701408186327,55.32813584745669,-0.18163113361698066,0.20827956158392338
PEP,Consumer Staples,126.37,-0.09109027995520957,-0.10866071334398264,-0.1779902400426241,-0.08138561755408835,0.21134392821108766,15.8,-0.24,-0.017569789710335737,16.562254,238.949,147.51,136.26,0.0,0.0,-0.00815050739938212,0.09950834544792558,46.73600249122199,-0.20318686447731626,0.18688584967855204
PFE,Health Care,28.32,-0.024293587614932166,0.21460126760154297,0.034106778738208776,0.11359034631295528,0.221764240255472,65.5,0.32,-0.012382265130506998,37.25658,74.253,26.38,27.27,0.0,0.0,-0.0013655676298019188,0.09944290937730736,49.452182617829486,-0.19627367000932433,0.1935425347497205
PCG,Utilities,12.03,-0.09342773085814737,-0.2815333710682242,-0.31796520823832564,-0.2214279967799937,0.3505994440911896,20.6,0.15,-0.02069622723650133,8.658274,189.45,16.56,15.51,0.0,0.0,0.003423531942551795,0.09948631957287418,51.372572765839365,-0.1915696544202816,0.19841671830538518
PM,Consumer Staples,187.89,-0.0002660585884232125,0.016940923229442406,0.19827768418364733,0.2103362327137075,0.279548980229967,43.8,-0.16,-0.013597209134734167,25.784637,0.0,177.59,190.05,0.0,0.0,-0.0015594124334247523,0.0994618739913653,49.374544193993856,-0.19650468545650074,0.19338586058965124
PSX,Energy,263.23,0.02788088074716044,0.49228621133838923,0.512674216661841,1.0137070890347957,0.31325616526604866,53.5,-0.25,0.029247354785251645,15.033124,62.884,182.79,239.07,0.0,-0.2900864904559636,0.004312834834757493,0.09953346575769867,51.72809607053088,-0.1907727580503319,0.1993984277198469
PNW,Utilities,93.33,-0.04158960296357095,-0.1190850256732352,-0.07484233193322598,0.09938200512891249,0.1653215575151417,36.4,-0.14,0.017331632922493068,17.913628,233.288,98.99,97.95,0.0,0.0,-0.0073331879518801334,0.0994652481628656,47.06141527746916,-0.2022850743510967,0.18761869844733645
PNC,Financials,216.02,-0.10902834317157883,-0.13995071795035663,0.0364666430685896,0.12443815477128428,0.22143355535084153,12.4,0.6,-0.042612149969741386,11.89978,0.0,227.99,242.52,0.0,0.0,0.007295234850284336,0.0995021009329213,52.92232251792913,-0.18772888297824142,0.20231935267881007
PPG,Materials,102.72,-0.07717183115891124,-0.16672952635892357,0.007678622175489647,0.01266405838495488,0.3043830830852212,39.1,1.05,-0.04464281596192565,14.737447,86.938,111.96,111.08,0.0,0.0,0.013341764108946557,0.09943905525830131,55.33660296733882,-0.18155878419732402,0.20824231241521712
PPL,Utilities,32.69,-0.04583494621907658,-0.08732047172030144,-0.14022510424605428,-0.07780146728571513,0.1789342505521116,32.5,-0.03,0.020449660285891458,19.349112,135.434,36.12,34.31,0.0,0.0,-0.004187750939042482,0.09945576784310378,48.32068325290976,-0.19912105591152587,0.19074555403344093
PFG,Financials,111.07,0.005431324952394734,-0.005645855934231059,0.25202292522452385,0.3836532341311536,0.22903688886300064,33.4,0.62,-0.032238364175866785,15.821938,35.307,101.39,113.11,0.0,0.0,0.006892303503309475,0.09945028622572463,52.7626182540487,-0.18803025749911081,0.20181486450572975
PG,Consumer Staples,144.14,-0.023706312750400915,-0.027419428736161766,0.02228542994526661,-0.03134424641272093,0.19820171432288555,46.6,-0.04,-0.014292528201838794,21.773415,64.49,147.64,145.76,0.0,0.0,-0.0021044153948424193,0.09944187508732909,49.15581075225406,-0.19701049056600742,0.1928016597763226
PGR,Financials,209.45,-0.05388927487324546,-0.09591229505902266,0.0732036436578436,-0.09495209116179304,0.267150312245844,38.8,-0.5,0.01922139634181108,10.514558,24.428,209.42,214.27,0.0,0.0,-0.0015391264888220527,0.09948611346031554,49.382830309715345,-0.1965319088710405,0.19345365589339641
PLD,Real Estate,127.96,-0.05570703287257328,-0.0800216284455526,-0.02880269266126123,0.13309136581848335,0.21379818651463098,24.8,0.46,-0.038218764353497026,28.507797,63.823,137.94,138.17,0.0,0.0,7.199639621438131e-05,0.09946254798591309,50.028877607260036,-0.19487459765617526,0.19501859044860403
PRU,Financials,111.89,-0.06635930935133083,-0.009632658331418797,0.17566847909956884,0.1439406508534049,0.2260129400507866,24.8,0.67,-0.06331101040778464,10.143926,163.891,108.75,119.54,0.0,0.0,0.005911177303192655,0.09946630434310594,52.369476958141625,-0.189042779209295,0.2008651338156803
PEG,Utilities,67.53,-0.070649886086677,-0.15657943149159104,-0.15995697770667294,-0.15397566970910803,0.18435816458718216,23.7,0.11,0.007535137393426705,16.797264,142.409,78.99,72.91,0.0,0.0,-0.0024443421333127198,0.09946959498047848,49.019747401456556,-0.19740474829505053,0.1925160640284251
PTC,Information Technology,145.45,-0.024709967397167687,0.1637462267370775,0.019593505414115864,-0.28146917972587704,0.36103897835614485,69.8,0.49,0.053033684230993305,14.107178,46.335,145.41,141.63,0.0,0.0,0.012131490292098248,0.09945847530188442,54.85407615139384,-0.1828071212995952,0.2070701018837917
PSA,Real Estate,283.49,-0.04955163871871282,-0.11605374816467018,0.03106514688133144,0.015627015805445232,0.23043636654367675,37.8,0.41,-0.015557214179731882,27.013823,109.632,299.55,307.76,0.0,0.0,0.0003705699573946798,0.09943738531255275,50.148672132915785,-0.1945267052552087,0.19526784516999807
PHM,Consumer Discretionary,113.53,-0.08020434705720292,-0.13397230546536743,-0.027879201385529462,-0.14832984990724152,0.3306608770265742,40.4,0.94,-0.05273258051971419,11.584694,19.065,124.78,124.91,0.0,0.0,0.015481431189539506,0.09944048060845773,56.18594977781155,-0.17942191080303763,0.21038477318211665
PWR,Industrials,653.4,0.06977971464032251,-0.03062116973911555,0.1656527430054946,0.5542583206332075,0.44270949558998984,51.1,1.64,0.006578159281324769,74.759735,67.78,603.33,642.4,0.0,0.0,0.005962287078260218,0.09946627726918486,52.38994038071046,-0.1889916163693421,0.20091619052586254
QCOM,Information Technology,183.34,0.08459528555435791,-0.011487372397151141,0.4591377799577476,0.12413954282095974,0.5433732005413372,50.9,2.14,-0.09224144561178926,20.967964,55.21,169.21,170.67,0.0,0.0,0.030560541046020056,0.09948274032345299,62.06522973576519,-0.1644256299879478,0.2255467120799879
DGX,Health Care,231.94,-0.0367940220019316,0.09104254417200552,0.18118798740142394,0.29626305362654115,0.24411081692241524,46.1,-0.14,-0.018534211014996083,24.62208,81.074,205.59,237.7,0.0,0.0,-0.0035883893099437664,0.0994481310581556,48.56080791583704,-0.19850672618392873,0.1913299475640412
RL,Consumer Discretionary,361.18,0.07641735486754375,-0.0860556282942353,0.043330353726888315,0.14995272540402027,0.3491434592853536,67.1,1.24,0.011439348600554178,22.75898,110.373,365.32,362.22,0.0,0.0,0.01531728004771678,0.0994468358491707,56.12049134742377,-0.1795985182166578,0.21023307831209137
RJF,Financials,157.55,-0.10457513052357115,-0.05324199516479511,0.11189595049298329,-0.04015095139445046,0.2515786359106223,17.7,0.75,-0.014511741641882736,13.735832,47.594,160.94,172.61,0.0,0.0,0.008590720439225867,0.09947812068213238,53.44090389755433,-0.1863863960977536,0.20356783697620534
RDDT,Communication Services,144.1,-0.08855154623355,-0.28258485678761236,0.059558868408203125,-0.2887462894256294,0.7097365024559478,35.8,2.02,-0.038307463792452756,33.511627,0.635,169.28,156.63,0.0,0.0,0.03031790378612613,0.09953705950585695,61.96604402201573,-0.1647747328453535,0.22541054041760578
RTX,Industrials,185.43,-0.07645186869628773,-0.07609876130601256,-0.047852011258411875,0.1254923080698931,0.2603594393158585,20.6,0.35,-0.020960936370847505,32.646126,57.02,194.87,206.79,0.0,0.0,-0.0012923212445573773,0.09946743657223292,49.481692604374096,-0.19624849692613391,0.19366385443701914
O,Real Estate,53.61,-0.12390432835531551,-0.13997334119688276,-0.11499309511984823,-0.06435085773516114,0.16542411061874182,4.8,-0.01,-0.029890476431732482,39.135036,74.722,61.86,60.36,0.0,0.0,-0.010716795597321315,0.09953823695553482,45.71306719275693,-0.20581174003016955,0.18437814883552694
REG,Real Estate,71.55,-0.04663538055283789,-0.09475731176705204,-0.05225750471991464,0.033415471454523615,0.15717629085540086,22.0,0.05,-0.022941420567567317,24.097643,71.972,76.28,75.59,0.0,0.0,-0.004706374363210318,0.09947995751507524,48.11331689177388,-0.19968709109275778,0.19027434236633717
REGN,Health Care,732.53,-0.1402591467127423,0.12860739114939057,-0.035931245229535724,0.22725827183419622,0.33510264895099384,34.5,0.5,-0.0704468747286765,18.11529,8.535,736.16,782.84,0.0,0.0,0.008395122058238455,0.09944634913864492,53.36381922490588,-0.18651972225350558,0.20330996636998247
RF,Financials,26.35,-0.11944539680880761,-0.12656520891818657,0.015362997740683726,0.04618707879333028,0.2441543166462493,9.5,0.77,-0.0458001903895735,10.71248,0.0,28.7,29.85,0.0,0.0,0.00993170672148633,0.09951033420286538,53.975074119613765,-0.18510854831612983,0.20497196175910248
RSG,Industrials,208.49,-0.06302808235659008,-0.028357753108130268,-0.06311359217882229,-0.07212015346768064,0.19264579588472242,17.8,-0.39,-0.01699675097872788,29.827612,118.798,215.23,216.98,0.0,0.0,-0.011440661729063632,0.09950214597170329,45.4230865731655,-0.20646486783360207,0.1835835443754748
RMD,Health Care,222.84,-0.03478147420248756,0.023257746492195697,0.00024115577793426546,-0.1685522591640889,0.2840492786512704,59.5,0.4,0.003783767287795614,21.344828,12.542,226.03,222.51,0.0,0.0,0.007022651707227475,0.09943846726601661,52.81511329701514,-0.1878767441341651,0.20192204754862003
RVTY,Health Care,153.37,0.17129977285450515,0.358708952516285,0.7268524384533492,0.676046658309714,0.389601569106218,87.5,1.17,0.01495595591097576,73.73558,46.225,105.75,127.14,-0.05635161856044538,-0.30028671098932413,0.003525010075274148,0.09951870242741291,51.41278123870311,-0.19153164668245515,0.19858166683300343
HOOD,Financials,111.79,0.044817327732311396,-0.049042953976871306,0.6224238198329042,-0.19660051636865383,0.7187232568858104,49.1,3.15,-0.06377720072406401,49.46018,240.279,94.38,105.19,0.0,-0.03441498803939963,0.034009021381977346,0.09958557712621531,63.36384639559148,-0.16117870978540466,0.22919675254935934
ROK,Industrials,435.0,0.02266319113319981,-0.09636135656103972,0.1990741254816375,0.26193437145901877,0.3077984888489259,56.6,1.37,0.0019578627558802797,40.76851,103.347,423.36,437.3,0.0,0.0,0.009665013789858592,0.09944749853888322,53.87110930916729,-0.18525208334635251,0.2045821109260697
ROL,Industrials,30.02,-0.15933908632283045,-0.29402585318618357,-0.43873206312368296,-0.4760692841310882,0.2764279285106796,20.6,0.09,-0.0003330079471587366,27.281818,78.015,49.94,35.41,0.0,0.0,-0.001952047810097031,0.09947322742640913,49.21717185078576,-0.19691957356585893,0.19301547794566487
ROP,Information Technology,355.88,-0.14408716522979337,-0.02052841934891858,-0.0005532257604197177,-0.2790530206080659,0.29356590613660766,24.0,0.04,-0.0074743214358241605,14.828334,60.531,370.02,390.74,0.0,0.0,0.0020608277966305657,0.09947046070079474,50.826469006650484,-0.19290127517692712,0.19702293077018823
ROST,Consumer Discretionary,233.8,0.014736285946001182,0.10830751229894253,0.06696586866160037,0.5388104223174917,0.2639233596665789,55.5,0.65,-0.009825479050506791,28.305084,70.281,217.39,237.54,0.0,0.0,0.00491533925357966,0.09943239265392328,51.971327681240844,-0.18997215034811,0.1998028288552693
RCL,Consumer Discretionary,265.23,0.004522197081567647,-0.07289912418771005,-0.019757912977883763,-0.1439371515460689,0.47846708347070366,54.0,1.58,0.09281009245367677,16.063293,224.816,287.0,280.76,0.0,0.0,0.021145455413807,0.0994653057169155,58.41771083562218,-0.17380654379134738,0.21609745461896138
SPGI,Financials,386.45,-0.10483885048733332,-0.13394368292278414,-0.04827028799923516,-0.14441358533929904,0.3078516118106587,27.8,0.34,-0.04178025315137701,23.492096,42.98,424.98,417.34,0.0,0.0,0.0035636050624103213,0.09945254381925399,51.42919276719131,-0.1913633808233275,0.19849059094814814
CRM,Information Technology,231.27,-0.09828830398167798,0.39859202380590975,0.24401979695310638,-0.010431129772457637,0.4750009204464655,36.9,0.46,-0.011751588587792683,20.775381,110.417,200.73,218.1,0.0,-0.0021300988501734563,0.008892135830223224,0.0994749814440194,53.56142833348374,-0.1860788278000548,0.20386309946050124
SNDK,Information Technology,1728.43,0.11267543874469532,-0.009172050186800562,1.463589828176111,13.270393118528172,1.1534792946817156,56.0,4.13,-0.0277702743622551,23.44788,1.277,1130.35,1536.29,0.0,-0.379104277286913,0.060787303790899326,0.10077318026402039,72.68152172407213,-0.13672812952658064,0.2583027371083793
SBAC,Real Estate,159.61,-0.14381502962089332,-0.1099785063088633,-0.20759396743637404,-0.14653980760472274,0.34308769838805747,4.3,0.1,-0.03936198330652596,17.2365,0.0,191.6,179.82,0.0,0.0,0.003125208889857656,0.09953528029484413,51.25239325700214,-0.19196394048803683,0.19821435826775213
SLB,Energy,48.38,-0.16764153737349996,0.0637806061010664,-0.011103245297729214,0.4125932232742313,0.36527024012860654,17.1,0.77,-0.0612146398515806,23.609756,47.002,50.39,52.72,0.0,0.0,0.00825267094679743,0.09947093604952674,53.306057395180936,-0.18671036371027497,0.20321570560386984
STX,Information Technology,912.61,0.12962452030399563,0.05192744877684796,1.1287447549406027,2.5741873611180166,0.7484336544834168,65.4,2.36,-0.004597391857705357,65.51436,179.88,644.6,854.75,0.0,-0.2657849677852544,0.02460007769506521,0.0995509855308078,59.75885834337531,-0.17051985394531805,0.2197200093354485
SRE,Utilities,77.81,-0.06356935865406532,-0.1558522511835494,-0.2033843257788488,-0.10199815675052037,0.2029087290283199,25.2,0.13,-0.001539878687438656,22.553621,84.663,90.15,83.7,0.0,0.0,-0.0021711236095251093,0.09946293158545033,49.12923919441386,-0.19711846951700776,0.19277622229795752
NOW,Information Technology,135.71,-0.007387320785680274,0.25738910710777807,0.33049026190065867,-0.2563264450847961,0.5738772169600435,54.0,0.65,0.0006637044677808568,82.24849,67.538,116.03,128.3,0.0,-0.01958142770858301,-0.0023236787834576326,0.09953626379155024,49.068751948308744,-0.1974147558148961,0.19276739824798084
SHW,Materials,316.71,-0.04389436541863212,-0.09076267466626253,0.0008336138888329625,-0.0630260909322039,0.2758994723655808,43.3,0.83,-0.03764817507946305,29.243767,389.958,333.33,338.4,0.0,0.0,-0.000307836190958294,0.09948775626594815,49.8765590051926,-0.19530383847221666,0.1946881660903001
SPG,Real Estate,199.82,-0.03920237017384498,-0.10240151270000242,0.08218214585846462,0.12549608132815848,0.1900090469793145,31.2,0.25,-0.024436113191275588,14.101271,503.504,203.68,213.89,0.0,0.0,-0.007643779630753813,0.09956019855152919,46.94010882342848,-0.202781768791751,0.1874942095302434
SWKS,Information Technology,85.07,0.18696807406484828,0.3740914214907758,0.5547961193315585,0.15048337079613927,0.5132635657028098,46.4,1.49,-0.04779490506040496,44.07772,11.869,65.61,73.78,-0.0030756329319868436,-0.1465428272135946,0.018546248345895324,0.09945678592167252,57.3964033148301,-0.1763890520605828,0.21348154875237346
SJM,Consumer Staples,115.64,-0.12020695951220173,0.04534954893629939,0.23619307269684997,0.10948450636532048,0.28395539041266066,32.7,-0.29,-0.04429752570538481,55.088097,120.682,108.48,122.12,0.0,0.0,-0.014830649995018246,0.09948948152018378,44.07501785051187,-0.20983003377457843,0.18016873378454196
SW,Materials,42.32,-0.0670194196345224,-0.06428779217247704,0.09935736660030581,0.021466390296398297,0.4472703950324692,45.8,1.52,-0.08812756229336538,45.021275,78.427,43.21,46.56,0.0,0.0,0.013583158275845294,0.09944172409074585,55.43242015925247,-0.18132262094201657,0.20848893749370717
SNA,Industrials,364.59,-0.04203999094551891,-0.11306980357057617,0.010328332384053729,0.08465974748710958,0.1948221691548673,29.3,0.55,-0.012486499774424509,18.793299,21.595,379.21,389.69,0.0,0.0,0.004717866239890019,0.09946246335888202,51.89161890637265,-0.19022856194351875,0.19966429442329878
SOLV,Health Care,87.16,-0.05157777785710649,0.11829613718109044,0.37108705490847793,0.1933187646439405,0.29587139866470713,48.6,0.58,-0.026145210479224912,10.655257,110.313,77.89,87.9,0.0,0.0,0.009233348943570543,0.09943031202425762,53.69936075468974,-0.18565006262397438,0.2041167605111155
SO,Utilities,83.07,-0.0593364059408199,-0.127451464359435,-0.13340775035358032,-0.09480008602937917,0.17262494319472044,25.2,-0.23,0.0022925005755645156,20.019278,182.058,92.18,89.32,0.0,0.0,-0.008173945037386943,0.09947889535360674,46.72567070629686,-0.20315257993045616,0.18680468985568227
LUV,Industrials,41.81,0.08782201335412054,-0.17337522577884934,0.12192066181763983,0.31818737313012013,0.4401680893504135,67.2,1.57,-0.02050140566409253,26.137499,97.275,43.51,42.14,0.0,0.0,0.020270919992783916,0.0994586206250445,58.07500266603407,-0.1746679764323033,0.21520981641787112
SWK,Industrials,87.19,-0.09228191237853356,-0.04981844715278971,0.2950013433685019,0.23513472151731274,0.3740678342212325,42.4,1.53,-0.04606125836092734,21.317848,58.172,83.66,94.69,0.0,0.0,0.01891597526072116,0.09944751130532908,57.54279650186971,-0.17600114689772384,0.21383309741916617
SBUX,Consumer Discretionary,94.38,-0.1156297210095164,-0.07039307244329773,0.05652892999604142,0.146782973669344,0.2762442679219705,30.8,0.55,-0.0050601239072859405,54.547688,0.0,98.66,102.27,0.0,0.0,-0.003372395350099106,0.09946097856917548,48.64757680493507,-0.19831591334568305,0.19157112264548481
STT,Financials,172.08,-0.09450637807609663,-0.02205049292321215,0.342674864243508,0.5455368981502102,0.25094449403039715,11.2,1.08,-0.05106426984580836,15.187997,0.0,154.45,186.31,0.0,0.0,0.011722278164393538,0.09951509177806059,54.68845479441937,-0.1833273017206052,0.20677185804939227
STLD,Materials,221.76,-0.10234233849180874,-0.021024583792388363,0.23640459012170512,0.5896803934957995,0.36358569166936094,33.3,1.11,-0.04863501073245058,20.169846,46.924,216.28,242.4,0.0,0.0,0.013781177267855457,0.09944408765787294,55.51098324211174,-0.18112923454157548,0.2086915890772864
STE,Health Care,209.38,-0.08824019142214878,-0.015266883047497903,-0.036857856632337316,-0.12480511458417376,0.25204467459433644,46.8,0.43,0.002177771727397415,25.565935,28.312,228.62,223.59,0.0,0.0,0.004061436704577817,0.09943303503073359,51.629064615803976,-0.19082731195566002,0.19895018536481565
SYK,Health Care,273.14,-0.12231341080096791,-0.15620680100796036,-0.17133242753413525,-0.24161429080434493,0.29616494987375586,48.1,0.15,0.006039778030036302,28.334026,64.391,331.01,311.14,0.0,0.0,0.0007523350202908581,0.099437944556171,50.30183184753368,-0.19414603630980432,0.195650706350386
SMCI,Information Technology,40.46,0.09338110846442138,0.48786687085608516,0.742252463802473,-0.22780871379095724,0.9259779026328213,51.0,3.77,-0.0648381279976481,12.414111,63.951,31.89,36.24,0.0,-0.11844145644444073,0.06215321751907253,0.09972877853970756,73.34308371730577,-0.13331518841875428,0.2576216234568994
SYF,Financials,69.86,-0.10881488513473925,-0.089400942373149,0.029616098851889205,0.016950338447021984,0.3174370838354408,25.8,1.25,-0.042226511214184526,7.165128,0.0,74.79,76.62,0.0,0.0,0.019087289039240313,0.09947445050739452,57.6082415652584,-0.17588263395525294,0.21405721203373357
SNPS,Information Technology,472.11,0.13497364917880894,0.0674814071993941,0.19236008505921998,-0.034095111474573225,0.43830147257214286,74.0,1.63,0.10887584415048224,82.23694,34.804,444.54,404.91,-0.015971385500454904,0.0,0.005309694642507649,0.09950149556614568,52.127864286947265,-0.18971323666713788,0.2003326259521532
SYY,Consumer Staples,77.29,-0.054672224852136186,-0.08239347221674975,0.09334295307301033,-0.04029298164824302,0.27244946647026147,22.4,0.17,-0.014912033935733926,21.114754,564.591,79.82,81.88,0.0,0.0,-0.01026704492577687,0.09960688807591996,45.89514645081552,-0.20549654555458,0.18496245570302625
TMUS,Communication Services,162.43,-0.132808326720241,-0.1013672538329784,-0.1844646217638779,-0.28896406847762535,0.30299853181809083,20.2,-0.35,-0.01816472077051212,16.990063,214.035,191.57,175.99,0.0,0.0,-0.006120120384879767,0.09951103766875839,47.54797406530263,-0.20116175421564622,0.18892151344588667
TROW,Financials,104.58,-0.0319431607480416,-0.11109758738007214,0.18838429881315588,0.08919820467208606,0.24128784105896425,48.1,0.9,-0.00876697026850104,10.500502,3.702,103.87,109.25,0.0,0.0,0.013737154671671968,0.09944858692884205,55.49324386768034,-0.18118207570885844,0.20865638505220238
TTWO,Communication Services,202.02,-0.06532800572342257,-0.2182191037131156,0.01075703811376405,-0.20900544596590231,0.3284534755636983,36.8,0.66,0.002879278316249012,20.993814,81.607,224.97,226.73,0.0,0.0,0.008076714358817065,0.09943380061419138,53.236930635889955,-0.18681353484499802,0.20296696356263216
TPR,Consumer Discretionary,116.97,-0.046504710137964755,-0.19297955273415401,-0.16608555793128843,0.04081759976874788,0.40813082560246705,45.5,1.08,0.02713386057086864,16.089409,571.608,138.67,130.59,0.0,0.0,0.005702342853269424,0.09958240949388973,52.28319745268889,-0.18947917975475445,0.2008838654612933
TRGP,Energy,274.85,-0.06341574965393959,0.047876163247098535,0.13557499115815275,0.6704951499952749,0.2901555892506526,31.4,-0.18,-0.010761554397440976,26.27629,515.794,247.23,281.1,0.0,0.0,-0.014159709077774675,0.09958645292980324,44.34669030842969,-0.209349156820189,0.18102973866463967
TGT,Consumer Staples,157.41,-0.036422606060306006,0.2578763578216521,0.32932209485561437,0.8373804240321581,0.3070243322745531,53.3,0.45,-0.0002540062680722599,16.325207,107.583,128.22,154.95,0.0,-0.07764652470683917,0.007320234541992082,0.09943417583891778,52.93431836163679,-0.18757075010228677,0.2022112191862709
TEL,Information Technology,215.35,0.06500661973802524,0.08016937992781425,0.03808082324447004,-0.018013208373439116,0.35257453595649163,53.9,1.59,-0.014799399169900695,21.05724,43.441,214.47,208.44,0.0,0.0,0.02042402546219869,0.09945496589770952,58.135438321904644,-0.17450770769731197,0.21535575862170933
TDY,Information Technology,610.32,0.006530810192496794,-0.0681852491316901,-0.020557503985067838,0.0612968848158455,0.2598609146446856,55.9,1.06,-0.0062362890785485625,29.498308,18.565,622.51,634.45,0.0,0.0,0.010483509578315599,0.09944513498294918,54.19787403656413,-0.1844289549882648,0.205395974144896
TER,Information Technology,409.11,0.19801864287331816,0.07838095599700634,0.3223789713023084,1.9046376384531385,0.7667775024161967,59.4,3.27,0.02693403367949232,56.367767,2.883,332.68,373.2,0.0,-0.07975059713007826,0.038913272331753256,0.09958782953365573,65.20064873792828,-0.15627887355421197,0.2341054182177185
TSLA,Consumer Discretionary,356.36,-0.0018207456269622169,-0.15105892589201775,-0.011730805150690804,-0.22439387111161735,0.45951078139204987,43.2,2.22,-0.04232619553361272,336.23587,18.373,394.23,346.61,0.0,0.0,-0.0639124666787402,0.10076117509398362,26.294365075230154,-0.2614043698629481,0.1335794365054677
TXN,Information Technology,278.62,0.09348505408216612,-0.07727662478316077,0.4443961387508275,0.5845415122048114,0.4249261951621483,62.1,1.47,0.001977875277744401,42.343464,78.036,247.72,270.14,0.0,0.0,0.013811155238294525,0.0994478078456189,55.52268912059181,-0.1811065481391185,0.20872885861570753
TPL,Energy,332.19,-0.09563869155595617,-0.17397388364091892,-0.249882798515781,0.04667919901920725,0.4835956166775482,33.6,0.4,-0.026035724901401935,42.3172,1.077,396.42,366.5,0.0,0.0,0.004127623095821911,0.09949318184089595,51.65459693102527,-0.19087901331233414,0.19913425950397795
TXT,Industrials,76.35,-0.03622807367288283,-0.1861755480539885,-0.1324749811755246,-0.10315839150533057,0.2667965083767209,23.7,0.71,-0.003133540609020713,14.3785305,52.285,89.71,83.44,0.0,0.0,0.008706636465156334,0.09946033456989006,53.487836960112055,-0.1862356192918282,0.20364889222214083
TMO,Health Care,665.24,0.09401172354876697,0.28622471238914304,0.35599493198186183,0.2578481551708418,0.30144659139402274,76.5,0.56,-0.014459273726851851,35.842674,80.575,541.81,615.71,0.0,-0.07780525697621657,0.005236949354183503,0.09945539529529795,52.099710575117385,-0.18969562542460047,0.20016952413296749
TJX,Consumer Discretionary,133.05,0.01325112729811484,-0.11790496428803743,-0.16977508732554647,-0.06684275537410878,0.21100442125384564,67.7,0.12,0.02298943217969085,24.644444,134.419,152.79,141.26,0.0,0.0,-0.0010186947679127513,0.09944570402721156,49.59134151616033,-0.1959322746612474,0.1938948851254219
TKO,Communication Services,173.27,-0.08327880191362902,-0.09524435911558582,-0.14280020486892053,-0.114385109176119,0.316773710711183,27.5,0.45,-0.05143156712451391,60.585663,59.216,196.93,187.61,0.0,0.0,-0.006477064322625692,0.09946627920435934,47.40399478023672,-0.20143097156316997,0.1884768429179186
TSCO,Consumer Discretionary,31.16,-0.10628226789548212,0.03806205877799673,-0.27829909823358123,-0.4294515023788874,0.32469805632211873,35.7,0.4,-0.034552208097347936,16.31152,248.71,40.12,33.39,0.0,0.0,0.0030862353611365587,0.09945422458262902,51.23778773685187,-0.19184404482081632,0.19801651554308944
TT,Industrials,451.72,0.03136063666097466,-0.07070863644308367,0.06262527715231192,0.06934498726419913,0.28549162828673824,57.1,1.08,-0.00598539126417208,33.66021,53.404,447.02,453.92,0.0,0.0,0.009415410557689111,0.09943854020336546,53.77177727252271,-0.18548412824090718,0.20431494935628539
TDG,Industrials,1085.82,-0.05887761968445282,-0.19337061314913784,-0.06956302802993786,-0.16526760029931997,0.27387592957813195,32.5,0.73,-0.02721735012702442,32.883705,0.0,1249.44,1181.42,0.0,0.0,0.0053693241787218515,0.09944816108376142,52.15289067885467,-0.18954907154545053,0.20028771990289423
TRV,Financials,360.6,-0.011871450157512453,0.06681865220230954,0.2359113953310803,0.32055718443938175,0.20938754409816618,30.4,-0.11,-0.006721029043564308,9.87839,27.378,319.41,371.05,0.0,0.0,0.0003634690669326002,0.09946736782357705,50.14577932329986,-0.1945925718672784,0.19531951000114361
TRMB,Information Technology,57.29,-0.030705505374134634,0.09195724863712007,-0.1201628416400432,-0.2784914302140534,0.31788495945865125,47.5,1.1,-0.009593782537851925,35.31051,28.553,62.9,58.1,0.0,0.0,0.01020359336239514,0.0994362865750067,54.08654871095449,-0.18469152832461797,0.20509871504940827
TFC,Financials,45.35,-0.10736078889228662,-0.10920871004245991,-0.01848173653381724,0.037917579353564435,0.24489567958088077,19.3,0.73,-0.048363414027600804,10.433333,0.0,49.83,50.3,0.0,0.0,0.010256929765882309,0.09948134869915227,54.105980390339035,-0.18472651368445617,0.20524037321622077
TYL,Information Technology,323.18,-0.1378974782620871,0.01308732536648649,-0.04391622422362451,-0.35458520617192035,0.41716195116578575,41.1,0.04,-0.007325643369998414,42.46846,47.906,346.73,335.3,0.0,0.0,-0.001587402465154822,0.09948408055469446,49.36346088332179,-0.19657620035235596,0.19340139542204632
TSN,Consumer Staples,50.17,-0.10105721314396598,-0.13807040043810292,-0.20988445554342805,-0.046554798201934755,0.2655470584246327,19.4,-0.07,-0.01472898717536486,30.97531,44.025,60.09,55.07,0.0,0.0,-0.004803345070119996,0.09948493997414051,48.07456970060481,-0.1997938274194354,0.1901871372791954
USB,Financials,56.31,-0.09450520882535018,-0.09536994291599632,0.08261270773144713,0.22130615041066437,0.22596603375893043,19.9,0.74,-0.04200389290412054,11.241516,0.0,57.63,61.67,0.0,0.0,0.009507709499681103,0.09948423819507761,53.80689570946294,-0.185481397362671,0.2044968163620332
UBER,Industrials,67.46,-0.11759317492001864,-0.068489356667777,-0.06096878447511589,-0.3017286134118453,0.35266286703707417,29.0,0.88,-0.031025618743104943,14.791666,51.872,74.89,73.04,0.0,0.0,0.013120268459983105,0.09944859041742295,55.24802336074347,-0.18179896875816587,0.20803950567813206
UDR,Real Estate,33.47,-0.08150377381817397,-0.1733953820345796,-0.010324748964919528,-0.04919150566749031,0.20061236720380457,26.8,0.15,-0.010933774533581686,21.16772,156.144,37.02,36.47,0.0,0.0,-0.0031052904707143136,0.09946103706929436,48.75465763613934,-0.19804892312653127,0.19183834218510265
ULTA,Consumer Discretionary,541.24,-0.01903070320413003,0.1961369354359208,0.007164211245078933,-0.026616769257265416,0.34836432109206944,46.8,0.57,-0.00726342972118732,19.70295,95.472,556.23,533.31,0.0,0.0,0.008171957777711894,0.09943051292310671,53.2751243286155,-0.18671184755157724,0.20305576310700105
UNP,Industrials,270.88,-0.06506059223669836,-0.0369896936520947,0.11785756924997393,0.17827821194521531,0.22509849033824145,27.9,0.23,-0.010628596995101547,21.933603,150.772,264.42,290.3,0.0,0.0,-0.0018921254855532052,0.09945542542301354,49.241063703049754,-0.19682475931465973,0.19304050834355332
UAL,Industrials,109.78,0.013197972545586412,-0.17147170732606132,0.19054332360125636,0.1785292214815244,0.48335167844610755,49.9,2.19,-0.036933056964384425,10.279026,201.641,109.07,115.87,0.0,0.0,0.02946190371718695,0.09949590304832263,61.64276208744375,-0.16555006625752539,0.2244738736918993
UPS,Industrials,93.82,-0.08921466120593313,-0.13364960743197873,-0.012807232984693995,0.18490886776568605,0.30038265149834614,34.6,0.76,-0.0014899892615215515,17.438662,189.9,105.07,101.79,0.0,0.0,0.00661338286937229,0.09944164017998848,52.651217785569784,-0.18829223188340513,0.20151899762214973
URI,Industrials,998.68,0.019253526253146358,-0.09027332295421997,0.3693323606618373,0.04561180520541974,0.43179087841848396,52.9,0.98,-0.04620084649215461,24.046713,166.793,945.37,1064.8,0.0,0.0,0.012156336305751265,0.09943937309179643,54.864897950886025,-0.1827448349541697,0.20705750756567226
UNH,Health Care,363.5,-0.08487641895550613,-0.12500704296587506,0.326650610310818,0.07143002993143432,0.34411020605336723,35.1,0.42,-0.03475927790218247,23.359255,69.211,356.08,392.97,0.0,0.0,0.005071117980746116,0.09944166683437275,52.03356089240303,-0.1898345490146245,0.1999767849761167
UHS,Health Care,177.14,0.05761534169200466,0.12210207366214099,0.005053296438529475,-0.12578501311354828,0.3219180994727258,53.2,0.17,-0.009616466593054374,7.296006,68.74,181.29,172.05,0.0,0.0,0.008005258662991123,0.09944697138909754,53.20793120510633,-0.18691080525964004,0.2029213225856223
VLO,Energy,403.92,0.1033488809679397,0.500022099457532,0.6691078363355984,1.4601242290977345,0.3693446296220082,56.3,-0.29,0.04324860642065653,16.837849,40.148,257.9,352.83,0.0,-0.4162175019037294,0.006871570033276748,0.09962254378134096,52.749566017869775,-0.18838861577815152,0.202131755844705
VEEV,Health Care,284.03,0.011791099829724594,0.4792459085726646,0.6325440036456913,-0.031473813949964735,0.427002858062004,75.6,0.56,0.01193532204265546,46.486088,2.041,200.67,248.9,0.0,-0.2654351793141888,0.009947003534801782,0.09953385558839008,53.980238494420426,-0.1851393534184428,0.20503336048804632
VTR,Real Estate,83.96,-0.08249649083080524,-0.08398900101424733,0.0202967080964227,0.2233864269846586,0.2219244465432088,13.1,-0.2,-0.02453664004578071,152.65454,84.928,85.86,90.46,0.0,0.0,-0.045093256691564845,0.09977125513383003,32.56465880122262,-0.24064491675387173,0.150458403370742
VLTO,Industrials,94.21,-0.02955572420829289,0.020078751052746924,0.0734683314361757,-0.10655910997223661,0.23023065587892885,51.1,0.27,-0.028856466299531536,24.280928,115.978,93.04,96.36,0.0,0.0,0.0005321113899524094,0.09943106167459964,50.213495375088044,-0.19435276949226288,0.1954169922721677
VRSN,Information Technology,284.58,-0.018537040137941663,0.10145637082656589,0.10132628757697693,0.04805404986226791,0.29187595865126303,42.1,0.04,-0.009277662471442572,30.666487,0.0,265.43,288.38,0.0,0.0,-0.0005074437203794776,0.09945219327081666,49.79644503562339,-0.19543374253118012,0.19441885509042117
VRSK,Industrials,167.66,-0.10653474695014464,-0.10477432813018372,-0.08918840643139614,-0.3213759276884862,0.358005682412347,39.4,-0.37,-0.009130745029441334,25.75499,0.0,190.54,184.32,0.0,0.0,-0.001603019650523927,0.09950342119313839,49.357323953976675,-0.19662972518907515,0.1934236858880273
VZ,Communication Services,46.03,-0.08353244908116086,0.11265972287481207,-0.038185351583706284,0.1218097234224278,0.25502037426134455,22.4,-0.3,-0.02240867171079608,11.985678,184.081,46.36,48.28,0.0,0.0,-0.004904119234263246,0.09949155548857301,48.03433715894776,-0.19990756799186632,0.19009932952333986
VRTX,Health Care,510.4,-0.0832510212905534,-0.036235638863761244,0.16341091800446716,0.2627099890805338,0.28667423855783564,45.7,0.52,-0.030008188053098128,29.95305,9.767,473.1,517.64,0.0,0.0,0.004544127358929215,0.09943439807748979,51.82252193664089,-0.19034729287295077,0.19943554759080917
VRT,Industrials,242.62,-0.054618333300830324,-0.23798323158472956,-0.0710323540161849,0.5030530222150211,0.6591175359362574,40.9,2.71,-0.04208782262115485,54.7991,70.166,263.73,261.69,0.0,0.0,0.028164497194170215,0.0995227876540199,61.14098418630217,-0.16690016660770876,0.2232291609960492
VTRS,Health Care,17.61,0.030719696538491492,0.05637571532987806,0.3301671168331439,0.8076803189075468,0.31925876057418595,69.0,0.71,-0.01205833726908967,28.334026,95.535,15.26,16.89,0.0,-0.004389318613301801,0.00708189268498155,0.09944582220609771,52.8386111887608,-0.18783191883896996,0.20199570420893306
VICI,Real Estate,22.64,-0.09907572735949477,-0.135855012040639,-0.15183027516347436,-0.26383191332702216,0.18406418542912206,24.5,0.02,-0.03700556489848983,8.777132,60.277,27.49,25.08,0.0,0.0,0.0009191383028004547,0.09947172826336535,50.368625255653996,-0.19404544909339563,0.19588372569899656
V,Financials,358.3,-0.05312389435272369,0.004796459221195981,0.19583686384464105,0.038333241062248335,0.2207655179514054,34.6,0.29,-0.024721248201989843,30.502357,67.821,337.34,368.28,0.0,0.0,-0.0015220303701707423,0.09944466262215311,49.389430719429406,-0.19643356910959084,0.19338950836924937
VST,Utilities,139.33,-0.027198007164177418,-0.11233829156882214,-0.07558125879506361,-0.3045536724385878,0.4836689988248053,33.1,1.45,0.006283367579097199,23.452862,373.28,155.21,143.69,0.0,0.0,0.013226670957400677,0.09950622719327963,55.28728802887436,-0.18180553434142738,0.20825887625622874
VMRK,Real Estate,59.92,-0.0768757543003642,-0.14314317306658997,0.004519987831416827,-0.03343631544141501,0.20792354195060583,23.0,0.15,-0.02584945855918308,22.957855,75.129,64.07,65.06,0.0,0.0,-0.001954896430330849,0.09946721160025421,49.215982209068365,-0.19691063116682908,0.1930008383061674
VMC,Materials,237.35,-0.10068956801316487,-0.21993168627640558,-0.14867524247105057,-0.2072404196413482,0.28418975613353925,31.9,0.82,-0.031204099071269087,28.01653,58.22,284.6,265.52,0.0,0.0,0.00677751251936468,0.0994430867216458,52.71687514843624,-0.1881309374550611,0.20168596249379045
WRB,Financials,68.98,0.014073671795051146,-0.02596305136255983,0.056244835656316994,-0.05974385581115482,0.22302372124027905,45.7,-0.34,0.03232570595591744,14.340958,31.527,68.9,70.1,0.0,0.0,-0.001803592999473616,0.09946027653892069,49.27660559901943,-0.19674573501575815,0.19313854901681093
GWW,Industrials,1265.81,-0.014822681431203577,-0.07435848545598056,0.13726969945167,0.35197541496631723,0.23441332018372354,44.9,0.52,0.018289483620568703,32.258026,61.977,1204.0,1303.33,0.0,0.0,0.0012667439729254762,0.09943511899191296,50.50821486957112,-0.1936260892512239,0.19615957719707486
WAB,Industrials,283.31,0.012508488011644614,0.08531026703174516,0.11829939025080694,0.4334901110667002,0.2609962508608111,50.1,0.98,-0.016284730699327232,38.0793,61.686,260.76,290.59,0.0,0.0,0.005411734107248802,0.09943978200781506,52.170061361572316,-0.1894902386280687,0.2003137068425663
WMT,Consumer Staples,104.79,-0.012253704093106665,-0.050692543424917025,-0.1633569554189479,0.036409301778076886,0.2631322202479159,43.4,-0.06,-0.029542529563196362,39.10261,71.653,118.45,108.83,0.0,0.0,-0.006279862544116017,0.09944920137328847,47.48249490801793,-0.20120029723576144,0.18864057214752938
DIS,Communication Services,101.81,-0.05714026307208531,0.04516983606475211,0.06189952313975766,-0.08557568561231899,0.2677148158498435,37.2,0.66,-0.04088557611774579,20.993814,39.404,103.95,104.12,0.0,0.0,0.007375114612449995,0.09943775990804721,52.95617053567568,-0.18752289480732254,0.20227312403222253
WBD,Communication Services,30.93,0.08964424554450345,0.1843414422665961,0.1323206373169552,0.5987079512187958,0.27122040894141214,84.6,0.5,0.002430293392984062,20.993814,94.199,27.67,28.12,0.0,0.0,0.00699971661520135,0.09947830970922175,52.80481273145722,-0.1879777704148733,0.201977203645276
WM,Industrials,203.05,-0.0688805543750064,-0.1093003910737621,-0.12991149655558398,-0.06105480773810257,0.20302389216223798,27.2,-0.39,-0.018251748401361012,28.680084,235.301,224.98,219.82,0.0,0.0,-0.012768731025596773,0.09949083175896874,44.89396467821124,-0.2077707612731755,0.18223329922198195
WAT,Health Care,432.45,0.04911449422039138,0.14134706802836594,0.4213943636767785,0.35219352310894747,0.35639588023770596,66.7,0.86,-0.0025257212693662323,109.479744,36.045,363.15,409.47,0.0,-0.04083189930922618,-0.012399545840044044,0.09952623476501878,45.04257741163297,-0.20747096597948084,0.18267187429939274
WEC,Utilities,101.15,-0.043317901122097546,-0.1251674137005757,-0.12480202655101869,-0.07417406034616758,0.16074655014421527,32.0,-0.1,-0.002957076701700978,19.99012,157.985,111.3,106.57,0.0,0.0,-0.006115438878777118,0.09946176842129473,47.54863517351479,-0.20106050498451478,0.18882962722696056
WFC,Financials,78.77,-0.1176207056664601,-0.09408540894978112,-0.011474490838857432,-0.004727297615673698,0.26873530770485365,15.1,0.76,-0.05062076070680721,11.516081,0.0,84.87,86.15,0.0,0.0,0.01062131437388446,0.09948835218858455,54.251006166121094,-0.18437585591574124,0.20561848466351018
WELL,Real Estate,228.9,-0.04061361578497735,-0.012574199162466049,0.1394676798921024,0.29484870634159677,0.22725225458666568,38.3,-0.01,-0.010675546841983907,103.1081,41.375,213.7,235.84,0.0,0.0,-0.025629686212018596,0.09954715715313113,39.841077838558036,-0.22074211423215562,0.1694827418081184
WST,Health Care,367.67,0.07309629207378454,0.028730398109618527,0.4450252637089842,0.3588608282369363,0.334103555459742,66.3,0.6,-0.007464136243965358,47.01726,10.585,301.37,351.68,0.0,-0.07002340199565452,0.003799356028876974,0.0994473532460416,51.52377621392803,-0.19111745633336458,0.1987161683911185
WDC,Information Technology,445.83,-0.006521460458413841,-0.22769975562665068,0.5123193107711879,2.420332133476634,0.7993429918697426,49.5,2.98,-0.024037544885177398,16.585875,13.436,397.38,468.59,0.0,0.0,0.0458883440020795,0.0996402037059682,67.74358269868372,-0.14940645526161817,0.24118314326577717
WY,Real Estate,18.52,-0.19381632020526884,-0.20105123852076723,-0.22817390325857023,-0.23045293802951528,0.26841318644029344,15.0,0.3,-0.07421292320667527,28.075758,57.625,24.2,23.03,0.0,0.0,-0.00029914887040198655,0.09948127294930026,49.8800347551471,-0.1952824438510305,0.1946841461102265
WSM,Consumer Discretionary,227.37,0.025482562986549384,0.01920724525427575,0.27123340588300726,0.1806034238237717,0.33344385876545507,51.3,1.23,-0.01953427726832535,23.296106,71.369,208.39,233.26,0.0,0.0,0.014435183885326417,0.0994355310874366,55.771218175611224,-0.1804584570460493,0.20932882481670212
WMB,Energy,68.66,-0.07984828351711004,-0.05028002764923467,-0.03237074009294372,0.11086637515602527,0.24116632848436867,24.2,0.01,-0.008662986653406812,27.366535,200.371,71.06,71.82,0.0,0.0,-0.006727206024254249,0.09947272553213822,47.30406245622578,-0.20169374806724516,0.18823933601873666
WTW,Financials,292.54,-0.13091382349101355,0.020358958283327233,0.020596000874314235,-0.1386759478566525,0.3040668601886997,27.4,-0.11,-0.0016106999217615492,18.112144,91.39,299.18,322.48,0.0,0.0,-0.000850430414729353,0.09947189049140372,49.65893026235017,-0.19581533577788063,0.19411447494842193
WDAY,Information Technology,183.65,-0.08572709533176914,0.3308934457980168,0.3885528619690992,-0.20912110336924117,0.5403370540257919,48.1,0.37,-0.030614954580032938,37.7268,58.39,157.58,184.66,0.0,-0.015453050590020473,0.006784077222795329,0.09951189492305323,52.71762513073719,-0.188259236826389,0.20182739127197968
WYNN,Consumer Discretionary,76.58,-0.16324295629378804,-0.199421429596899,-0.24562252243687177,-0.4145492145826706,0.33414966748854974,20.4,0.86,-0.05596647881916694,18.364508,0.0,103.6,93.08,0.0,0.0,0.01205118949430771,0.09946998397183106,54.82154830047832,-0.18290997909048118,0.20701235807909657
XEL,Utilities,70.29,-0.061626543691161606,-0.11837026578793175,-0.1157915982335892,-0.09757471977269161,0.18761845999911797,27.8,0.01,0.007020026394643386,19.263012,173.135,78.11,75.53,0.0,0.0,-0.004625610873143073,0.09946429169593553,48.145377837913415,-0.19957562259717668,0.19032440085089056
XYL,Industrials,100.06,-0.06262879606879612,-0.1589702510235822,-0.16848454345049513,-0.3139197439829645,0.2508464921309029,21.6,0.78,-0.025090100527664472,27.116623,0.0,120.38,112.26,0.0,0.0,0.006472920907458143,0.09947353111805096,52.59415801535118,-0.18849520008392173,0.20144104189883805
YUM,Consumer Discretionary,136.68,-0.09192783787345771,-0.17245574108273554,-0.11566220239197134,-0.09048129751877798,0.24450011973909128,42.5,0.04,-0.014102299373842664,19.083334,0.0,152.77,146.39,0.0,0.0,0.0019126342093855565,0.09944777355584575,50.767220409975444,-0.19300500196007211,0.19683027037884324
ZBRA,Information Technology,374.59,0.06687366342719603,0.38588177326441664,0.8467264992151697,0.2837656717783792,0.4953521280036879,68.6,1.76,0.012295934731112679,34.366055,86.23,266.09,348.48,0.0,-0.25775549053543123,0.025445327251233787,0.09950539325249419,60.09157299508618,-0.16958524352365484,0.22047589802612239
ZBH,Health Care,87.99,-0.11339902314037342,-0.017192611966310167,-0.026832387889532017,-0.10074681158224652,0.3231909262305688,37.6,0.19,-0.031010614597005492,28.334026,0.0,90.86,95.87,0.0,0.0,0.0024349621906035474,0.09945202379014474,50.976664212435054,-0.19249100443808015,0.19736092881928724
ZTS,Health Care,70.05,-0.08034653097422073,-0.0647265930910167,-0.39931212898180213,-0.5141520196760729,0.3770762634652327,35.7,0.55,-0.014074594750847935,11.427406,293.996,98.85,74.51,0.0,0.0,0.006564326203607848,0.09947051871159789,52.6308173738663,-0.18839789047112399,0.2015265428783397
