ticker,sector,price,momentum_1mo,momentum_3mo,momentum_6mo,momentum_1y,annualized_vol,rsi,beta,perf_1w,pe_ratio,debt_to_equity,ma_200,ma_50,ma50_proximity,ma200_proximity,pred_return,pred_se,prob_positive,conf_lower,conf_upper
MMM,Industrials,182.9,0.16112232691489714,0.2830337848013833,0.06962554065618498,0.22789837846985428,0.26704476396403865,78.5,0.79,0.03199231679530112,32.03152,437.937,159.79,163.56,0.0,0.0,0.005170953185106134,0.09862662490338601,52.09068001389278,-0.18813723162553045,0.1984791379957427
AOS,Industrials,63.98,0.06498069005043416,0.0984203796210339,-0.1803825428433089,-0.07382512495815585,0.26346140182364763,68.4,0.77,0.053515561081796115,17.528767,36.766,65.7,59.62,0.0,0.0,0.017073970774244784,0.09853896516010789,56.87808938970391,-0.17606240093956668,0.21021034248805623
ABT,Health Care,107.81,0.15595581134623737,0.2877008103813081,-0.014164803194997244,-0.16475924740054004,0.26547617025721637,66.6,0.04,0.006441325563107725,35.003246,63.212,107.78,94.86,0.0,0.0,0.0028362160022622155,0.09854890943970525,51.14798865695145,-0.19031964649956007,0.1959920785040845
ABBV,Health Care,246.04,-0.0011638290023734399,0.22942829082118332,0.11823392783928988,0.27563542747118763,0.2606531033314276,42.2,-0.07,0.0038351169286392484,68.91877,0.0,225.09,240.09,0.0,0.0,-0.009351797175319624,0.0985870377677308,46.221369600685534,-0.202582391200072,0.18387879684943276
ACN,Information Technology,175.72,0.2994158601819614,-0.014339342937744748,-0.25467133496512784,-0.2580631610903006,0.43404597406013234,74.6,0.21,0.06008691508165098,13.664075,25.035,209.29,152.62,-0.0013428211328855577,0.0,0.013195153524354459,0.09861491261962417,55.32215537627279,-0.18009007521010892,0.20648038225881785
ADBE,Information Technology,265.21,0.18587905642497438,0.04809515685998189,-0.011811660220807263,-0.2159813164969857,0.38437396809957186,64.3,0.3,0.0551841939972868,14.882716,61.443,274.55,229.79,-0.004147735477645964,0.0,0.013004862525055814,0.09856213261747684,55.24864313231183,-0.1801769174051988,0.20618664245531043
AMD,Information Technology,483.36,-0.13359269271711416,0.06188620742781459,1.3189406049226942,1.8037123112764757,0.7158098004314059,46.9,3.2,-0.0026411960593133443,124.89922,6.361,318.29,514.08,0.0,-0.36862201935251104,0.01750015586284752,0.09878269389726638,57.03079027710443,-0.17611392417579458,0.2111142359014896
AES,Utilities,14.73,0.008570435660221198,0.04024223587717857,-0.05978367662087303,0.2033674134329424,0.33959387658219525,69.9,0.49,0.0013595855905841336,5.516854,256.886,14.53,14.56,0.0,0.0,0.013931699547990667,0.09856357311084599,55.62022261366327,-0.17925290374926744,0.2071163028452488
AFL,Financials,124.61,0.022147460152044607,0.10747358517752548,0.07486774812757258,0.24431202905614913,0.16664765192386696,51.8,-0.16,-0.016573265640394408,13.663378,48.276,113.75,120.52,0.0,0.0,0.006592280361757878,0.09854978562280911,52.666651492565144,-0.18656529945894798,0.19974986018246374
A,Health Care,145.97,0.08697601100987185,0.264926165512277,0.13122765343243747,0.29093998390624765,0.32915949517850734,81.5,0.9,0.04413446376436059,28.398834,49.733,131.03,134.23,0.0,0.0,0.013720890100671469,0.09856279891611144,55.53577478400392,-0.17946219577490696,0.20690397597624988
APD,Materials,303.44,0.01305379654139549,0.03356342475661189,0.08519121253650597,0.07959045338008197,0.2664938990502848,59.0,0.21,0.03584351714511991,32.78361,110.091,277.25,289.47,0.0,0.0,0.004275866138066973,0.0985321451475299,51.73069259815164,-0.18884713835109165,0.19739887062722558
ABNB,Consumer Discretionary,178.07,0.19815646060148095,0.258534174930271,0.45743989916061056,0.4835458563291495,0.3490783818931688,79.6,1.1,0.18208980380847795,34.5767,33.185,133.34,143.51,-0.09082815029916028,-0.18540940847686663,0.014278608230015212,0.09859570406017153,55.75734178967691,-0.17896897172792098,0.20752618818795138
AKAM,Information Technology,110.54,-0.1240193456145281,-0.25164175823472,0.16259990309995098,0.47859815084137125,0.5762874475759959,36.9,1.09,-0.06226668229480126,42.844963,119.534,106.25,125.86,0.0,0.0,0.011637743570295848,0.09858842909570124,54.69834863410096,-0.18159557745727858,0.20487106459787027
ALB,Materials,131.11,0.04014278013556294,-0.35414365654168556,-0.19342400856700537,0.8967333628763492,0.5971030750070601,71.0,1.48,0.10445625155009242,452.10345,18.976,153.18,138.66,0.0,0.0,-0.11962187452380917,0.10111854571552949,11.840724879865789,-0.31781422412624694,0.07857047507862862
ARE,Real Estate,49.74,0.03884712967540427,0.08933612872152752,-0.08427757752292675,-0.2922475882272161,0.45593508755427387,49.2,0.74,-0.062040301274049914,32.128733499999996,68.67,51.12,50.74,0.0,0.0,0.01332450523455537,0.09854726134103863,55.37767988948217,-0.17982812699388034,0.20647713746299107
ALGN,Health Care,173.66,-0.032265218080793745,0.028913407501523825,-0.07430704684366751,0.2514232061357109,0.39830671030526577,48.7,1.43,0.004453723611425042,29.384096,2.047,167.76,174.7,0.0,0.0,0.021386693781234516,0.09853983373214327,58.590986480148345,-0.1717513803337663,0.2145247678962353
ALLE,Industrials,168.94,0.23647805316486692,0.26245758228125227,-0.052797829031991705,0.03993242481034387,0.27261719370481186,85.6,0.57,0.04749506274855375,22.112566,104.895,151.75,140.9,-0.04904324734371113,0.0,0.00893660925121315,0.09859197326721054,53.61116144530402,-0.18430365835251952,0.20217687685494581
LNT,Utilities,69.37,-0.08511110572232128,-0.025954437095911498,0.055942093852099806,0.08177912870312243,0.1627066663804626,28.8,-0.09,-0.026659099003468523,21.952532,160.951,70.32,73.17,0.0,0.0,0.00386849015527199,0.09857141309228558,51.56526944028567,-0.18933147950560775,0.19706845981615173
ALL,Financials,267.0,0.06116608780380606,0.2592380111564694,0.2997575430654278,0.32865384111609863,0.24579144817538254,61.6,-0.36,0.01644589403331831,5.509699,22.261,215.63,240.33,0.0,-0.08820373274369483,0.00979701905588151,0.09858629504413562,53.95797583011631,-0.1834321192306243,0.20302615734238733
GOOGL,Communication Services,354.3,-0.008063175267005285,-0.11548995876294632,0.09880809860337991,0.8080130516664281,0.3252599269316636,50.9,1.39,-0.0514310767326166,17.957424,18.859,329.11,356.47,0.0,0.0,0.02250009867490946,0.09855136055491942,59.029673381221045,-0.1706605680127326,0.21566076536255152
GOOG,Communication Services,353.47,-0.004393988012160954,-0.10922370099953782,0.09542523381986934,0.7968336957250193,0.3209927331771158,50.9,1.37,-0.05101081949614983,17.888157,18.859,328.3,354.68,0.0,0.0,0.022306729777926023,0.0985507446172882,58.95344810212687,-0.17085272967195886,0.2154661892278109
MO,Consumer Staples,68.35,-0.0479175706579803,0.018381696806639924,0.07851037525451843,0.1484848496502731,0.24968183803274846,28.8,-0.48,0.0013184344429262307,14.269311,0.0,65.65,71.06,0.0,0.0,0.004661773539636957,0.09861242665685131,51.885245253205966,-0.1886185827077916,0.19794212978706552
AMZN,Consumer Discretionary,274.48,0.11877400783973635,0.006601211525948392,0.3050589645672821,0.2301349212558148,0.3431103482123957,62.9,1.46,-0.03358910779650981,21.88836,45.617,236.54,247.51,0.0,-0.010412430830273767,0.023307922769282,0.09854911975183753,59.34818031089817,-0.16984835194431955,0.21646419748288356
AMCR,Materials,47.86,0.10838351718619177,0.2185640127200159,0.02337156487883374,0.022734550007662557,0.3320078551079176,70.6,0.85,0.03998261917177959,37.68504,143.74,42.19,42.52,0.0,0.0,0.009632253818100251,0.09853807453263083,53.893522704615435,-0.18350237226585617,0.2027668799020567
AEE,Utilities,108.84,-0.03630251474133561,0.004925275555568431,0.05006898452308817,0.09402995410417803,0.1705402873745535,43.9,-0.11,-0.0060274307041952024,19.061295,157.846,107.44,110.63,0.0,0.0,0.00429318997498851,0.09854838291945267,51.737413999879955,-0.18886164054713872,0.19744802049711574
AEP,Utilities,125.73,-0.07162364205445526,-0.0340350351915778,0.056659316288517836,0.14052255623981313,0.188083089431039,34.8,-0.04,-0.020183944977038126,21.677586,160.789,126.49,131.31,0.0,0.0,0.0043415934025849,0.09855573147382518,51.756858896517365,-0.18882764028611246,0.19751082709128223
AXP,Financials,340.91,-0.027582814993812987,0.0816796016732575,-0.04517914549092772,0.16905806329001583,0.2692644703878992,42.1,0.98,-0.011052441242463407,20.787195,172.38,339.65,336.5,0.0,0.0,0.016234819706865303,0.0985364108486511,56.54333983230221,-0.17689654555649084,0.20936618497022144
AIG,Financials,78.78,-0.004926100778936404,0.03854791902227439,0.039771895386532696,0.053011087878226615,0.24441011948993427,45.1,0.08,-0.00012694677134461596,14.093022,22.647,77.53,77.07,0.0,0.0,0.010638395113804096,0.09854290520446851,54.29850938451892,-0.1825056990869542,0.2037824893145624
AMT,Real Estate,172.54,0.023429604567554163,-0.013272534660653701,0.027193381678980222,-0.1466827344986964,0.26011248141047416,56.4,-0.17,-0.0026589983460530986,27.6064,438.721,178.5,174.75,0.0,0.0,-0.002817988932185399,0.09862249259489196,48.860237717166775,-0.19611807441817364,0.19048209655380283
AWK,Utilities,135.31,0.03535079218671555,0.08978748981973728,0.10353016867778742,-0.03840908795169751,0.22268792181308003,54.2,-0.47,0.030540703835743477,23.369602,137.745,131.09,130.21,0.0,0.0,-0.0005704687767472426,0.09857088097384607,49.76911757102861,-0.19376939548548555,0.19262845793199107
AMP,Financials,551.98,0.09263646191099983,0.18933003295577433,0.026481297921723934,0.12209525012466504,0.25571828570720584,68.4,0.82,-0.0001630714479583517,13.532237,67.578,478.16,492.62,0.0,-0.004392120378917813,0.0180246026148345,0.09854000949793713,57.2568267607019,-0.1751138160011223,0.21116302123079128
AME,Industrials,253.66,0.08410978841749772,0.09311670715585096,0.09716534446717251,0.4006628263830987,0.2294940217482335,71.8,0.95,0.04057102685445435,36.762318,20.522,220.88,235.56,0.0,0.0,0.011453646444406976,0.09855875918984346,54.62574790868143,-0.1817215215676862,0.20462881445650014
AMGN,Health Care,410.95,0.13087865830492285,0.24827639076899088,0.0848312253282848,0.4868362751124262,0.27287182439229407,78.7,0.47,0.08467288912631132,25.118887,490.281,346.35,361.98,0.0,-0.03653026801819928,0.0033074872596795812,0.09864871816196681,51.337320305336085,-0.19004400033777535,0.19665897485713452
APH,Information Technology,169.18,0.06362376004349901,0.32340256420004243,0.2462020632721198,0.5691678635755293,0.44268877032955417,67.7,1.72,0.0357536210899001,42.72222,120.415,143.22,157.58,0.0,-0.031265735407644324,0.018188758795945743,0.09855948083809522,57.32074313540538,-0.17498782364672089,0.2113653412386124
ADI,Information Technology,389.93,-0.0144572256007659,-0.061274193600526106,0.2239735165822152,0.7710842379825493,0.3570412553749816,58.6,1.64,0.07751184761383034,56.18588,25.81,334.65,394.94,0.0,-0.015189924723527815,0.013100298750319428,0.09856547731427817,55.28675650717388,-0.1800880367856658,0.20628863428630465
AON,Financials,358.3,0.006098232931520453,0.1481080006997717,0.052695880428804465,-0.013604140237089113,0.2515471712143677,47.4,-0.27,0.001873396809576322,19.883461,163.481,336.78,343.61,0.0,0.0,0.0026863452268526145,0.09856048212110247,51.0872146648747,-0.1904921997305082,0.19586489018421346
APA,Energy,37.63,0.13321928934150096,0.06565943117896356,0.3892389905973199,1.001152473151392,0.46198145396944534,62.2,-0.65,0.020613023006442965,7.711066,47.117,31.68,35.09,0.0,-0.03779506883924788,0.002986800957455434,0.09875585612484473,51.20638876500565,-0.19057467704724024,0.1965482789621511
APO,Financials,127.44,0.05899955392702716,-0.039208479446692146,-0.034051002483830084,-0.08243437938284681,0.3589107153663595,65.0,1.16,-0.015298993629673574,45.514286,33.091,127.06,125.33,0.0,0.0,0.01286260559033773,0.09853934110981412,55.192750504868556,-0.18027450298489794,0.2059997141655734
AAPL,Information Technology,313.33,-0.006311114758750236,0.06920309501645527,0.1286931782266545,0.4296825050364115,0.25414112129046945,40.8,0.74,0.03266090800200794,35.850113,78.445,279.41,309.79,0.0,0.0,0.009199681508826614,0.09853297469167295,53.71938085075973,-0.18392494888685237,0.2023243119045056
AMAT,Information Technology,539.14,-0.10516180141338172,0.23968916232105708,0.6758656540571102,1.9653020248905881,0.5979304715325251,52.1,2.8,0.04038901562750108,49.507805,30.399,381.16,553.11,0.0,-0.2644664560693645,0.03343614314451989,0.09863984460241174,63.26845796175606,-0.1598979522762071,0.2267702385652469
APP,Communication Services,346.8,-0.31594938601569245,-0.2598442069617466,-0.14732497356386287,-0.20702430443834896,0.7532535714299702,32.1,2.18,-0.14614933852158207,25.76523,111.13,515.1,478.5,0.0,0.0,0.032724298533972566,0.09866681054337825,62.99287723066536,-0.1606626501310488,0.22611124719899395
APTV,Consumer Discretionary,49.55,-0.18193826173496486,-0.14480496355726258,-0.3985190472313993,-0.2469605328424549,0.4353015551290282,34.1,1.26,-0.13419535849389375,20.995764,64.938,69.92,61.03,0.0,0.0,0.02314688218465274,0.0985437350085534,59.28527248646866,-0.16999883843211192,0.2162926028014174
ACGL,Financials,98.48,-0.025529331723606052,0.04989339182210273,-0.024467495452971444,0.10826021472546965,0.21370960784140572,41.9,-0.31,-0.02610758819167136,7.7726917,17.836,95.05,96.93,0.0,0.0,0.008125133610915955,0.09857062502507301,53.28474361836163,-0.18507329143822712,0.20132355866005905
ADM,Consumer Staples,76.59,-0.04750661796100386,-0.007275834175535345,0.1710545225821143,0.3654095921114535,0.26532940888962053,22.4,-0.0,-0.018831684174723473,21.157457,39.134,69.95,80.18,0.0,0.0,0.006869723136864936,0.09858274602821261,52.777774683492375,-0.1863524590784318,0.20009190535216165
ARES,Financials,136.85,0.12347105201842923,0.09488010658982504,0.07397288029281279,-0.24095420412306512,0.438453085099761,70.2,1.69,-0.012412507251145288,63.65116,168.762,134.12,124.92,0.0,0.0,0.011487396098382605,0.09858068764127433,54.63828944072695,-0.18173075167851505,0.20470554387528028
ANET,Information Technology,188.67,0.009146295430418894,0.3308174683154381,0.3722451860570033,0.35460941859937734,0.5352735270116262,63.1,2.06,0.02044458213951672,61.058254,0.0,147.03,170.55,0.0,-0.13324816775764856,0.021909540398827098,0.09858353189791669,58.79377990517127,-0.17131418212108962,0.2151332629187438
AJG,Financials,248.12,-0.019637288287237875,0.25180213005390484,0.03364109038102692,-0.13475147718292213,0.2996595677897115,45.9,-0.33,0.001331780297816998,41.70084,59.401,234.06,234.91,0.0,0.0,-0.0030024440107993314,0.0985838152562545,48.78517917736359,-0.19622672191305812,0.19022183389145947
AIZ,Financials,289.55,0.038222856985284936,0.2122647078214286,0.19898035842888162,0.4565387107923782,0.22733084564112366,62.5,0.17,0.025354909072989207,14.186673,36.211,239.18,269.61,0.0,-0.06059974419559633,0.011524053799626786,0.09854245809932605,54.65482053061987,-0.18161916407505227,0.20466727167430585
T,Communication Services,23.79,0.12588745198342144,-0.041790708356505335,-0.10206900156242205,-0.11219464904325482,0.24988941054987915,65.4,-0.36,0.008478201002364738,7.8256583,129.054,25.13,22.51,0.0,0.0,0.00603489335447775,0.09857539601100494,52.44084337387546,-0.18717288282709194,0.1992426695360474
ATO,Utilities,170.19,-0.0341089364978896,-0.053726056331336536,0.004221963719131194,0.06927015916189938,0.15868090706175883,31.1,-0.15,-0.01561684861920265,20.480145,64.588,176.25,173.28,0.0,0.0,0.005137352044299843,0.09856898009120298,52.07832060990907,-0.18805784893445798,0.1983325530230577
ADSK,Information Technology,249.08,0.1949148739632789,0.01873211382844442,0.03610652310710094,-0.1498685616126164,0.3572527200495516,69.1,0.4,0.061224467240997615,35.330494,85.419,252.24,215.95,-0.003389511843927412,0.0,0.006629678369103866,0.09854929755905853,52.68176992544791,-0.18652694484665086,0.19978630158485858
ADP,Industrials,271.32,0.12152781654182165,0.28346712566094356,0.19137820677533823,-0.08115592316885678,0.26796733639073045,62.3,-0.03,0.0057083866553864215,25.00645,91.436,235.6,240.17,0.0,-0.0016268652834669495,0.004824102186430966,0.09854656939620315,51.9521430031057,-0.1883271738301272,0.19797537820298916
AZO,Consumer Discretionary,3127.29,0.01778605641890585,-0.10551483429855357,-0.15048379338420992,-0.22979413523280945,0.2876714568487818,60.5,0.1,0.045821955420844995,21.097551,0.0,3458.41,3060.09,0.0,0.0,0.009534964679303164,0.09854918019536694,53.8538869784398,-0.18362142850361604,0.2026913578622224
AVB,Real Estate,187.55,-0.022362350750761983,0.028352557930644284,0.10112174641803073,0.03590570006675797,0.202270299262421,41.5,0.29,-0.006515498122113272,25.656635,75.129,180.05,187.36,0.0,0.0,0.008339513954806506,0.09853563936396384,53.37240123072888,-0.1847903391985626,0.20146936710817562
AVY,Materials,177.18,0.10248264124111262,0.09054782999477351,-0.06428351376260566,0.06581455361268418,0.2543738667004316,70.3,0.49,0.028501702452823574,19.05161,158.653,172.76,161.86,0.0,0.0,0.010985570141406272,0.09853784138960915,54.4384437576653,-0.18214859898222766,0.2041197392650402
AXON,Industrials,571.01,0.009208239810996055,0.41500222449953306,0.37858520747752844,-0.34439759237088907,0.5986607414401609,56.5,1.47,-0.0084566143569762,217.11406,50.363,512.49,511.14,0.0,0.0,-0.03863047692252491,0.09904642556245859,34.82594230393175,-0.23276147102494374,0.1555005171798939
BKR,Energy,61.55,0.07325274418418393,-0.033081396575248556,0.05595445805557331,0.455808902876075,0.3230538313166448,73.7,0.71,0.01589260111161006,20.180328,80.925,56.93,59.17,0.0,0.0,0.013469198402527683,0.09854608174282538,55.43578095277278,-0.17968112181341003,0.20661951861846542
BALL,Materials,63.45,0.028529780765280677,0.08822578047133356,-0.039066235359557,0.19128099988024916,0.2617073373182759,56.1,0.21,-0.026093641183786875,18.076923,131.495,57.63,60.23,0.0,0.0,0.008538826227112304,0.09853113561667011,53.4529589973075,-0.1845821995815611,0.2016598520357857
BAC,Financials,63.17,0.05865594280881914,0.23754069550718016,0.1296158287213729,0.43691147484937476,0.2151151171391682,69.6,0.75,0.011043512032079095,14.555299,0.0,53.86,58.35,0.0,-0.022872938494172046,0.017367377854837017,0.09855380460208644,56.994034790775,-0.1757980791652524,0.21053283487492644
BAX,Health Care,27.55,0.2179486390325982,0.5322021478211298,0.26911476551775837,0.18037564428103336,0.43725626210687263,76.3,1.16,-0.019572994197248228,28.898304,156.449,19.7,22.09,-0.096922263296782,-0.2487575801777792,0.01772027370337106,0.09860053727120435,57.13129489302964,-0.17553677934818945,0.21097732675493158
BDX,Health Care,176.86,0.16401209535688532,0.19190820123383356,0.08560496639556892,0.22807798069925034,0.2709113074554634,85.1,0.36,0.039069347477691974,30.651648,68.84,155.68,154.07,0.0,0.0,0.006333567132524535,0.09857225838435994,52.561562708413,-0.18686805930082095,0.19953519356587002
BRK-B,Financials,521.8,0.05689574208353143,0.09635665234339785,0.02698339182801135,0.13073436282462092,0.14462341984903082,83.0,0.06,0.01687643313192866,15.622753,17.669,491.03,495.07,0.0,0.0,0.008433299226881177,0.09858106253039703,53.40866739074029,-0.18478558333269698,0.20165218178645936
BBY,Consumer Discretionary,82.0,-0.009661872249663306,0.3988419234638696,0.19807347885500692,0.28162821181277553,0.3771758449428963,43.7,0.75,-0.038123167155425186,14.801444,134.09,70.96,79.61,0.0,-0.005637608957600709,0.016468508643869124,0.09853082263944095,56.63703206968221,-0.17665190372943515,0.20958892101717339
TECH,Health Care,72.29,0.013884962431921277,0.4975973343158002,0.08597265101499962,0.4502020063036192,0.47701076411968296,70.4,0.95,0.0020793114381483235,103.27143,13.922,59.91,64.78,0.0,-0.05665439117747442,-0.007844656030303694,0.09863074142144598,46.830330493411694,-0.2011609092163378,0.18547159715573044
BIIB,Health Care,207.94,0.044137628994810774,0.07490310530757394,0.033601799441952185,0.6277103909307731,0.35615537882741194,59.5,0.26,0.030324025840291924,36.609158,44.329,184.9,201.92,0.0,0.0,0.0034508747374442025,0.09855594327116564,51.39658607693357,-0.18971877407404045,0.19662052354892887
BLK,Financials,1136.39,0.09678512003033046,0.05343127314666041,0.0878242141520924,0.04256805306808853,0.2691329418075627,69.2,1.17,0.008663012456019414,27.024733,23.635,1053.14,1039.06,0.0,0.0,0.018391112483640972,0.09855423539219393,57.40164157076777,-0.17477518888505914,0.2115574138523411
BX,Financials,137.13,0.12542733625880875,0.11924416553344708,0.09058062533792621,-0.1488148080305257,0.3588175789699988,69.9,1.36,0.018191359817855357,29.875816,62.529,131.37,122.11,0.0,0.0,0.019937734124205807,0.09854991780794589,58.01632062405076,-0.17322010477936814,0.21309557302777973
XYZ,Financials,79.0,0.02199219768599381,0.05544424329298736,0.41147039980371036,0.02797659815963316,0.4672011733483426,49.4,1.84,-0.03764156993224721,141.07143,32.58,67.82,76.64,0.0,-0.014856715251513136,-0.010010482226259925,0.09871170582802208,45.96119840604626,-0.20348542564918318,0.18346446119666335
BNY,Financials,157.61,0.041583247266899104,0.21254658367593882,0.27787526230044746,0.5688891153734252,0.21143751271945313,53.5,0.77,0.009026912225719164,18.520563,0.0,127.59,149.36,0.0,-0.08533040726754226,0.018042453782715028,0.09854864219716951,57.2633046146853,-0.17511288492373722,0.21119779248916726
BA,Industrials,234.42,0.05461579744609546,-0.012386258989915189,-0.03542772766159852,0.031188124228141767,0.33784924647043973,66.6,1.2,0.0039830084967318324,83.423485,790.875,218.91,220.37,0.0,0.0,-0.011504358470144773,0.09891148566249994,45.370357620752614,-0.20537087036864465,0.1823621534283551
BKNG,Consumer Discretionary,214.42,0.20197319862420282,0.295480302188996,0.20844284632326593,-0.004835801645450166,0.35988321799834216,76.7,0.82,0.11265627470665174,23.031149,0.0,185.41,179.0,-0.04786136777895042,-0.006472276103499097,0.014099077355262848,0.09858270723699215,55.68619200983448,-0.17912302882924175,0.20732118353976747
BSX,Health Care,49.31,0.10140721172898837,-0.08566658456779896,-0.35348100768831336,-0.5210761284794201,0.3617642070444886,77.8,0.15,0.018170577381168895,19.963564,50.151,71.93,45.9,0.0,0.0,0.010448165618067166,0.09858869083284079,54.219982810815246,-0.18278566841430077,0.2036819996504351
BMY,Health Care,64.72,0.1240013748279809,0.16543052613617726,0.06671136562074098,0.4952925407588482,0.2716112543224715,71.9,0.21,-0.011455628318559286,14.131005,201.859,56.1,58.44,0.0,-0.0037416153755520376,0.007670351917841644,0.09855629693638471,53.10172100317547,-0.18549999007747237,0.20084069391315568
AVGO,Information Technology,427.76,0.0694802321676804,-0.003634851497816838,0.2896062548043372,0.4185352052638913,0.475982164152444,73.6,2.17,0.09058460032150717,69.89543,74.018,367.59,394.83,0.0,-0.013689572063684097,0.015007445908172844,0.09861806038580044,56.047651426815506,-0.178283952447996,0.2082988442643417
BR,Industrials,166.5,0.12904318588033803,0.12125912791285542,-0.07344394242548546,-0.3623344715976806,0.2753962280588976,66.9,0.11,0.058217896754224396,17.14727,123.939,181.92,148.45,0.0,0.0,0.009191460354713623,0.09854531639878672,53.715602669140395,-0.18395735978690833,0.2023402804963356
BRO,Financials,71.43,0.05571972271674097,0.26907702760631724,-0.02901332119782296,-0.22096616782563105,0.30084629950458075,56.2,-0.35,-0.004875988855854385,22.748407,63.975,70.44,64.77,0.0,0.0,0.0029764592842183558,0.09858162297696359,51.20433710730295,-0.19024352175063028,0.196196440319067
BF-B,Consumer Staples,28.52,0.0897974923430922,0.03932868822052216,-0.014121175182641554,-0.048355574676944735,0.3878417846994432,63.9,-0.03,0.0255304209081626,18.519482,64.95,27.23,26.64,0.0,0.0,0.007742715453961303,0.09859111031943119,53.12982006454489,-0.18549586077212382,0.20098129168004641
BLDR,Industrials,74.69,-0.01321178448599114,-0.03501290737787077,-0.39969455440766477,-0.4309766450773663,0.5059199739684067,53.2,1.74,0.030491155934269765,78.621056,130.786,94.52,76.51,0.0,0.0,0.008932500073882774,0.09858101304696716,53.609905729565924,-0.18428628549817286,0.2021512856459384
BG,Consumer Staples,108.38,-0.05195943367095002,-0.12732759913931802,-0.05352876368279402,0.346606061611453,0.31512400286206904,28.9,0.02,0.028273203836789218,23.458874,97.995,112.27,116.51,0.0,0.0,0.005541832574459783,0.09857157452593802,52.24172859500633,-0.18765845349637875,0.1987421186452983
BXP,Real Estate,69.71,0.04325051485853715,0.18534789078280456,0.10336606489310318,0.10846563221525485,0.2806021104989056,56.9,0.69,-0.009941834131922067,37.07979,211.631,63.9,66.49,0.0,0.0,0.006790539371528768,0.0985309997730424,52.74724735995415,-0.18633022018363435,0.19991129892669188
CHRW,Industrials,149.35,-0.22816534313428616,-0.12561131618348598,-0.25034106035841586,0.2876562209340723,0.43881708858756463,20.3,0.65,0.015986436078337496,28.019701,121.188,172.41,183.13,0.0,0.0,0.011796081559884064,0.09857896653843082,54.76242479106222,-0.18141869285544032,0.20501085597520846
CDNS,Information Technology,339.24,-0.1169534883591613,-0.06468161340801148,0.19652935729345056,-0.04258740978676112,0.3940984839019753,55.5,1.59,0.00919231412760979,67.17623,38.661,327.93,368.38,0.0,0.0,0.010793392282267543,0.09856051444201064,54.36011267859059,-0.1823852160240733,0.2039720005886084
CPT,Real Estate,111.93,-0.009118261222068824,0.08851922203266827,0.0709257340123286,0.08899407688440975,0.19856598241223242,47.1,0.1,0.010928459818752234,36.459286,125.648,106.76,112.19,0.0,0.0,0.0015063492822195157,0.09853833949480591,50.6098367556512,-0.19162879612760006,0.1946414946920391
COF,Financials,217.76,0.08058748456762665,0.15418379036748608,-0.014625688620447441,0.06597589574542395,0.32322345456543283,62.9,1.34,0.00036752036818499256,12.117974,0.0,207.6,200.3,0.0,0.0,0.025959020855427506,0.0985549670719514,60.387745701916884,-0.16720871460559722,0.21912675631645223
CAH,Health Care,236.4,0.00254449040272009,0.29003326771051996,0.04934997062469493,0.5569944710737613,0.30561261531763145,62.0,-0.13,0.003395533838047804,36.257668,0.0,210.72,225.11,0.0,0.0,-0.0002863973557114866,0.09857967668411419,49.884097962882365,-0.19350256365657528,0.19292976894515232
CCL,Consumer Discretionary,28.99,0.08616595101761848,0.11146042102395048,-0.13339641284906356,0.015369113653720623,0.4770613977952086,70.5,2.09,0.013981692554736469,12.941964,201.556,27.97,27.73,0.0,0.0,0.03177122867365427,0.09861031355784994,62.63455116066827,-0.1615049858997316,0.22504744324704012
CARR,Industrials,64.01,-0.0735479711884992,-0.03875229071894348,0.008588896579269756,-0.020577297626435453,0.36087948670070985,43.2,1.27,0.013297514510584696,45.72143,91.998,61.08,68.08,0.0,0.0,0.013475234331201869,0.09853272251376395,55.43893447428076,-0.17964890179577547,0.20659937045817922
CVNA,Consumer Discretionary,70.85,0.07625697255712782,-0.09096745888114743,-0.12242676621463666,-0.00978343183480157,0.6051114429273646,61.4,2.33,0.07137458667381336,36.147957,110.88,72.3,66.75,0.0,0.0,0.029108518534307754,0.09861110621564245,61.60737166875371,-0.16416924964835145,0.22238628671696697
CASY,Consumer Staples,833.95,0.01798587844014654,-0.02898772987605369,0.2636621761836293,0.614674693575554,0.328838590427389,35.9,-0.1,-0.030707699083064477,43.480186,73.514,699.02,826.67,0.0,-0.04302347322400343,-0.0017108325977193525,0.09858173947506926,49.30769207054159,-0.1949310419688551,0.19150937677341642
CAT,Industrials,842.19,-0.11408702356171985,-0.05983356901471826,0.16408521290360456,1.0372339180781456,0.39478060828622075,45.9,1.77,0.014650040017024413,36.905785,232.783,746.2,915.65,0.0,0.0,0.01701815628631773,0.09857523033539242,56.85333081962298,-0.17618929517105142,0.21022560774368687
CBOE,Financials,286.58,0.06904904965985192,-0.17609408895196188,0.05315258200140471,0.15386684393285188,0.3228634474790744,54.4,-0.36,-0.0377732280401869,22.319313,28.09,280.23,277.79,0.0,0.0,0.0026470637244623714,0.09859619771186381,51.07093256615377,-0.1906014837907907,0.19589561123971547
CBRE,Real Estate,148.18,0.061993793249913276,0.012642594283996944,-0.12665766325856764,-0.04003633007342622,0.31118306813874236,66.8,0.8,-0.0016842957106794065,33.753986,117.789,147.8,137.66,0.0,0.0,0.010938808547323748,0.0985302199820974,54.41996901711173,-0.18218042261758718,0.20405803971223466
CDW,Information Technology,135.81,-0.05942241060546605,0.3037052530988187,-0.03727121323843974,-0.14483150898482633,0.43571464139455224,55.6,0.68,-0.08050101310303337,17.08302,263.278,132.63,135.58,0.0,0.0,0.013922934045263223,0.09856220859427936,55.616787207540774,-0.1792589947995243,0.20710486289005078
COR,Health Care,320.46,0.05609012943821878,0.2302669701865523,-0.1043898389232174,0.15976762751130513,0.31046026715455166,64.0,-0.2,0.03920613720312227,24.149208,446.516,324.39,293.14,0.0,0.0,-0.002956002248695855,0.09864660561400718,48.80472540439933,-0.19630334925214993,0.19039134475475822
CNC,Health Care,65.77,-0.02345956743654265,0.17530374766063472,0.7100883569604539,1.603721142007994,0.49205448129665746,49.8,0.34,0.03152444125542542,28.898304,71.082,47.33,64.29,0.0,-0.23967676634574162,0.011377437028469923,0.09861864279587806,54.59232848764588,-0.1819151028514511,0.20466997690839092
CNP,Utilities,40.68,-0.06568673748767928,-0.01958969383099185,0.0269243628727025,0.07012390496625365,0.16696616555600147,31.5,-0.16,-0.029580103004110625,24.214287,210.256,41.41,43.0,0.0,0.0,0.0015386371776370687,0.09857366105121673,50.62268408529938,-0.1916657384827477,0.19474301283802187
CF,Materials,114.35,-0.021980839335206448,-0.001766213982894782,0.24600383974557327,0.40913476802665727,0.42270437027137375,36.1,-0.88,-0.0333897250696481,8.656321,40.504,103.92,114.5,0.0,0.0,0.0011773573023093956,0.09876075781927102,50.47558007072788,-0.1923937280234618,0.19474844262808058
CRL,Health Care,267.49,0.14600910859673655,0.5059677828382689,0.41372010328653874,0.7858859154387203,0.4559760067466304,80.3,1.28,0.15861738593878139,28.898304,105.047,189.11,213.77,-0.10131798397080868,-0.2644516374774174,0.018390809572877503,0.09860308353744944,57.397896675789404,-0.1748712341605234,0.2116528533062784
SCHW,Financials,107.6,0.043444488054841024,0.21430987171837446,0.031126337614611588,0.1351694083758197,0.2521185865533271,67.6,0.47,0.016340754535353108,19.599272,74.052,95.88,96.96,0.0,0.0,0.011753541106379183,0.09853393755252786,54.74748964065692,-0.1813729764965754,0.2048800587093338
CHTR,Communication Services,152.57,0.16706197743781437,-0.014787506632488956,-0.3399238222415104,-0.41042581326256355,0.4813386019495275,71.0,0.26,0.05877863193578636,4.0969386,441.578,189.65,136.86,0.0,0.0,0.011225371310099602,0.09869879398324422,54.527552046238355,-0.18222426489705906,0.20467500751725826
CVX,Energy,186.56,0.057596394635203385,0.036607965038972345,0.05114696916067696,0.26908875610909533,0.2308300573363044,45.8,-0.44,-0.03426853384500328,18.21875,23.989,176.29,182.85,0.0,0.0,0.0026175258624636694,0.0985795875299537,51.05916353678055,-0.19059846569624558,0.19583351742117291
CMG,Consumer Discretionary,32.79,-0.06978720807014627,0.009233586382341619,-0.16755518091872712,-0.2319043811115915,0.41184592503076656,48.9,0.76,-0.12466626489804289,31.228573,246.35,34.75,32.97,0.0,0.0,0.010717395180310762,0.09854465108685585,54.3302282391002,-0.18243012094992672,0.20386491131054824
CB,Financials,350.31,0.0071299516489871095,0.0993710988177241,0.06487100254460487,0.30867906270008194,0.19355723199644845,48.2,-0.35,0.005973025031283941,12.54692,30.941,320.48,339.96,0.0,0.0,0.005081230391837694,0.0985658372225583,52.05570224568113,-0.18810781056437656,0.19827027134805195
CHD,Consumer Staples,103.24,0.0713988917584012,0.10848719894976155,0.03349298704425108,0.12914128049761442,0.22873382268929532,66.3,-0.1,0.03229672691276675,33.089745,55.851,93.42,97.7,0.0,0.0,0.0009967512830050622,0.09855379116992508,50.40347453518604,-0.1921686794100481,0.1941621819760582
CIEN,Information Technology,412.39,-0.10490099506036776,-0.2476144830969883,0.5199395677283931,3.3327381101722082,0.7194833378406331,57.4,2.63,0.055353680884044465,135.20984,54.649,357.15,445.84,0.0,-0.004671340067840174,-0.008050887351443138,0.0988795272421121,46.75535046599728,-0.20185476074598285,0.1857529860430966
CI,Health Care,282.49,-0.037381590472725046,-0.013652773219560266,-0.021768807842054816,0.06549185102871768,0.32412060412461924,49.1,0.21,0.0015244723800011961,11.390726,74.29,279.38,285.65,0.0,0.0,0.012440549114751865,0.09854248975110483,55.02312151176065,-0.18070273079741359,0.20558382902691733
CINF,Financials,176.86,-0.013498428075763513,0.10111002125613044,0.036078388606147094,0.1937795568841405,0.20964871941946805,43.2,0.02,-0.006571915839845399,8.454111,5.255,166.06,175.08,0.0,0.0,0.011581380719614546,0.09855135421253333,54.67744966485421,-0.1815792735369508,0.20474203497617988
CTAS,Industrials,203.05,0.13031620876000938,0.21939325974074286,0.041866447150845865,-0.08246660525913518,0.23220612176136804,51.8,0.19,-0.004705609925625298,41.186615,52.646,185.3,186.07,0.0,0.0,0.0026356223878200207,0.09853516495647217,51.06696511877821,-0.19049330092686542,0.19576454570250548
CSCO,Information Technology,121.43,0.0009892238809423581,0.26213382744213365,0.4447619811847756,0.7731670126049581,0.32938497178810394,78.4,1.05,0.04807526036148291,40.342194,67.541,90.78,117.65,0.0,-0.18766848564290303,0.015243481115207316,0.09857041665885136,56.14496401529193,-0.17795453553614132,0.20844149776655596
C,Financials,135.0,-0.036249886848118584,0.08073574991177468,0.11115995254621991,0.5110806793215734,0.29281272781593537,62.2,1.39,0.010705941434218769,14.423078,0.0,119.72,135.52,0.0,0.0,0.024393355707032875,0.09856374526070723,59.773475656153295,-0.16879158500395328,0.21757829641801904
CFG,Financials,72.67,0.039832508945559786,0.14768262443211566,0.08144462805976382,0.6049770623129476,0.2664903500653286,57.9,1.01,-0.0004126379718865092,15.7635565,0.0,62.01,68.81,0.0,-0.02196915124474863,0.01994401779826381,0.09854298305970102,58.01936943334807,-0.1732002289987502,0.2130882645952778
CLX,Consumer Staples,105.15,0.08896027531558959,0.1409504920528799,-0.10794686084142391,-0.1284155560973096,0.3017271926450208,67.8,0.2,0.07012008182226515,21.997908,2190.476,103.87,96.27,0.0,0.0,-0.024208462414353996,0.1013899631261168,40.56435696283231,-0.22293279014154294,0.17451586531283492
CME,Financials,263.66,0.09734881164410636,-0.057681641950237506,-0.10225057418544536,-0.025030864127871144,0.23401117477473363,69.9,-0.35,-0.009430099706954631,22.420069,14.587,278.5,250.39,0.0,0.0,0.0026858650837698838,0.09858058129856086,51.086798816852685,-0.1905320742614094,0.19590380442894917
CMS,Utilities,71.03,-0.05035511552717131,-0.013865452268718381,-0.0019309489565672022,-0.009973591622310596,0.16820695074802797,40.4,-0.16,-0.0019064461637207097,21.394579,185.604,73.98,73.29,0.0,0.0,0.0028804482662472958,0.09855628444749673,51.16579985961385,-0.1902898692508463,0.19605076578334085
KO,Consumer Staples,87.05,0.04263990033629095,0.11721538875652149,0.11621467077745451,0.27098288646043,0.18585852567789785,70.0,-0.29,0.002187456137130228,26.141142,115.519,76.56,82.45,0.0,0.0,-0.0004868030464235123,0.09856482708466162,49.802966703587344,-0.1936738641323603,0.19270025803951327
CTSH,Information Technology,57.67,0.35470985629245844,0.12377408830303227,-0.24270657998494616,-0.14802763940018904,0.3950322645931992,80.3,0.18,0.04531448401256655,12.218221,14.479,63.8,47.98,-0.05196913420813504,0.0,0.010205960251771014,0.09864259718665355,54.12026503865949,-0.18313353023406995,0.20354545073761196
COHR,Information Technology,379.13,0.16835132475442993,0.13085364743578065,0.6651880581474618,2.330961218584969,0.8321600701428252,66.4,3.39,0.3157839439461152,158.63179,31.093,260.35,342.98,0.0,-0.30621747154748025,0.004933642881384834,0.09888602374971946,51.98958599449636,-0.18888296366806528,0.19875024943083497
COIN,Financials,153.6,-0.034387382717309456,-0.23642869702110758,-0.06976737738815952,-0.5057755980552568,0.6772735388888131,46.2,2.88,0.04846420548474839,15.936193,50.982,207.72,160.8,0.0,0.0,0.045097963522638174,0.09868173679345836,67.61659697072572,-0.1483182405925402,0.23851416763781655
CL,Consumer Staples,93.27,0.016963414111693886,0.07144137354586255,-0.0002365068236552803,0.12858401402554764,0.22583704101222565,54.4,-0.17,0.03771695030308342,36.57647,1388.163,86.39,90.71,0.0,0.0,-0.0214906182349903,0.0996394507664137,41.461710367070545,-0.21678394173716115,0.17380270526718056
CMCSA,Communication Services,25.36,0.07594403643205871,0.012028930935661153,-0.17104128775437777,-0.1042005262574579,0.30604415230152915,60.4,0.13,0.03257333720705291,8.076433,100.474,26.91,23.61,0.0,0.0,0.012347860052809332,0.09854691586437327,54.985669875117274,-0.18080409504136227,0.20549981514698093
FIX,Industrials,1694.55,-0.03504371540750806,-0.13171474053247678,0.3786474297482667,1.4456756430825326,0.5531723138867943,48.9,2.53,-0.04314604157901214,42.194973,45.489,1420.69,1806.51,0.0,-0.042762499125867076,0.0275834157346937,0.09861471623546532,61.01495827332567,-0.16570142808681831,0.2208682595562057
COP,Energy,117.61,0.07859500754648141,0.04052023250922643,0.10951584981719886,0.3121837035972701,0.29947187985927143,53.8,-0.43,-0.013007745922474223,15.454665,35.639,108.49,113.44,0.0,0.0,0.0034627686273007376,0.09859732200827284,51.400809727614714,-0.18978798250891402,0.1967135197635155
ED,Utilities,107.98,-0.028257733189671175,0.024216784509768274,0.02235799416612938,0.0625565929251608,0.17163989937235272,38.3,-0.47,0.0002779658132439078,18.395231,106.177,106.44,109.29,0.0,0.0,0.0014262701903709342,0.09857496587390428,50.57720499781472,-0.19178066292248147,0.1946332033032233
STZ,Consumer Staples,135.76,0.020660267727573567,-0.07678490176820851,-0.16179193969311256,-0.1933532357469543,0.30243768946939703,56.3,0.04,0.033495690286542645,12.628837,123.205,145.12,135.57,0.0,0.0,0.00978820975192745,0.09854718585227114,53.95599276509622,-0.18336427451852397,0.20294069402237888
CEG,Utilities,269.89,0.07363358026130173,-0.10974103460126594,0.035389668015223696,-0.19351731993049326,0.4687360195517513,60.4,1.36,-0.013956292886252109,26.356447,76.419,304.96,260.92,0.0,0.0,0.021723257710193622,0.09854579670308726,58.72350498309622,-0.1714265038278574,0.21487301924824465
COO,Health Care,74.23,0.04992937144361753,0.23716672261555982,-0.09585865119922288,0.07268795708840248,0.3111363629737922,63.3,0.54,0.0,61.858334,33.093,73.15,69.28,0.0,0.0,-0.00024854172276045496,0.09854803696785353,49.899385416909574,-0.19340269417975336,0.19290561073423246
CPRT,Industrials,29.66,0.07776160443502911,-0.12610486012008093,-0.26511398912603357,-0.3567555962956651,0.2783291557142131,65.1,0.19,0.010562162245766116,17.975758,1.059,35.49,29.54,0.0,0.0,0.011790098597161168,0.0985481678494572,54.761501330333374,-0.18136431038777492,0.20494450758209729
GLW,Information Technology,165.68,-0.13206562310479153,-0.11236804879308915,0.36086785687204803,1.5863357771474047,0.6858264501034183,56.3,2.8,0.129841744171999,72.34934,71.448,137.03,179.12,0.0,-0.05903545832159662,0.020773871855224047,0.09866244869844036,58.33827349718908,-0.17260452759371905,0.21415227130416717
CPAY,Financials,392.94,0.11112992355245166,0.1423006878010593,0.10940455612213507,0.29044335777144914,0.3725644577356489,64.7,0.89,0.018559810474273908,24.210722,272.262,323.5,360.63,0.0,-0.06463895709273001,0.013938445339117804,0.09854789719454857,55.62381434773294,-0.17921543316219737,0.207092323840433
CTVA,Materials,76.83,-0.10329129834966255,-0.05081871118484438,0.0630918572977246,0.09183858340069051,0.2699020110544316,30.9,0.12,0.010389280720879412,46.563637,19.191,75.61,81.8,0.0,0.0,0.0007417393478478655,0.09856440800140578,50.300218303855814,-0.19244450033490748,0.1939279790306032
CSGP,Real Estate,30.24,0.06516380490463392,-0.07720478032663913,-0.39856800904359435,-0.682819373477362,0.41927002584094075,52.7,0.2,0.006992976346019253,167.99998,14.537,47.67,30.37,0.0,0.0,-0.03610603259119267,0.09885803029219734,35.746943194741654,-0.22986777196389943,0.1576557067815141
COST,Consumer Staples,947.82,0.03610038957806938,-0.05894491739345198,-0.05039705286500451,-0.02465586941550324,0.19684611045548092,56.5,-0.15,-0.006561304768461063,47.845535,60.257,958.09,950.28,0.0,0.0,-0.004006140123145141,0.09855562957890678,48.37880528090105,-0.19717517409780244,0.18916289385151214
CRH,Materials,100.48,-0.04039724729752503,-0.1135247811411414,-0.20395912338592337,-0.053491629546901676,0.3311632423297826,51.0,1.31,0.019170373153940323,17.234993,77.592,113.51,104.57,0.0,0.0,0.023361315290273812,0.09853647783315875,59.370376636455106,-0.1697701812627173,0.21649281184326497
CRWD,Information Technology,214.42,0.14552840345681117,0.6251017695881014,1.1685966945026074,1.018070571001838,0.48177737496109807,62.2,1.53,0.05865510653014261,40.31613,17.568,134.82,185.91,-0.00333143293368085,-0.44045329082935736,0.028884396839922607,0.09867579726226622,61.5131976957656,-0.16452016579411918,0.2222889594739644
CCI,Real Estate,75.59,-0.051092231196502746,-0.15565806635524249,-0.042682093158595835,-0.2540598671546177,0.2953936793172724,44.1,0.04,-0.014985686185715164,30.603237,0.0,86.53,81.54,0.0,0.0,0.00618870250225974,0.09855310167102035,52.50353706342818,-0.18697537677294013,0.19935278177745963
CSX,Industrials,50.27,0.017405395932147627,0.1247847281679133,0.24575642861160518,0.4462437221969682,0.23129058692353532,50.8,0.45,0.008829994191065227,29.570587,138.068,41.66,48.57,0.0,-0.05662239242863476,0.008253559197766542,0.09852948262769526,53.33793185186683,-0.18486422675251615,0.20137134514804925
CMI,Industrials,644.26,-0.04688216860583494,-0.04895373302262351,0.12242090725538035,0.7019247505110544,0.3628538884019818,51.5,1.63,-0.007074001684545972,32.887188,59.586,585.21,667.51,0.0,0.0,0.02012298972687759,0.09855256768079003,58.08956672333052,-0.17304004292747086,0.21328602238122604
CVS,Health Care,95.7,-0.07544433597169042,0.06341767704821422,0.23979132791783275,0.5529648713782029,0.30911929359413176,27.8,0.16,-0.0917719042068974,25.384615,95.503,85.05,101.4,0.0,0.0,0.005961809262847385,0.0985650146070968,52.411574048169776,-0.18722561936706233,0.19914923789275712
DHR,Health Care,204.76,0.028686216365409356,0.19878936054477436,-0.05072632519419962,0.03919886173420739,0.3119447859196323,52.9,0.45,0.03675946585739709,35.610435,52.97,203.49,190.21,0.0,0.0,0.0074366285457505826,0.09852722197922438,53.00827626712537,-0.1856767265335292,0.20054998362503038
DRI,Consumer Discretionary,213.76,0.04656056062098379,0.09814428257280561,0.004058887882924855,0.06716493178100391,0.2632363363524115,72.3,0.21,0.036462319692486256,20.204159,364.507,197.23,203.01,0.0,0.0,0.004176708656536411,0.0985879292454813,51.689626084847575,-0.18905563266460695,0.19740904997767977
DDOG,Information Technology,233.93,-0.09167513817575423,0.16871497000309343,1.0944577631153996,0.7152807178500302,0.6737398220898693,38.7,1.09,-0.1449927359019333,467.86,29.259,169.9,249.08,0.0,-0.22690817079795786,-0.1214138697682328,0.1013063560349141,11.536466407185664,-0.31997432759666444,0.07714658806019882
DVA,Health Care,183.77,-0.21060995763129853,-0.07490556295600659,0.3049066383803558,0.4391886659786728,0.45089239383526875,19.7,0.03,-0.21358263423333723,15.314167,1241.986,158.56,217.47,0.0,-0.008965692500185751,-0.008694770760705307,0.09948832942313374,46.517881889170276,-0.20369189643004743,0.18630235490863684
DECK,Consumer Discretionary,97.46,-0.08047928060401133,-0.02947619138065305,-0.15582501809709615,-0.043478264125162536,0.4482494237981732,38.4,1.01,-0.02050252176409395,13.922857,20.521,102.17,105.19,0.0,0.0,0.022704168844630616,0.09854945101855275,59.110311478251596,-0.17045275515173278,0.215861092840994
DE,Industrials,620.83,0.05788438909824678,0.08280412964636041,0.07056928781635396,0.24073652454121208,0.31164030652488256,61.9,0.56,0.026063563274521195,34.838947,376.022,551.82,596.03,0.0,0.0,0.003127299554891427,0.09857629798854492,51.26541855964034,-0.1900822445026566,0.19633684361243947
DELL,Information Technology,453.77,0.04494523838119502,0.7450657946854669,2.766428342413584,2.4312884326084134,0.7117986750019907,63.1,2.11,0.057689619676931425,34.851765,0.0,221.85,415.48,0.0,-0.8954164271490231,0.047701334966981916,0.09918860937523463,68.47117051047006,-0.14670833940847794,0.24211100934244179
DAL,Industrials,91.34,0.04519964499175955,0.2519904384496634,0.2217373667692084,0.7217836309033294,0.40086035898584377,64.0,1.72,-0.0027295557374814594,15.248748,96.649,71.7,86.09,0.0,-0.12385865018800538,0.02974538877322628,0.0985621655508508,61.85951326007483,-0.1634364557064413,0.22292723325289385
DVN,Energy,42.98,0.017759886529240543,-0.05096030162533571,-0.006807021298783522,0.3614164353323661,0.34104897523139777,46.5,-0.46,-0.03567422399539599,9.363834,28.131,42.1,43.51,0.0,0.0,0.005468813380950288,0.09862454441017808,52.21103513542179,-0.18783529366299875,0.19877292042489933
DXCM,Health Care,84.75,0.13060300206907627,0.39828409745182514,0.2112333646054545,0.10929317156221141,0.42224294681250024,65.1,0.73,-0.029320783761054847,32.84884,53.346,68.2,74.47,0.0,-0.09258116730787266,0.014183578936108818,0.09854587888559006,55.72216086250066,-0.1789663436796477,0.20733350155186536
FANG,Energy,188.04,0.025355765919408357,0.001983169685855657,0.13942610722546056,0.36686962573932913,0.3191173125558874,43.9,-0.33,-0.053886826233293994,36.09213,28.678,174.92,190.99,0.0,0.0,-0.0019486922843397478,0.09859606915351209,49.211565796181915,-0.19519698782522343,0.19129960325654394
DLR,Real Estate,193.8,0.07421982771380353,-0.0011154489243464516,0.14450814599238937,0.16448562262122102,0.2675132097716011,65.9,0.77,0.013492322009123425,245.31645,67.944,176.63,184.98,0.0,0.0,-0.05937558562404768,0.09924564478271794,27.48302525347301,-0.2538970493981748,0.13514587815007947
DG,Consumer Staples,126.59,0.06449712653080297,0.12309679089268655,-0.12827147672007733,0.11701790409808077,0.3654163254181326,53.3,0.49,-0.008847517006046912,18.00711,178.649,123.82,117.18,0.0,0.0,0.011766225355139603,0.09853686380596113,54.75244830039393,-0.1813660277045442,0.20489847841482342
DLTR,Consumer Staples,130.9,0.04795444767240875,0.38900675789179684,0.057094338697301295,0.11727543363690285,0.4146305929973121,57.7,0.75,0.011982896944962906,20.843946,216.518,114.32,120.07,0.0,0.0,0.01332691448057966,0.09854507426778479,55.378764978030325,-0.17982143108427853,0.20647526004543784
D,Utilities,67.39,-0.038384737030846106,0.09977035777571253,0.10364435554924167,0.13971930437569657,0.20520612356157075,33.5,-0.07,-0.01978182705965914,23.078766,160.459,63.43,68.77,0.0,0.0,0.003648925823537977,0.09855833159203196,51.47666694031865,-0.18952540409684465,0.19682325574392062
DPZ,Consumer Discretionary,350.95,0.17194290463231088,0.09162749835898909,-0.10123774383666129,-0.19145544600608555,0.2897406473617129,61.1,0.06,-0.036936393951354285,20.321367,0.0,371.12,318.92,0.0,0.0,0.009221300893929746,0.09855265531737101,53.727353674139735,-0.18394190352811743,0.20238450531597693
DASH,Consumer Discretionary,216.26,0.12741104290183936,0.3192216444159326,0.18518108763129115,-0.2019631635847654,0.4746868034756523,68.8,1.39,0.07860346387449346,110.90256,33.276,189.55,179.65,-0.05379046484942018,0.0,-0.008217678014288294,0.09867322598757196,46.681375935718414,-0.20161720094992933,0.18518184492135273
DOV,Industrials,211.13,-0.019504931558666172,-0.037220125406306925,-0.05153559941981456,0.22629518560537476,0.26426729184976316,51.5,0.95,0.026297898259806773,25.498795,42.316,207.84,214.22,0.0,0.0,0.015960326248504773,0.09853098811537386,56.43403043246311,-0.177160410457628,0.20908106295463755
DOW,Materials,29.34,0.010678589686874851,-0.19613925940511645,-0.0563438879740209,0.42872361767973044,0.4482738225591728,44.1,0.09,-0.018400777794964518,32.78361,111.913,30.7,30.86,0.0,0.0,0.003048136238734808,0.09860167499045447,51.23307922112779,-0.19021114674255593,0.19630741922002556
DHI,Consumer Discretionary,151.08,-0.0003282369606327773,0.026418951118523548,-0.02739654843509054,-0.006476001676547716,0.3550522737227792,58.8,0.9,0.033207724843839825,13.924423,29.451,150.03,150.94,0.0,0.0,0.020310231468430542,0.09853237614789578,58.16543373952875,-0.1728132257814452,0.21343368871830626
DTE,Utilities,139.87,-0.06920881652746036,0.002724464191990572,0.05392232667462227,0.030796068803252474,0.16878175897376335,31.8,-0.02,-0.01305395207155391,22.131329,229.06,141.57,146.53,0.0,0.0,0.0036478069409873123,0.09856997414051347,51.47604006884603,-0.18954934237441906,0.1968449562563937
DUK,Utilities,124.85,-0.005020759212289949,0.014164983450439594,0.042190983464254206,0.02606813681135045,0.15602577743512885,46.5,-0.31,0.004586415355832596,18.662182,162.155,124.58,125.48,0.0,0.0,0.0021364712634078355,0.0985571615170042,50.86473875260762,-0.19103556530992039,0.19530850783673603
DD,Industrials,142.47,0.05784087443244057,-0.04183171199886704,0.02439063994339641,0.6309598401480436,0.3081593685754773,61.2,1.21,0.008423007160873741,61.675327,22.902,133.89,139.83,0.0,0.0,0.00609625927600676,0.09855738624578456,52.46608164674308,-0.18707621776573097,0.1992687363177445
ETN,Industrials,448.68,0.10436043096535141,0.12023089227239447,0.21029714557041013,0.25966918140480044,0.3735604614613939,65.6,1.74,0.026364922573821392,45.643948,105.059,376.01,407.75,0.0,-0.04326103948862553,0.018644446646870427,0.0985637116355578,57.501682804068544,-0.17454042815882287,0.21182932145256372
EBAY,Consumer Discretionary,111.98,-0.04453919562484154,0.04271929745417791,0.3017428033586913,0.2192835710298262,0.3538371098466596,46.5,0.76,0.045272157452247885,23.232365,150.332,97.05,111.08,0.0,-0.0038275622063638215,0.013494983335016694,0.09852415213481946,55.447326829222575,-0.17961235484922944,0.20660232151926283
ECHO,Communication Services,90.04,-0.062083323796590206,-0.2918600091624737,-0.19326224869515551,2.292138927227642,0.9179944241831927,49.6,1.58,0.05150068671680752,20.90909,123.757,106.07,102.25,0.0,0.0,0.0205474655969195,0.0989322355744508,58.226539292797696,-0.17335971612900405,0.21445464732284306
ECL,Materials,285.17,0.03959030281723841,0.12480217756198986,-0.012456148416111756,0.06835336551653493,0.21794226289006016,66.8,0.52,0.02054189207460344,38.022667,136.378,270.97,271.21,0.0,0.0,0.005311525483679569,0.09853768889328507,52.14939725835315,-0.18782234474715914,0.1984453957145183
EIX,Utilities,68.62,-0.087499926445329,0.0070281333588613215,0.09784419191740423,0.317831000943154,0.25161318889984663,28.8,0.09,-0.03974246255633829,6.9383216,228.042,67.38,73.59,0.0,0.0,0.00957862034601507,0.09857137621754158,53.870607536183826,-0.18362127704036643,0.20277851773239655
EW,Health Care,89.72,-0.02700355588864578,0.12206105862907335,0.13988060302750593,0.15128963004436558,0.244083342783887,69.0,0.56,0.010132870175312059,53.088757,6.568,84.07,88.0,0.0,0.0,0.0026421363211721373,0.09855168508816774,51.06942223552756,-0.19051916645163663,0.1958034390939809
ELV,Health Care,394.2,-0.05292746365667633,0.046906675772120376,0.17483005311732547,0.41978534301711923,0.35493404607786966,58.1,0.31,0.029861335845091874,17.304653,68.953,352.08,395.88,0.0,0.0,0.010639331320531138,0.09854756270068218,54.29868381390746,-0.18251389157280595,0.20379255421386822
EME,Industrials,816.9,0.04546287862331022,-0.11318737951680702,0.0698358983163947,0.3255179403744761,0.44175411790124147,61.6,1.92,-0.0006360971189407483,25.18964,13.432,748.35,798.75,0.0,0.0,0.02788611893621434,0.09857494173237778,61.137040612723034,-0.1653207668592461,0.22109300473167479
EMR,Industrials,158.26,0.13954485125757565,0.12447527352345045,0.013535432067494746,0.2108285147580906,0.31746340390792266,74.1,1.57,0.022021235188332877,34.329716,67.677,140.29,144.02,0.0,0.0,0.01948906185957496,0.09857670150048818,57.836188301327915,-0.17372127308138186,0.2126993968005318
ETR,Utilities,107.18,-0.06840506334486174,-0.03951963596594743,0.10732571752960918,0.2142183099005448,0.2036064608822706,36.2,0.21,-0.008143598679435482,27.272264,186.77,104.43,111.77,0.0,0.0,0.0047734669483829656,0.0985478194229223,51.93164434116151,-0.18838025912054476,0.19792719301731068
EOG,Energy,134.74,0.012229419017482979,0.04391272639403687,0.20311255567173725,0.2022412065651693,0.27865376919339,42.0,-0.52,-0.07509601683578282,10.601102,25.891,124.74,136.69,0.0,0.0,0.004683608120101218,0.09860563987572386,51.89419891407597,-0.18858344603631755,0.19795066227651997
EQT,Energy,51.69,0.061456123063589274,-0.07340723205036426,-0.0817958693013835,0.02067384154672247,0.3061531634839502,61.8,0.11,-0.031887044011119636,11.965277,19.595,56.33,51.89,0.0,0.0,0.011710606817711548,0.09855404485976015,54.72926873052305,-0.18145532110741833,0.20487653474284143
EFX,Industrials,182.56,0.09685168757950713,0.041852703208593134,-0.06101669721071168,-0.23739607477593405,0.38577421556551,52.0,0.57,0.04853251920406798,30.890017,120.956,190.63,168.98,0.0,0.0,0.010440418833911527,0.09853287095390001,54.219245564280946,-0.1826840082357325,0.20356484590355556
EQIX,Real Estate,1042.62,-0.008171503447942707,-0.022669209217490494,0.24214436105206016,0.3682512708696477,0.2405390182994919,54.8,0.45,0.010839267767442484,67.57096,162.217,936.96,1051.55,0.0,0.0,-0.0061345412518197156,0.09855625128642381,47.51842377073566,-0.1993047937732104,0.18703571126957094
EQR,Real Estate,67.07,-0.023584258101663647,0.03397461486764164,0.07352335264641674,0.09712413915494356,0.19966688782522674,39.5,0.15,-0.007399733643010498,29.034632,78.679,63.38,67.27,0.0,0.0,0.005427249544643288,0.09854120399673275,52.1961018356466,-0.1877135102889529,0.19856800937823949
ERIE,Financials,252.58,0.0030578780823893315,0.17658795752306333,-0.1119702145370064,-0.2684886112737126,0.36957064870892886,63.9,-0.4,0.06636832382080171,23.04562,2.56,258.4,231.08,0.0,0.0,0.0035260880318591665,0.09863324597068739,51.425894493845405,-0.1897950740706881,0.19684725013440643
ESS,Real Estate,288.1,-0.0185657704516643,0.1028030974637586,0.13841737685147337,0.16561356031314212,0.19776261596051642,42.3,0.16,0.0077655001496630405,44.459877,122.409,264.32,286.47,0.0,0.0,-0.0005116739533116578,0.09854512944521437,49.79285890870525,-0.19366012766593185,0.1926367797593085
EL,Consumer Staples,88.35,0.0688361306548062,0.028905041080817595,-0.1055605468864651,-0.017260344886112944,0.4632510750863203,62.5,1.41,0.04333960977467077,23.458874,232.908,92.0,84.03,0.0,0.0,0.02024031571394968,0.09855826030284207,58.13561163590724,-0.17293387447962075,0.21341450590752012
EG,Financials,374.96,0.01181932387478879,0.0730643719549926,0.155816513740755,0.15666184233491376,0.24349990683423317,47.2,-0.03,0.00782153946401598,7.824708,23.26,338.19,357.28,0.0,0.0,0.011099068298135718,0.09855069310323546,54.483524936205974,-0.18206029018420578,0.20425842678047723
EVRG,Utilities,83.38,-0.027184714221713202,0.028106558695617512,0.10472202482818305,0.18523655477026235,0.15881365123569563,39.7,-0.03,0.001802161365308752,21.162436,160.554,80.14,84.48,0.0,0.0,0.004259165815444128,0.09855203917040933,51.723589437401564,-0.18890283095855814,0.19742116258944642
ES,Utilities,72.33,-0.033279843276206034,0.10041508571524083,0.09801674676143457,0.14730913978299442,0.250739583759203,41.0,0.09,0.005281513536211202,15.422175,180.7,70.4,72.0,0.0,0.0,0.007703420771959853,0.09854358015645366,53.115467338816934,-0.18544199633468933,0.20084883787860902
EXC,Utilities,45.61,-0.02542732149804472,0.04848406191081689,0.047442910913736425,0.03767408856707033,0.1900271543476307,46.8,-0.25,-0.00043831815243255967,16.645985,177.362,46.15,46.19,0.0,0.0,0.0033644745326555725,0.09855423839298146,51.36165678768516,-0.18980183271758808,0.1965307817828992
EXE,Energy,92.84,0.06406872593570911,-0.026459477866751402,-0.14912132145176105,-0.04188601798986602,0.30603747220316585,62.8,-0.01,-0.019226782736194492,7.928266,19.207,102.32,89.99,0.0,0.0,0.011832304286286255,0.09856550661765362,54.77762819076805,-0.18135608868431483,0.20502069725688735
EXPE,Consumer Discretionary,310.68,0.14714030232720354,0.3537682121393717,0.3173529523087957,0.6690269935023385,0.49089880630170996,70.8,1.11,0.042445371097867834,19.272951,230.069,250.07,259.71,-0.04627300649073701,-0.09238874986241163,0.01641032047445852,0.09858126566915482,56.61044480290194,-0.17680896023708492,0.20962960118600193
EXPD,Industrials,178.71,0.03889083987470432,0.1464097815731482,0.08840866612741594,0.5294103205830227,0.3081044179066044,52.2,0.5,0.047599569437196676,25.97529,26.745,152.95,168.27,0.0,-0.018448598423154605,0.010745584333251412,0.09852923761570219,54.34224918756073,-0.1823717213935249,0.2038628900600277
EXR,Real Estate,149.54,0.03876067179794118,0.05489238384131734,0.09219650203009566,0.1317231714914744,0.2292901915542099,56.5,0.34,-0.001268967119667841,33.011036,101.674,140.69,146.56,0.0,0.0,0.005564362502181079,0.09852764141663355,52.25183509858823,-0.18754981467442067,0.19867853967878285
XOM,Energy,153.04,0.10195843825947848,0.06577261011841351,0.0406288785091915,0.4904986853627391,0.2500863291716931,58.7,-0.48,-0.013027243030218849,26.027208,15.921,140.2,146.48,0.0,0.0,-0.0011370089204170767,0.09859224590724197,49.53993250384755,-0.19437781089861134,0.1921037930577772
FFIV,Information Technology,400.23,-0.07007598372547152,0.13049745040344018,0.4471200794999606,0.2616398106280591,0.34728036876622165,44.5,1.02,-0.01506089584167114,32.88661,5.672,313.37,402.98,0.0,-0.12719870562116167,0.018930688189185082,0.09853876850781315,57.61735901992727,-0.1742052980861287,0.21206667446449887
FDS,Financials,285.57,0.15563921581025686,0.28332086134673173,0.39129913749652445,-0.24886162001664014,0.46534825144955855,64.6,-0.02,0.058921740878052686,18.085497,77.284,247.49,249.82,0.0,-0.003874389941889045,0.008813120445033419,0.09863570645581331,53.559820152317016,-0.18451286420836066,0.20213910509842747
FICO,Information Technology,1041.4,-0.16747941155259982,-0.0751331932379552,-0.2513299608813354,-0.21911786848805237,0.5376592928024768,33.3,0.33,-0.0038833974280534367,29.848095,0.0,1361.34,1198.38,0.0,0.0,0.010989945279010456,0.09864156429639839,54.435554469662236,-0.1823475207419304,0.2043274112999513
FAST,Industrials,51.84,0.12119750542940944,0.1800877705554682,0.09788865468993513,0.11554457102755777,0.25626188821245993,85.9,0.53,0.07753064840813506,43.563023,10.851,44.45,46.55,0.0,-0.016308010888868713,0.00560763810528061,0.0985783605215549,52.268163097930696,-0.187605948516967,0.19882122472752822
FRT,Real Estate,118.69,-0.018604266202905784,0.035499328789728724,0.144806261881268,0.3407163093117729,0.1715587402121364,23.6,0.2,-0.040113214907114836,23.833334,134.114,109.21,122.35,0.0,0.0,0.006412817048508666,0.09857530435347844,52.59348978741705,-0.1867947794843091,0.1996204135813264
FDX,Industrials,318.57,0.012329609624426974,0.04820524169797391,0.07910607126136471,0.7940308172669912,0.28442400818399166,62.7,0.95,0.030170797388696213,17.035828,135.697,279.28,319.47,0.0,0.0,0.015529954806094084,0.09853871988213427,56.26150080745674,-0.17760593616288906,0.20866584577507724
FERG,Industrials,256.69,0.1285060883881397,0.06769914259418264,-0.015686353443580825,0.1596203393045823,0.3096427728602096,75.3,1.2,0.026431544153686648,24.945578,103.524,240.62,233.06,0.0,0.0,0.017883384984047433,0.09855545122937946,57.19947964472989,-0.1752852994255363,0.21105206939363116
FIS,Financials,42.77,0.01881850700671217,-0.005324913118181063,-0.15982445478395557,-0.3698565595814083,0.3174788223416441,51.9,0.36,-0.044886073611562605,6.5698924,132.51,51.95,41.16,0.0,0.0,0.015975774999913133,0.09853577706732189,56.439893607929505,-0.17715434805203778,0.20910589805186403
FITB,Financials,57.09,0.00035045484266027493,0.16551861634294407,0.05327543033130122,0.4337347735505277,0.26266581662034066,47.3,0.83,0.0033391673394345123,19.222221,0.0,49.56,55.15,0.0,-0.001901023123528106,0.016884431168692687,0.09853564442361665,56.80271066732752,-0.17624543190159594,0.2100142942389813
FSLR,Information Technology,250.05,0.09752886381127346,0.13684931357647923,0.14319027081787405,0.34725212731025534,0.5493884028986805,76.7,1.76,0.07442103571597869,24.93021,1.88,234.43,243.55,0.0,0.0,0.02638890415437747,0.09861210910549179,60.549757017104724,-0.16689082969238642,0.21966863800114136
FE,Utilities,47.47,0.0004299509560057313,0.08144822569669863,0.03871014054833721,0.13667471036387369,0.15775808325087387,44.7,-0.08,-0.010105234989490453,25.25,200.908,47.49,47.22,0.0,0.0,0.0017205227100308626,0.09855275727076847,50.696433471771364,-0.19144288154067532,0.19488392696073706
FISV,Financials,52.41,0.038850328143353874,-0.05533525090401381,-0.12650000254313154,-0.6089972957881802,0.5653628832698809,52.6,0.52,-0.03569454795169347,10.378218,0.0,61.64,52.01,0.0,0.0,0.020378822152360834,0.0986476315666944,58.1831829155363,-0.17297053571836019,0.21372818002308186
FLEX,Information Technology,121.35,-0.10640651143527113,-0.14644439729177683,0.8966864542412512,1.4411587348434653,0.672917899154758,51.1,2.86,0.033205633267045176,47.402344,107.818,89.65,137.6,0.0,-0.20357918771997577,0.03371980236242137,0.09863414880002278,63.37746669588357,-0.15960312928562329,0.227042734010466
F,Consumer Discretionary,13.98,-0.0014286041259765625,0.1490437302495875,0.03692282227414223,0.30047961039262905,0.37409915865037713,49.9,1.13,-0.031185083397264113,22.1565985,456.708,13.4,14.48,0.0,0.0,0.01297406545655359,0.09860812039730277,55.233857447776124,-0.18029785052215985,0.206245981435267
FTNT,Information Technology,159.64,0.013522982395381078,0.39949153867571985,0.9289511269812019,1.1200530268228426,0.45641613761578337,49.1,1.02,-0.021873703678460976,56.409897,36.194,102.53,152.87,0.0,-0.40700086549555214,0.01656617928832679,0.09865796895547117,56.667503068983805,-0.1768034398643967,0.2099357984410503
FTV,Industrials,61.71,-0.00787784039319106,0.022186446576941465,0.028581532870705306,0.30628304234175907,0.2674162399703498,52.5,0.65,0.03784056566841687,32.3089,59.283,57.15,60.99,0.0,0.0,0.009775542977156756,0.09852415905530701,53.951810520287026,-0.183331808771245,0.20288289472555848
FOXA,Communication Services,64.03,0.18311160463777543,0.01731808351399211,-0.006729001694322334,0.19993614668704462,0.35209069723974806,73.8,0.13,0.09080064645795605,16.08794,55.917,63.05,57.91,0.0,0.0,0.009427852847085881,0.09857931749488831,53.80956522230672,-0.18378760944289518,0.20264331513706696
FOX,Communication Services,57.03,0.16984612880608974,0.007597178741486799,-0.017369407379986823,0.17461461826387303,0.3392279390637652,71.0,0.08,0.08380843665771898,14.401515,55.917,56.67,52.02,0.0,0.0,0.009493181505200388,0.09857396505049332,53.83608935920478,-0.1837117899937665,0.2026981530041673
BEN,Financials,33.77,0.008059715157124447,0.09851638417658459,0.2723317311458153,0.43078557335610057,0.28190260535180095,59.5,1.26,-0.041713994060373794,23.130136,24.805,27.4,32.78,0.0,-0.08266621858612677,0.022223826386310895,0.09854909546701826,58.92088049883759,-0.1709324007290449,0.2153800535016667
FCX,Materials,69.62,0.1344113177171875,0.13201915364717642,0.15283760097652022,0.7247162347221212,0.49809642406308724,71.5,2.26,0.09396611273233746,33.471157,32.149,57.75,63.99,0.0,-0.05557874958149406,0.0292142460613581,0.09860532853332263,61.6489777263708,-0.16405219786395425,0.22248068998667042
GRMN,Consumer Discretionary,310.89,0.2788038906993442,0.3006251456258,0.5492703152652318,0.3800975650199776,0.3413203746963113,82.1,0.99,0.02011420359097227,31.151306,2.513,230.75,249.39,-0.09659985551559902,-0.19727694038460172,0.01486341277990084,0.09860967821033115,55.99055504241351,-0.17841155651234822,0.20813838207214988
IT,Information Technology,185.6,0.39297507093721884,0.16987086822465014,0.18723216228253436,-0.19195435530172,0.545648124418419,73.5,0.4,0.22484001582974766,16.615936,0.0,182.59,147.58,-0.10758894170211955,0.0,0.00951254501760598,0.09881226396732425,53.83464829099505,-0.18415949235834952,0.2031845823935615
GE,Industrials,370.08,0.030088785284490882,0.24698400156546785,0.15601575649237498,0.367397330307798,0.3225243329426271,68.4,1.24,0.003117106007412662,44.267944,113.225,316.94,351.66,0.0,-0.017683298872872594,0.011930214527232459,0.09854538814743773,54.81794894281457,-0.1812187462417455,0.2050791752962104
GEHC,Health Care,71.77,0.10990021910030823,0.13140923158708473,-0.10916953278980923,0.011344494811383443,0.3530107808737196,70.1,0.81,0.029255602867111596,16.200903,93.965,73.0,64.65,0.0,0.0,0.017197562308619466,0.09854037951605397,56.92727702500292,-0.17594158154284634,0.21033670616008526
GEV,Industrials,990.32,-0.09275625378754371,-0.04742004309957648,0.27211807534138965,0.5368172485999918,0.5196346556253237,39.4,2.04,-0.01632961409068434,28.655092,28.364,846.38,1021.18,0.0,-0.0200595194455033,0.02871701849926449,0.09857319333303027,61.459932516637124,-0.16448644043347482,0.22192047743200383
GEN,Information Technology,29.17,0.12582015623622023,0.2930477596726535,0.21578615238243026,0.051985126981610286,0.35207140983493745,67.7,0.85,0.03549875744734332,16.38764,316.354,24.32,25.95,0.0,-0.04957971843778891,0.015465068294091859,0.09856315327285993,56.23402072662807,-0.1777187121207136,0.20864884870889733
GNRC,Industrials,212.22,-0.09284432330525949,-0.21227868922467052,0.15632323125500203,0.09663082128664113,0.5375632069609942,49.2,2.03,0.05471892122389721,48.56293,49.003,205.09,244.68,0.0,0.0,0.022217882144653325,0.09857171995707255,58.916522000712476,-0.17098268897120888,0.2154184532605155
GD,Industrials,392.05,0.04529939301703512,0.13633868033501684,0.09868771809432197,0.27575379460639327,0.21864961164650606,68.8,0.41,0.02515491802794667,23.589046,35.335,350.79,363.46,0.0,0.0,0.009777666233049823,0.0985410844799277,53.951989357970895,-0.18336285934760846,0.2029181918137081
GIS,Consumer Staples,36.89,0.018498016188976507,0.08213840707707121,-0.202799276966663,-0.218639548563081,0.2690026637935381,45.8,-0.32,0.024722205268012054,23.458874,217.629,40.67,35.14,0.0,0.0,0.0007796416816154114,0.0985746749190736,50.31552605970753,-0.19242672115976883,0.19398600452299963
GM,Consumer Discretionary,87.58,0.12498398905130403,0.11383046251872919,0.04436925771568956,0.6691457251944137,0.33815923102674394,73.3,1.08,-0.0011404935421195361,38.752213,202.341,78.15,81.35,0.0,0.0,0.009136406590729793,0.09855687423851203,53.69297945085299,-0.1840350669167538,0.20230788009821338
GPC,Consumer Discretionary,135.63,0.07968477883593117,0.309279096875392,-0.06832110768628319,0.04866980953660738,0.328770990730136,69.4,0.52,0.055322131761515125,521.6539,146.415,119.11,116.0,-0.01922109939330252,0.0,-0.1553867842879858,0.10216053489398547,6.412916858317147,-0.3556214326801973,0.0448478641042257
GILD,Health Care,133.21,0.02603408176186295,0.020981336266132855,-0.11575759380511286,0.23939260747089564,0.2716846636735265,50.0,0.35,0.015707303951601803,28.898304,226.482,132.08,129.52,0.0,0.0,0.0051280338051909,0.09853525309441813,52.07526375545643,-0.18800106225986865,0.19825712987025043
GPN,Financials,86.12,0.1325618320580051,0.24946187974487244,0.19042115556028016,0.0637799339807219,0.40140852649652314,57.3,1.12,-0.0008121556194617963,41.40385,98.273,74.5,75.15,0.0,-0.005925868089722897,0.012872183164850802,0.09852806964283874,55.19718623207467,-0.18024283333511312,0.20598719966481474
GL,Financials,183.85,0.02634958461476611,0.2191340024097761,0.26012293755795324,0.3191480975706742,0.1967048694219662,49.4,0.31,-0.0013036571196106683,12.215947,53.588,149.73,173.37,0.0,-0.07784408419941774,0.014551771073645657,0.0985422812131108,55.86985254978487,-0.1785911001040515,0.20769464225134282
GDDY,Information Technology,91.07,0.024179054994962534,0.0005493633663149478,-0.06325860366857572,-0.39387687391131965,0.4591997444693114,46.8,0.13,0.029621287020678677,13.531946,57334.33,99.59,86.97,0.0,0.0,-0.8811305269464597,0.6647585431774681,9.250441041776892,-2.184057271574297,0.42179621768137776
GS,Financials,1039.61,-0.014755840299119583,0.1150176839903525,0.130214877895372,0.4735014948717593,0.315609555399662,47.3,1.6,0.012219272527252079,16.058233,725.381,923.49,1054.3,0.0,0.0,0.01548553489071686,0.09882237832948039,56.22596284469018,-0.1782063266350647,0.2091773964164984
HAL,Energy,31.89,-0.07269555232247293,-0.1959411232027808,-0.08002230456516168,0.5627339842036185,0.35649090185742477,32.0,0.29,0.0,16.962765,74.186,33.98,35.28,0.0,0.0,0.010654071604206191,0.0985617329561962,54.30399981409184,-0.18252692498993836,0.20383506819835076
HIG,Financials,143.28,0.03242542181569252,0.0904364522183767,0.014137117631614515,0.14601182308551608,0.19111088660762054,56.7,-0.07,0.002659236522345676,9.977716,22.33,135.17,135.44,0.0,0.0,0.009518532717092082,0.09854837639645235,53.84729735790601,-0.18363628501995452,0.20267335045413867
HAS,Consumer Discretionary,93.52,0.18439713433908778,-0.03573404190713292,0.011679350087675067,0.249687446954169,0.30459493580223324,73.2,0.81,0.022411669345198337,16.321115,531.042,87.85,85.05,0.0,0.0,0.009373877915327004,0.09866058301672706,53.78471051388538,-0.18400086479745803,0.20274862062811205
HCA,Health Care,413.36,0.016650653175553698,-0.04825839460874293,-0.17318571069905375,0.11473683448178695,0.30260079973535475,70.8,0.18,0.016600674462442955,13.719216,0.0,456.9,388.29,0.0,0.0,0.01174595807678648,0.098562838806145,54.743056567197556,-0.1814372059832577,0.20492912213683068
DOC,Real Estate,21.41,-0.006583977327647705,0.10633865180510504,0.3131205295434998,0.35089516162564416,0.29188023309000516,38.8,0.46,-0.010628444950250282,59.472218,108.653,18.31,21.06,0.0,-0.019405375518523338,-0.0013029351771708555,0.09854666718570401,49.472553662198315,-0.19445440286115073,0.191848532506809
HSIC,Health Care,88.13,0.04419426137563942,0.24442244610541608,0.10549417842370512,0.3373292141550157,0.2612932175354079,58.6,0.51,0.018726101920983007,25.693876,80.733,76.9,83.22,0.0,0.0,0.009770774078984858,0.09852554003006542,53.94983380148286,-0.18333928437994335,0.20288083253791306
HSY,Consumer Staples,182.35,0.05004032165238459,-0.011767750962453305,-0.20114685206608374,0.0016574865798069105,0.27613325655853505,66.5,-0.13,0.026341014143086428,25.013718,129.821,191.71,178.4,0.0,0.0,0.0027373037838943387,0.09855997146091088,51.10783904137468,-0.19044024027949097,0.19591484784727964
HPE,Information Technology,53.22,0.09641533203347574,0.7025743874615347,1.2753019487892896,1.6631647255855717,0.5181941926849419,73.1,1.95,0.05931527553100335,48.825687,84.03,30.17,47.54,0.0,-0.6140712596172252,0.03302511734775783,0.09884432457180663,63.08526391451086,-0.16070975881298316,0.2267599935084988
HLT,Consumer Discretionary,317.6,-0.0532967816182085,0.003054718829294867,0.01118941822137609,0.21972629307465308,0.23489226720037998,44.6,0.66,0.010370967117149021,47.19168,0.0,307.25,332.36,0.0,0.0,0.006174448504344919,0.09854218804743153,52.498054662985396,-0.18696824006862087,0.19931713707731072
HD,Consumer Discretionary,355.62,0.035887001929194584,0.12864182799406465,-0.0635265394752016,-0.05462607452216173,0.2544593164346173,65.8,0.73,0.04587967357086287,24.81647,459.356,348.14,334.35,0.0,0.0,0.007574293359934449,0.0986144138294041,53.06115238489313,-0.18570995774569757,0.20085854446556647
HON,Industrials,246.21,0.08740397802739741,0.10759872815339322,-0.004852077414172595,0.17517592003604276,0.26014053249381464,68.5,0.73,-0.0022693096766147614,9.259497,185.369,228.51,234.67,0.0,0.0,0.016312980696034412,0.09854228216844596,56.57416789546029,-0.17682989235411967,0.20945585374618847
HRL,Consumer Staples,25.02,0.023857352760394912,0.23874706206037133,0.030105349208025656,-0.07765879758647098,0.3033719176251115,46.4,-0.08,-0.008323388358414618,29.435293,4.244,23.36,24.59,0.0,0.0,0.004620535940370391,0.09856232703998412,51.869529922105016,-0.18856162505799848,0.19780269693873928
HST,Real Estate,23.29,0.004745496501438851,0.0858906764444245,0.2630799984483896,0.6507303744337078,0.2500225134276432,42.6,0.75,-0.0717416989284031,15.630873,85.298,20.36,23.81,0.0,0.0,0.015213038304737877,0.09853505913948746,56.13497232731747,-0.17791567760865754,0.2083417542181333
HWM,Industrials,281.88,0.041226821467526875,0.042342846399665346,0.2642968957830576,0.5566343415669155,0.3071748733557692,58.1,1.06,-0.015099930637415993,62.501106,78.524,238.68,272.0,0.0,-0.030972735077221203,0.004394923514428601,0.09854380133594978,51.77864028019891,-0.18875092710403296,0.19754077413289017
HPQ,Information Technology,30.05,0.2407101605693065,0.34108768113363697,0.5729956624654498,0.2462277826495325,0.4275377696635829,74.9,0.77,0.10803828566216112,10.434027,0.0,22.49,25.07,-0.04877753415876521,-0.18610777952934085,0.022377791954092716,0.09857785075061512,58.979057356308886,-0.1708347955171129,0.21559037942529835
HUBB,Industrials,513.99,0.04695072244743348,0.04660083890010869,0.0260718150553636,0.24496009715795974,0.31665199327448784,60.5,1.24,0.07972015168525881,30.022778,141.642,484.23,490.88,0.0,0.0,0.01620154823844069,0.09853661207408351,56.53003729711212,-0.176930211426763,0.20933330790364438
HUM,Health Care,385.0,-0.018408039361155426,0.40350721051206384,0.9999394422760446,0.5247728389202095,0.4852068417088917,44.0,0.53,0.028037383177569986,34.71596,76.485,267.78,373.9,0.0,-0.28776565988215563,0.016054038980788696,0.09862587085305641,56.46530532450454,-0.17725266789120186,0.20936074585277925
HBAN,Financials,17.55,-0.017907195699190526,0.0985406503441395,-0.07168444316829659,0.14733123171729012,0.26632439665957114,42.0,0.84,0.010944620969407737,13.396947,0.0,16.83,17.31,0.0,0.0,0.019820061079568175,0.09853908441518404,57.97050886959782,-0.17331654437419253,0.2129566665333289
HII,Industrials,324.48,0.1341885949870698,0.030357406233410877,-0.17816887413916915,0.23835446841617314,0.3775671957753305,74.0,0.82,-0.0045098977317094,19.154663,55.252,348.15,292.56,0.0,0.0,0.016317287495565238,0.09855316242907254,56.57516837455745,-0.17684691086541693,0.2094814858565474
IBM,Information Technology,237.28,-0.1748504632291622,0.032729824391761975,-0.19583447318626346,-0.027227149392031857,0.4829084173965592,71.9,0.84,0.04847333895561956,20.741259,188.97,269.34,259.05,0.0,0.0,0.015201711962403722,0.09858232361681579,56.12752492189114,-0.17801964232655523,0.20842306625136267
IEX,Industrials,234.46,0.05536551516476074,0.08825994940009463,0.11683466293379863,0.5009483022868855,0.2309344830125962,71.9,0.75,0.007563428400114924,33.686783,47.06,199.45,222.74,0.0,-0.025506521483312006,0.010213801982837216,0.09854755132931114,54.12738223281808,-0.18293939862261263,0.20336700258828708
IDXX,Health Care,586.67,0.04098865320320044,0.04741925381302203,-0.08988381154196123,-0.09751409852399628,0.31878579782321154,60.7,0.94,0.03316067054829208,41.490097,67.971,619.13,559.97,0.0,0.0,0.011096670893923731,0.09852787957077373,54.48359410815423,-0.18201797306479278,0.20421131485264027
ITW,Industrials,296.66,0.103604800254667,0.171520365941223,0.023074483029787984,0.18450719319418818,0.21761390400572309,73.5,0.53,0.02831991994279215,26.678059,334.853,263.26,269.14,0.0,0.0,0.005595708731316133,0.0985787268659797,52.26333471893522,-0.18761859592600408,0.19881001338863633
INCY,Health Care,120.56,0.03298773459277071,0.22321429124347358,0.11227971434150219,0.5416880084840432,0.33225961579359764,56.9,0.44,0.017985284538793334,15.357962,0.603,102.07,111.37,0.0,-0.03113859527773563,0.014303770918680438,0.09854122867139352,55.77058284216911,-0.17883703727725087,0.20744457911461173
IR,Industrials,86.97,0.1029803792481625,0.14844050271193932,-0.11661538473460675,0.14128665184041744,0.3301601037730505,67.8,1.24,-0.009227586806309973,35.938015,47.903,81.8,79.38,0.0,0.0,0.015890336402389817,0.09854392403130048,56.40522630897853,-0.17725575469895913,0.20903642750373877
PODD,Health Care,141.17,-0.12468998488691108,-0.08426313690051401,-0.4164840968761897,-0.5349365710888185,0.44927528267457917,32.6,0.27,-0.1681202079691163,26.09427,66.685,227.94,154.97,0.0,0.0,0.011017466201565383,0.09859158138421131,54.44886082332753,-0.18222203331148878,0.20425696571461954
INTC,Information Technology,101.65,-0.07456295598205953,-0.18627919455774733,1.0092903976929337,4.141628688529493,0.7925939224483142,54.1,2.85,0.11703298380086702,40.31613,48.997,68.58,110.65,0.0,-0.33213385754862357,0.03336104462014777,0.09872858215149313,63.22832326067095,-0.16014697639677877,0.22686906563707432
IBKR,Financials,87.83,-0.06653198799535931,0.04144708357284155,0.1799625021319584,0.3732959138196439,0.3882906208100801,42.1,1.9,0.0009117017784010528,34.1751,204.148,76.51,90.81,0.0,0.0,0.021788307462951902,0.09857663404523248,58.74651235214141,-0.17142189526570376,0.21499851019160757
ICE,Financials,150.3,0.11119332511995461,-0.031843121420667586,-0.10446419560926512,-0.1903987807892108,0.24489725130571852,65.1,0.22,-0.009881422726246925,21.13924,69.226,154.59,140.01,0.0,0.0,0.009403995465134,0.09853569938288405,53.801631280471184,-0.18372597532531873,0.20253396625558676
IFF,Materials,85.89,0.10782923696606539,0.06531945557657393,0.16084035062248203,0.369577624997909,0.3581811956732024,67.0,0.75,0.06589721317860953,32.78361,44.821,72.56,77.53,0.0,-0.033674135977801556,0.01183175529440969,0.09853483864323369,54.77888737082961,-0.18129652844632835,0.20496003903514773
IP,Materials,41.58,0.09622993663358459,0.2776349059960981,-0.08498698240866487,-0.09302760396137477,0.4329767999379796,65.9,1.14,0.0031363345168251566,32.78361,68.509,38.51,37.59,0.0,0.0,0.016632368240028506,0.09854271840985394,56.701646485218106,-0.17651135984328523,0.20977609632334224
INTU,Information Technology,325.25,0.1828993675726749,-0.17566868009666625,-0.26155362366477897,-0.5681465694900496,0.47305488525533274,65.2,0.22,0.02154585582445856,19.640701,33.448,458.66,291.17,0.0,0.0,0.01253948526726799,0.09861759508942844,55.059019635528564,-0.18075100110801173,0.20582997164254774
ISRG,Health Care,378.81,-0.06875952924096096,-0.15831222589544602,-0.22398852341495046,-0.19369532464802575,0.36386476296835524,62.5,0.93,0.009056748257418645,43.49139,0.0,480.18,393.18,0.0,0.0,0.01181170137095641,0.09853709058201668,54.77071776695488,-0.18132099616979627,0.2049443989117091
IVZ,Financials,31.58,0.0897170608191491,0.15356148985079998,0.196257509928343,0.5890148376057482,0.3387048793923379,61.6,1.73,0.021675835638997665,15.936193,12.056,26.35,28.64,0.0,-0.048404654109831774,0.028965787425185185,0.09857462771657961,61.55623145877451,-0.16424048289931084,0.2221720577496812
INVH,Real Estate,30.37,0.026013528643253236,0.06789189727179856,0.1789991075294144,0.049445510303927076,0.211287151276933,54.8,0.11,-0.0039356816262896555,27.862385,94.425,27.76,29.63,0.0,0.0,0.004941409638307179,0.09853268208322355,51.99985545373923,-0.18818264724481099,0.19806546652142532
IQV,Health Care,238.7,0.1484242960732094,0.3356834423403332,0.2731345135991543,0.33389215433896613,0.41350976507029613,69.0,0.85,0.022883083321580067,28.898304,257.975,198.15,200.62,-0.03978547615488645,-0.054654726108558455,0.009729883870364796,0.09856664466375699,53.93172273891338,-0.1834607396705989,0.2029205074113285
IRM,Real Estate,121.15,-0.002962724088737545,-0.053257670450903793,0.28390832273878486,0.36423742345513976,0.3293649415398564,45.0,1.13,-0.023613799661005963,85.92199,0.0,107.53,124.8,0.0,0.0,-0.0012590929525282228,0.09857859547178766,49.49046569969532,-0.19447314007723202,0.1919549541721756
JBHT,Industrials,268.52,-0.03924524272128771,0.0960590712663747,0.18236834122184664,0.9352187585638998,0.3873812151805242,28.6,0.74,0.007728789721670681,38.033993,38.373,227.28,279.72,0.0,-0.03147275792048934,0.009448180198267814,0.09855439114680747,53.81871654719431,-0.18371842644947484,0.20261478684601048
JBL,Information Technology,341.22,0.03309210812622787,-0.039005831321502926,0.3219917647284165,0.5495732681874232,0.44835252027966666,65.2,2.12,0.07170446785987994,43.083332,297.136,281.43,345.12,0.0,-0.06243760583584329,0.02090919572254679,0.09861034219232455,58.39615271734192,-0.1723670749744093,0.2141854664195029
JKHY,Financials,155.95,0.03745336182614967,0.07412905158916949,-0.09309891575674167,-0.03520716256569367,0.27271375648809804,53.7,-0.04,-0.0037053717215731474,21.933895,6.398,159.44,141.79,0.0,0.0,0.007099736794292283,0.09855158287698612,52.87152885223624,-0.1860613656446005,0.20026083923318508
J,Industrials,145.07,0.1529047541380204,0.22882216487100338,-0.01951167343525806,-0.0027406697857939033,0.3275256861787495,73.9,0.89,0.04577570680245868,47.87789,124.734,133.59,128.4,0.0,0.0,0.006989019283571122,0.09854735349904988,52.82694525756714,-0.18616379357456664,0.2001418321417089
JNJ,Health Care,259.24,0.008794377583582147,0.17807197301194067,0.09219949707354824,0.5491016159042132,0.18251124532080396,64.0,-0.2,0.018985049733659443,29.866358,57.709,228.04,247.73,0.0,0.0,-0.0004469429291690008,0.09855903375345625,49.8190893178742,-0.19362264908594323,0.19272876322760524
JCI,Industrials,152.21,0.06582178640131064,0.09397345046561045,0.11225344375101676,0.46775661151759373,0.29103945951125504,74.7,1.09,0.039756864188021046,43.488575,70.107,131.76,143.45,0.0,-0.00516440440745311,0.0102197814301313,0.09855615574686531,54.12943061188757,-0.1829502838337247,0.2033898466939873
JPM,Financials,357.52,0.0625612616774156,0.18878045236350371,0.11962936599653884,0.26981123895100234,0.22317376438684372,68.8,0.81,0.013838402230386349,15.265584,0.0,313.24,332.29,0.0,0.0,0.017695888057119042,0.09855263168614518,57.12501089807315,-0.1754672700477255,0.2108590461619636
KVUE,Consumer Staples,19.23,-0.012833675866262384,0.10640778936452144,0.08578129009934066,-0.07516909347003609,0.3261366045537696,53.3,0.11,0.011572820131808825,22.623528,82.975,17.62,18.71,0.0,0.0,0.007752380223137257,0.09854534806612533,53.13517102189487,-0.1853965019864684,0.20090126243274292
KDP,Consumer Staples,30.01,-0.052415530262492016,0.0483440518325835,0.07323875565315019,-0.0849489913717969,0.2941652536335717,45.3,0.05,-0.029116778485058004,30.622448,89.104,28.7,31.02,0.0,0.0,0.004395218105224358,0.09854358085278345,51.77876340023852,-0.1887502003662312,0.19754063657667992
KEY,Financials,22.73,-0.024463507016669217,0.06273878494413276,-0.001187471471936652,0.360791161449435,0.23712418581393177,40.7,0.84,-0.0035072304068004545,13.215116,0.0,20.96,22.66,0.0,0.0,0.019178105524428748,0.09854681112157451,57.71505079860111,-0.17397364427385728,0.21232985532271478
KEYS,Information Technology,340.97,0.05874868543667566,-0.05364970088029197,0.4763801936620824,1.1145426432291665,0.43166906872212124,63.4,1.89,0.05927486316437758,54.38118,43.642,273.14,332.17,0.0,-0.09833784832313747,0.017889602555733693,0.09856832739612428,57.20102482483005,-0.1753043191406699,0.21108352425213728
KMB,Consumer Staples,109.68,-0.02428612461520463,0.13097855605842335,0.07888269120723468,-0.158806680873822,0.2710361471494989,52.5,-0.02,0.019709955324489048,21.463797,348.933,103.37,106.29,0.0,0.0,0.002505819440163341,0.09857888223652884,51.01397951869928,-0.1907087897434332,0.19572042862375988
KIM,Real Estate,24.46,-0.01688103257480189,0.05314184300422009,0.1454098252011018,0.20852532510239752,0.18428223826489912,24.9,0.12,-0.0373868858183487,28.441858,84.993,22.74,25.14,0.0,0.0,0.005139073227881793,0.09857041438332047,52.07898606153205,-0.18805893896342632,0.1983370854191899
KMI,Energy,30.85,-0.030561760201263666,-0.008648400433284187,0.03036864748055601,0.19918457775270815,0.1967613197775173,33.0,-0.14,-0.01751589948223986,20.163399,98.619,30.55,31.66,0.0,0.0,0.004584401706985122,0.09856176274703302,51.85493072778641,-0.18859665327719957,0.19776545669116982
KKR,Financials,102.81,0.06055286743710897,0.004796518726719601,-5.63982810986019e-06,-0.27214947294281333,0.3774343305359602,61.0,1.47,-0.035191442247715865,32.951923,69.029,106.8,97.03,0.0,0.0,0.020715237927966146,0.09854323703645174,58.32499501566565,-0.17242950666347925,0.21385998251941155
KLAC,Information Technology,198.11,-0.14430720043867695,0.061223563995318475,0.3764899748796835,1.1861153706205374,0.5958541680783942,45.2,2.83,0.08404925094583615,52.97059,92.718,164.61,221.43,0.0,-0.05351681700968541,0.028026538932328125,0.09863766549301256,61.184702600954296,-0.1653032854339765,0.22135636329863273
KHC,Consumer Staples,25.32,0.018913452963363442,0.07591423725665036,0.0637831285002246,-0.022832424277266172,0.2733917517396851,46.5,-0.05,-0.04163513922381601,23.458874,52.591,23.98,24.61,0.0,0.0,0.0058956037370684515,0.09854817300905867,52.38523284229901,-0.18725881536068653,0.19905002283482345
KR,Consumer Staples,56.73,-0.06293361935370934,-0.13118759041470096,-0.15089110753812918,-0.2148408692919611,0.2831570288205789,43.3,-0.71,-0.025592608162587127,33.568047,373.449,64.89,59.37,0.0,0.0,-0.009348281281672904,0.09866717948331405,46.22584480018449,-0.20273595306896844,0.18403939050562265
LHX,Industrials,286.67,-0.014100408366919615,-0.039409202488806305,-0.17395738270077232,0.06393965392750656,0.2788031939133693,53.6,0.25,0.03170671755785559,29.25204,34.574,316.01,295.29,0.0,0.0,0.007305763171820818,0.09853260266611326,52.95527513005204,-0.18581813805376116,0.2004296643974028
LH,Health Care,319.17,0.1530292122493664,0.2594326523996451,0.15746817853223494,0.24072978696850678,0.23262923483051723,76.1,0.28,0.038221324203936646,26.18294,79.124,268.99,279.67,0.0,-0.03653764940917864,0.007776156953943532,0.0985499570526721,53.14461998411323,-0.18538175886929376,0.20093407277718084
LRCX,Information Technology,311.35,-0.1112664686518613,0.0595795027068704,0.35034250541503353,2.157570955706555,0.6338801800643663,51.3,3.3,0.0568209551077401,53.222225,29.946,245.2,337.77,0.0,-0.11976477889745848,0.033465945843316885,0.09870364424468299,63.27157816351924,-0.15999319687626176,0.22692508856289553
LVS,Consumer Discretionary,45.77,-0.013444510580264968,-0.1327005937779382,-0.19425592446978857,-0.1178760883155332,0.3473277457311794,51.3,0.62,-0.02575562146152921,17.878906,1703.902,55.76,47.56,0.0,0.0,-0.00988678783013359,0.10021026588487021,46.070394427145686,-0.2062989089644792,0.18652533330421203
LDOS,Industrials,137.57,0.28546077031793304,0.06107104082383219,-0.28287346061939367,-0.20685191895588428,0.33404236677911164,78.2,0.42,0.15877700395633454,12.621102,123.276,158.44,114.22,-0.054396006120917606,0.0,0.010934347049532521,0.09859522217213103,54.41527277788545,-0.18231228840784428,0.20418098250690933
LEN,Consumer Discretionary,88.18,0.04639852637790609,0.0036866040101164455,-0.21789060186049525,-0.2472967183941155,0.3727584311954361,60.9,0.95,0.034976566475042326,13.300151,28.692,102.15,87.23,0.0,0.0,0.0218099664740676,0.09853719577111607,58.75851335193715,-0.1713229372373199,0.2149428701854551
LII,Industrials,439.77,-0.20335857530466162,-0.15429463709112323,-0.16578260884163576,-0.25168452190299095,0.4133009918509496,26.4,1.43,0.010965491985452491,19.519306,156.082,507.11,519.69,0.0,0.0,0.02425186206847109,0.09856058913696421,59.718227753594846,-0.16892689263997873,0.21743061677692094
LLY,Health Care,1185.71,-0.002414642029396119,0.2523075124054799,0.12432044512891394,0.8632740254141171,0.3847312997470772,56.8,0.32,0.057385653515862556,40.00371,162.071,1033.37,1157.55,0.0,0.0,0.0007019178214733708,0.09856330098522813,50.28410404951183,-0.19248215210957376,0.19388598775252047
LIN,Materials,489.98,-0.07514292208630824,-0.0033063654705245415,0.10025984381685737,0.05782676368094508,0.18815281976985365,35.3,0.11,0.019814385589981276,31.652456,68.947,474.99,511.83,0.0,0.0,0.004412850753018869,0.09855028393659979,51.785773258550414,-0.1887457057627167,0.19757140726875444
LYV,Communication Services,180.66,0.004839036700957866,0.10644295083750466,0.28273223771382505,0.21845281214215495,0.3113396632239707,49.7,0.67,-0.005668989847853911,20.90909,620.214,156.8,176.12,0.0,-0.0021999880233282143,0.005590692208689346,0.09869631696179047,52.258616511312916,-0.18785408903641998,0.19903547345379868
LMT,Industrials,587.95,0.12371477605665415,0.16838567290494755,-0.045963815454241,0.40175956023654047,0.2724779566114113,78.8,0.04,0.0028314217228697647,21.505121,234.238,547.21,534.17,0.0,0.0,0.0027811015604320317,0.0985808093224517,51.12532231368243,-0.19043728471157328,0.19599948783243737
L,Financials,115.53,0.004696068576043322,0.10618904919631755,0.03948424029036035,0.24216419890806185,0.16154757801071837,54.9,0.02,-0.006193558887768846,14.227833,44.609,107.84,112.23,0.0,0.0,0.00843288245030383,0.09854365097068982,53.4097902068517,-0.1847126734522482,0.20157843835285585
LOW,Consumer Discretionary,223.35,0.06190212776299231,-0.019501104926855084,-0.18884587476116965,-0.044523762120949995,0.27392421017564517,69.5,0.66,0.05323969006366869,18.443436,0.0,238.7,213.67,0.0,0.0,0.016025360819780485,0.0985427966583788,56.45925038862798,-0.17711852063064196,0.20916924227020292
LULU,Consumer Discretionary,128.58,0.07814857896931793,-0.019820025841536526,-0.256118037079783,-0.3272993499966591,0.45161808934040415,70.5,1.31,0.03970246409644029,10.100551,44.264,158.01,118.42,0.0,0.0,0.02709736060685752,0.0985683902907541,60.83070134067915,-0.1660966843630205,0.22029140557673554
LITE,Information Technology,890.17,0.1099237815875822,-0.01508077568809918,0.6126560239474452,7.010168315583016,0.9372966599953942,59.6,3.03,0.14140451370111617,147.13553,111.445,618.06,817.97,0.0,-0.290270031277268,-0.009659578231049536,0.09917391526120702,46.120421668587376,-0.20404045214301528,0.1847212956809162
LYB,Materials,59.59,0.057497813064800285,-0.16090628492494863,0.10606988270228901,0.2795342808609822,0.4334755523449617,46.8,-0.24,-0.016991072211238856,32.78361,132.759,58.56,60.12,0.0,0.0,-0.0007603660563473532,0.09863449270090835,49.6924613736034,-0.1940839717501277,0.192563239637433
MTB,Financials,250.45,0.033465382243564656,0.18883989920839817,0.06699768846835763,0.4035750628951793,0.21761100333499367,51.5,0.64,0.003888092180995839,13.244315,0.0,214.76,237.01,0.0,-0.01620341506571016,0.016880718949278527,0.09853966104284059,56.80095506979966,-0.17625701669468902,0.21001845459324608
MPC,Energy,298.2,0.050962227639156366,0.22243683001699033,0.4819617810959602,0.8824598503767551,0.3281658209304579,37.3,-0.07,-0.028759360998509176,10.372174,133.328,224.78,279.22,0.0,-0.17662463556542254,0.011651540241096414,0.0985984989133014,54.703414534153,-0.18160151762897433,0.20490459811116715
MAR,Consumer Discretionary,353.91,-0.059025238770786914,0.00404495055195131,0.06617980193213624,0.3701258132850038,0.27672905768765105,42.7,0.71,0.02041350910806705,37.17542,0.0,337.32,376.89,0.0,0.0,0.00986711399238375,0.09853423163535445,53.988299142524056,-0.18325998001291097,0.20299420799767845
MRSH,Financials,191.65,0.08089388732587333,0.18060757801237903,0.04699718335501113,-0.038001766220158606,0.2595156501219361,61.9,-0.29,-0.006170931673951885,23.573185,145.027,177.19,173.78,0.0,0.0,0.0012912228688194134,0.09856540434915347,50.522605944569996,-0.1918969696555214,0.19447941539316022
MLM,Materials,548.57,-0.05045690794352975,-0.06949095986606457,-0.20285696319257007,-0.08128457025755764,0.278318864770337,48.5,0.84,0.01161780582746319,34.963036,54.945,609.36,574.55,0.0,0.0,0.012373738742640108,0.09852542642311207,54.99714809877685,-0.18073609704665955,0.20548357453193977
MRVL,Information Technology,218.72,-0.0724735868488533,0.2859222617250192,1.7265005370626487,1.8897295798924971,0.7862515450609258,58.8,3.1,0.1287026659021262,72.42384,28.97,138.14,240.85,0.0,-0.4332886119021224,0.03499408054091012,0.09874059597651562,63.848200103657284,-0.15853748757306046,0.22852564865488073
MAS,Industrials,77.51,-0.004239391279358573,0.085602772727297,0.07334355254273528,0.13857105921809776,0.3549714600899942,50.0,1.18,0.03720057078036976,17.378923,0.0,68.72,75.72,0.0,0.0,0.022625629842383296,0.09853571169631355,59.08059146659238,-0.17050436508239125,0.21575562476715782
MA,Financials,562.95,0.06874363565322694,0.13807557143014026,0.02938144076770466,0.009333356970673501,0.22276507719930183,58.6,0.32,-0.014046200163937761,31.64418,439.583,528.16,521.01,0.0,0.0,0.000779834564140898,0.0986028065191333,50.31551407821232,-0.19248166621336035,0.19404133534164217
MKC,Consumer Staples,52.96,0.009723514091797059,0.10595834668334692,-0.2002928753255706,-0.22165800854636641,0.2987010147837806,54.4,-0.32,0.02795028365516994,8.696223,65.143,58.22,49.87,0.0,0.0,0.007985116458698012,0.09858095561664895,53.22792619458706,-0.18523355654993393,0.20120378946732995
MCD,Consumer Discretionary,274.48,-0.00043698148040927087,0.002145314709110613,-0.15061352766816993,-0.08694134276708876,0.18001760935429115,58.5,-0.03,0.034875389725323336,22.424837,0.0,299.64,273.8,0.0,0.0,0.006772077373577077,0.09854743566213969,52.73933373493499,-0.18638089652421672,0.19992505127137086
MCK,Health Care,869.58,0.07893691173598416,0.18265629343744072,-0.08160277576800834,0.3164255963818068,0.3124227862474313,58.9,-0.3,0.051309332990551404,23.363245,0.0,837.64,799.58,0.0,0.0,0.0028165017516643856,0.09859265512487692,51.13950559700348,-0.19042510229309437,0.19605810579642316
MDT,Health Care,87.16,0.03922738533189585,0.15491014198206754,-0.13834340891578933,-0.013656483093200555,0.23594853721234071,65.5,0.19,0.005537648306917831,23.058203,58.214,89.88,81.4,0.0,0.0,0.00804999082465618,0.09853740207908035,53.25552830193446,-0.1850833172503413,0.20118329889965367
MRK,Health Care,128.58,0.04079651026531517,0.16272801821041072,0.06998979102066927,0.6533366949625594,0.2743788787646554,65.2,0.12,0.006339557089064307,102.864,106.936,112.67,123.65,0.0,0.0,-0.021619379943896413,0.09863965494472528,41.325673201718516,-0.21495310363555797,0.17171434374776512
META,Communication Services,592.1,-0.11522548057397364,-0.027854993256290372,-0.1032622842682388,-0.22024520926574753,0.38283601461878985,33.7,1.41,0.003151235738574565,22.225975,42.997,631.3,599.62,0.0,0.0,0.024498164861709783,0.09854823738646289,59.81612574465848,-0.16865638041575748,0.21765271013917703
MET,Financials,97.77,0.07338477687509881,0.26958951397806685,0.29784701703214767,0.36224650767051747,0.23894050392359353,68.9,0.71,0.02144866121922062,19.170588,178.019,80.16,89.35,0.0,-0.0697091715604082,0.014265459465073306,0.0985434210650456,55.75510748397128,-0.17887964582241608,0.20741056475256267
MTD,Health Care,1429.46,0.10283366570213004,0.27124131636106563,0.04068960215636208,0.15562346889070122,0.3230022701879795,80.8,0.85,-0.010754352292387526,32.050674,16668.447,1320.9,1264.94,0.0,0.0,-0.24712731440667307,0.2142972239316852,12.441438560488027,-0.6671498733127761,0.17289524449942995
MGM,Consumer Discretionary,44.47,-0.05140784540321264,0.14642949654848092,0.1861829615826729,0.28118704677801487,0.3863517466958327,37.2,0.85,-0.0006741298718399014,27.115854,893.311,38.53,46.68,0.0,-0.004222534220559099,0.001839217190911008,0.09894600787185004,50.74151475627928,-0.19209495823791506,0.19577339261973709
MCHP,Information Technology,84.69,-0.04402296035332731,-0.1410327412317034,0.12638110068369346,0.31360969993029886,0.5036000423826,54.6,2.16,0.1258973819066711,124.54412,87.715,75.77,87.27,0.0,0.0,-0.0029283278363833737,0.09868547027919639,48.816378576890486,-0.1963518495836083,0.19049519391084152
MU,Information Technology,877.57,-0.10388030403024617,0.17527217304311238,1.2247173730210386,6.85714238874368,0.8107146511989866,50.9,3.4,0.05795058146379595,19.922134,6.33,535.02,970.87,0.0,-0.4902524671900329,0.04404680301709257,0.09895772587520417,67.18788816655197,-0.14991033969830758,0.23800394573249273
MSFT,Information Technology,499.99,0.29833804806530373,0.2070555815134676,0.2519733073091288,-0.03236377991410644,0.3203907363964909,81.4,0.94,0.02530502715541938,27.870121,29.118,433.08,407.01,-0.0784404239514353,-0.004505829134369255,0.011538455648549599,0.09863040014339831,54.65647461624451,-0.18177712863251108,0.2048540399296103
MAA,Real Estate,134.96,0.009408835309832053,0.055777115472121164,0.045910128303671804,-0.0055116183732455415,0.18974137750138523,53.3,0.07,0.011163598408156394,39.118843,102.377,132.16,134.28,0.0,0.0,0.0007292041911672398,0.0985389621124632,50.29522101870189,-0.19240716154926063,0.1938655699315951
MRNA,Health Care,59.17,-0.1332942569442077,0.08868444949670562,0.4428188390799519,1.223600030506109,0.693801574413653,49.4,1.63,0.0730866671002075,28.898304,19.036,45.59,59.3,0.0,-0.14782604083415127,0.026322840183926652,0.09861967545050425,60.523179665046456,-0.16697172369906166,0.219617404066915
TAP,Consumer Staples,43.37,0.1072249415183606,0.03488023975260868,-0.14333164348347383,-0.08627948285980147,0.2770299054614802,60.3,-0.24,0.03458971436724978,23.458874,74.069,44.46,40.37,0.0,0.0,0.003260369337790691,0.09856461098774444,51.31940054659982,-0.1899262681981884,0.19644700687376979
MDLZ,Consumer Staples,62.61,0.06425290942794981,0.025748334103188775,0.06100349450063969,0.03821968183843838,0.22979645069963564,60.1,-0.23,0.014255646762367569,38.411045,82.643,58.64,60.87,0.0,0.0,-0.0022634962606715527,0.09855773065388143,49.08386183492182,-0.19543664834227914,0.19090965582093605
MPWR,Information Technology,1401.54,0.03607496575869695,-0.12316125229511732,0.14365105413593526,0.7687382641050649,0.5303537181121786,56.4,2.56,0.042525528056232,82.63798,0.486,1219.57,1420.7,0.0,0.0,0.015667926921033744,0.09864967145354797,56.30961962903661,-0.17768542912792026,0.20902128296998776
MNST,Consumer Staples,90.36,-0.07218399038252887,0.04716652742660754,0.09474193855204005,0.48618423921414733,0.2661545909524445,36.4,0.22,-0.034099437064062266,43.652176,1.082,81.19,94.08,0.0,0.0,0.0018743351738166774,0.09855486131928436,50.75867031317174,-0.19129319301198064,0.19504186335961401
MCO,Financials,477.75,-0.019557541461112327,0.06108746385385744,0.060631253601373114,-0.06285985889840673,0.27746178229544155,32.1,0.52,-0.011606226252845908,30.028284,240.682,471.9,471.15,0.0,0.0,0.007772813950196145,0.09855034908786373,53.143258421730245,-0.18538587026201678,0.20093149816240904
MS,Financials,216.33,-0.02141059890495256,0.12652573669049705,0.21521343631110867,0.5699266329037391,0.2786891727851015,57.1,1.39,0.02414432706846248,17.264965,517.282,185.79,214.82,0.0,-0.014384788079896516,0.01567558019743395,0.09866983859746181,56.31139639864733,-0.17771730345359119,0.2090684638484591
MOS,Materials,23.06,0.07205947097012744,0.04977178687326922,-0.17864115819924298,-0.24658765382922532,0.43808713192999826,55.3,0.76,0.057313160504746996,32.78361,52.249,24.89,22.21,0.0,0.0,0.013242347010141653,0.09854296930678225,55.34495249595637,-0.17990187283115155,0.20638656685143486
MSI,Information Technology,467.55,0.10563276199955363,0.2212591724900428,0.11372011198643484,0.062290233831489905,0.25927583066318743,75.8,0.17,0.06944345749450531,37.314445,357.85,416.16,416.36,0.0,0.0,-0.0019236342476644294,0.09859692637527757,49.2217096628465,-0.19517360994320845,0.1913263414478796
MSCI,Financials,563.17,-0.06869414686892417,-0.03453267686553718,0.017303014606995015,0.04683007785045201,0.30229887785733967,29.3,0.32,-0.0196020575338941,31.06288,0.0,573.31,593.53,0.0,0.0,0.008766638393681065,0.09855608868677627,53.54394762149675,-0.18440329543240044,0.20193657221976255
NDAQ,Financials,94.59,0.07391001784176487,0.06770061186037202,0.12259675414786098,-0.006892103598308941,0.27302003968574445,61.5,0.63,0.004780082336517166,27.657892,77.687,89.36,88.38,0.0,0.0,0.01149694719699986,0.09852500792924189,54.64473999845699,-0.18161206834431423,0.20460596273831397
NTAP,Information Technology,189.52,0.12228347102718473,0.6109798249157585,0.848938631049049,0.8568778533479506,0.42709238021961093,80.6,1.32,0.0360813807652669,30.130367,202.295,122.71,166.72,0.0,-0.3944720604135401,0.02562179756762122,0.09868274425341227,60.24285174563171,-0.1677963811690668,0.21903997630430927
NFLX,Communication Services,74.14,0.01049470647733175,-0.15258885358425023,-0.09805350192006435,-0.37189188322722533,0.3466606275245324,78.0,0.27,0.01104592306515828,23.168749,55.236,90.13,75.67,0.0,0.0,0.010188135162018424,0.09857340552645742,54.11597126003276,-0.18301573966983814,0.20339200999387497
NEM,Materials,112.98,0.18564384795303002,-0.028033574469939704,-0.016016420419075472,0.6531238690148069,0.48209072494525246,81.9,1.54,0.18464926185590036,13.291765,15.807,104.47,98.27,0.0,0.0,0.026221314403916018,0.0986108167654704,60.48446140949157,-0.16705588645640598,0.219498515264238
NWSA,Communication Services,28.52,0.04201679149683524,0.05551443281226898,0.27285254621260946,-0.00804762954819438,0.2684056189293982,51.3,0.31,0.02075876566283741,27.689322,30.63,25.84,26.91,0.0,0.0,0.008781035150451243,0.09852969883682842,53.550700434298,-0.18433717456973245,0.20189924487063496
NWS,Communication Services,32.45,0.049143240955911605,0.03641013466758802,0.26977212961789543,-0.025929195341859668,0.27641021506141655,51.1,0.33,0.020761240276962134,32.77778,30.63,29.46,30.57,0.0,0.0,0.007417044082304676,0.0985298834975499,53.00028800997172,-0.18570152757289313,0.20053561573750248
NEE,Utilities,84.65,-0.03763071388182926,-0.08410292028924371,-0.040444355693152745,0.2000710616743948,0.22013329168603812,32.1,0.13,-0.021952645394393455,19.022472,161.676,87.72,87.04,0.0,0.0,0.007188850159824566,0.09855225326452279,52.907488030421476,-0.1859735662386401,0.20035126655828922
NKE,Consumer Discretionary,41.7,-0.06017575463646496,-0.046825211084076446,-0.3374155533132813,-0.4237486568163722,0.3558547416592395,41.1,0.72,-0.022044996251505244,19.952154,74.289,53.92,43.25,0.0,0.0,0.01715007914304626,0.09852983343517029,56.90907512994592,-0.1759683943898875,0.21026855267598002
NI,Utilities,42.61,-0.08538328650510063,-0.08185949419382754,-0.021217837634734282,0.032598342899619714,0.18551557338219132,32.1,0.15,-0.043116959837824376,23.032433,146.649,45.22,46.02,0.0,0.0,0.006643454966761137,0.09855382154601068,52.68721109457445,-0.1865220352634198,0.19980894519694206
NDSN,Industrials,310.11,0.08203063066075234,0.09684567726066318,0.0750042421777839,0.4815722446029078,0.21334087114359904,78.5,0.93,0.02475048032260574,32.990425,61.637,270.59,292.6,0.0,0.0,0.011374511213684164,0.09857102908587989,54.593360640277155,-0.1818247057946404,0.20457372822200873
NSC,Industrials,334.36,0.025081033016112197,0.0758734597845172,0.10002473881672946,0.2131542707731604,0.20428557539525433,50.6,0.27,-0.002871623512529009,29.227272,105.519,303.22,320.64,0.0,0.0,0.005751770905330622,0.09853054907314812,52.32752385603819,-0.18736810527803968,0.19887164708870095
NTRS,Financials,185.5,0.010623791423704398,0.1617822688441446,0.23172043904097683,0.5209699484359733,0.24526502341840623,54.9,0.93,0.018111981926625553,15.814153,0.0,152.53,177.49,0.0,-0.06612788813983572,0.02047695247013309,0.09854378621246555,58.23056654743257,-0.1726688685062994,0.21362277344656558
NOC,Industrials,571.58,0.05920725667204074,0.04472202005291459,-0.1878067374256519,-0.01164233037001594,0.2620463557580092,73.9,0.06,0.042135481651059736,18.047995,95.348,605.18,536.03,0.0,0.0,0.007555820533124701,0.09855625994761139,53.0554995373299,-0.1856144489641936,0.200726090030443
NCLH,Consumer Discretionary,19.25,-0.018358011175253486,0.1270491853622382,-0.17452829108430645,-0.21332241356074255,0.5408653321908838,48.6,1.99,-0.02580972788332281,11.666667,621.051,20.2,19.58,0.0,0.0,0.02594068024913703,0.09875989943141818,60.35952558572011,-0.16762872263644257,0.21951008313471665
NRG,Utilities,118.13,-0.1557518341847679,-0.14163117371658251,-0.2244171182353607,-0.21948979998195361,0.4728424376877852,41.8,1.38,-0.14689105068227626,30.924084,483.357,151.97,133.71,0.0,0.0,0.014613128574090056,0.09863742969860557,55.88877782115333,-0.17871623363517686,0.20794249078335697
NUE,Materials,272.63,0.19905885005758028,0.2013167830673117,0.4220685716214103,1.0051048189185345,0.30915958956328893,81.5,0.94,0.04344001131561148,21.74083,30.512,194.73,246.13,0.0,-0.2500558465428949,0.02167067308075748,0.0986003402152301,58.697989832245135,-0.1715859937410935,0.21492733990260848
NVDA,Information Technology,223.96,0.06162305454242989,0.041919285601567324,0.20939084203098357,0.24057241598602208,0.36543458927596734,65.6,1.88,0.08381730243600849,33.577213,6.555,193.98,206.05,0.0,-0.004560978221128581,0.024696027500869,0.09858455269641703,59.890198910546275,-0.16852969578410837,0.21792175078584636
NVR,Consumer Discretionary,6390.14,-0.01377444452591603,0.0696460410980233,-0.20221374442275342,-0.1839360004629369,0.27626315957900044,48.2,0.57,0.029986627574364988,16.393383,32.15,6907.61,6412.38,0.0,0.0,0.01607242803419965,0.09852713418844701,56.4790748095829,-0.1770407549751565,0.2091856110435558
NXPI,Information Technology,239.71,-0.17980565693506878,-0.18397576865970278,0.0777967812576732,0.1848410880759377,0.4962254909700678,36.7,1.85,0.06932242794243226,46.09808,93.325,241.79,282.11,0.0,0.0,0.02014054992160182,0.09856052212065954,58.09588394903164,-0.17303807343489086,0.21331917327809452
ORLY,Consumer Discretionary,93.53,0.0840287448142576,0.006131666312800377,-0.007323311743437255,-0.09606651516514497,0.254551117770574,72.0,0.01,0.04200085286701105,29.692062,0.0,92.88,88.46,0.0,0.0,0.004868747423496327,0.09856259667537072,51.969874606189194,-0.18831394206023028,0.19805143690722293
OXY,Energy,55.91,0.05709965007779405,0.059178696045211865,0.21863380540849486,0.3091585362727356,0.3517129435119411,52.4,-0.56,0.007932190680117746,16.54142,34.511,50.58,54.42,0.0,0.0,0.0019079339026999752,0.09864016210556054,50.77160055999463,-0.19142678382419867,0.1952426516295986
ODFL,Industrials,216.36,-0.04951018772003679,0.09229182806869662,0.07145146195781327,0.4984781526852329,0.3844163364954657,35.1,1.02,0.02288197919879087,40.66917,0.44,190.12,226.52,0.0,0.0,0.012545976228495053,0.09854184799439428,55.06549409944024,-0.18059604584051775,0.20568799829750783
OMC,Communication Services,85.24,0.040400311805987466,0.11797678266661116,0.2453250613183915,0.2199239366698691,0.3555426874604248,55.2,0.39,0.07531224263304304,224.31578,107.744,76.91,77.84,0.0,0.0,-0.05690969557845225,0.09911175326262643,28.291716702497272,-0.25116873197320005,0.13734934081629557
ON,Information Technology,81.17,-0.15412673047764258,-0.21346898673209813,0.24493868049381384,0.7056103784133183,0.6152865889033646,43.1,2.64,0.009577072493195837,51.373417,65.055,75.7,101.34,0.0,0.0,0.02678642726782492,0.0986273399014713,60.70322442553052,-0.1665231589390588,0.22009601347470867
OKE,Energy,86.42,-0.027464295471447797,0.02689534385844583,0.08135848258297762,0.2070902542572013,0.2600976951611871,31.3,-0.41,-0.020625563677302505,15.188048,143.07,82.31,87.98,0.0,0.0,0.002747919144905434,0.09859428426785205,51.111747224491985,-0.19049687802008458,0.19599271630989545
ORCL,Information Technology,147.02,0.0453640849722734,-0.24709629203380912,0.03659668987607123,-0.4037624384747892,0.6692814696854488,71.8,1.99,0.036446936527958274,24.626467,388.87,179.31,159.92,0.0,0.0,0.025846684777960344,0.09870245492741815,60.32871067450017,-0.16761012687977922,0.2193034964356999
OTIS,Industrials,73.99,0.012313607483550149,-0.005101589639286863,-0.1677170737333754,-0.13556474540073205,0.21127914956804783,52.2,0.32,0.024934137158732828,18.971794,0.0,81.92,72.13,0.0,0.0,0.01234179914433402,0.09853586638333672,54.98379133281719,-0.18078849896700594,0.205472097255674
PCAR,Industrials,133.11,0.06855583957974565,0.16808209717908107,0.05120630287778294,0.41034200502249085,0.2773548242619088,64.8,1.01,0.007950954650683961,27.789145,72.91,116.87,123.3,0.0,0.0,0.014640458792209304,0.0985371022034749,55.90567360609633,-0.17849226152660153,0.2077731791110201
PKG,Materials,256.04,0.11920270911033803,0.14757522127283051,0.08535514482710083,0.3464136786037797,0.2854246793554753,75.8,0.69,0.019714095659828734,32.78361,95.185,218.64,233.96,0.0,-0.021038471269433145,0.009536356510487953,0.09854451983929953,53.854629497535555,-0.18361090237453911,0.20268361539551502
PLTR,Information Technology,172.01,0.3566526797443277,0.24825827792056598,0.26571009736657314,-0.05592756647685859,0.6030098023687546,70.0,1.95,0.3689613403737899,133.34108,2.139,152.28,132.6,-0.14720374668228267,0.0,-0.013547156734252679,0.0989983878017627,44.55777650941148,-0.20758399682570758,0.1804896833572022
PANW,Information Technology,363.86,0.11644313234643189,0.7503366211516114,1.283831086017349,1.1645447480085056,0.411825718112646,57.5,1.26,0.04819514370242306,313.67242,7.698,218.11,315.95,-0.001627670724439867,-0.5182258140902527,-0.06281380314804819,0.09988095413836198,26.47116185491154,-0.25858047325923766,0.1329528669631413
PSKY,Communication Services,9.19,-0.023379412390671983,-0.1673492364886905,-0.12103758725854652,-0.2042362775246599,0.6819993262102289,61.4,0.74,0.11800477881311644,459.5,126.479,11.55,9.51,0.0,0.0,-0.12850419817990066,0.10130260577110359,10.23064794011217,-0.32705730549126366,0.07004890913146236
PH,Industrials,1073.87,0.11713667679019601,0.221931402244542,0.10221026715290771,0.49333117182662733,0.2645331607232306,78.9,0.84,0.07653979277710699,37.60049,55.278,914.24,945.99,0.0,-0.024600517054351984,0.00980264497732223,0.0985577919149344,53.96138275189082,-0.18337062717594918,0.20297591713059362
PAYX,Industrials,120.04,0.1278581603517419,0.30788795970205474,0.24682757523833065,-0.10811901161573945,0.2751718701334992,60.9,-0.02,0.020141096145674275,24.548058,123.967,103.39,105.63,0.0,-0.011033429188493843,0.004989973973702683,0.0985457158172608,52.0192265116858,-0.1881596290281285,0.19813957697553386
PYPL,Financials,59.07,0.2752590691710364,0.30625347761286204,0.47066201913218775,-0.12662609343439646,0.418820568449806,61.3,1.08,0.02073614627765763,11.294455,71.751,51.9,48.48,-0.06847974021731551,0.0,0.019530148665218506,0.09860175006012625,57.850524869271936,-0.17372928145262895,0.21278957878306598
PNR,Industrials,68.89,-0.09186280591567719,-0.09931041444558641,-0.28708638290816935,-0.31674171405887985,0.32634515644574447,73.6,1.02,0.027135823812515447,18.03403,47.067,90.14,70.69,0.0,0.0,0.020450378799892185,0.09854991810188607,58.21953384237515,-0.17270746067980453,0.21360821827958887
PEP,Consumer Staples,139.02,0.011937686208756348,-0.09143286867921718,-0.16864487457926103,0.004197854912232124,0.2130093251960805,61.0,-0.26,-0.004368692895653226,18.148827,238.949,149.41,140.39,0.0,0.0,0.00165735243999122,0.09856394341742668,50.67078972533,-0.19152797665816507,0.1948426815381475
PFE,Health Care,26.76,0.1265261455822544,0.060285747710590254,0.016810632038251283,0.18187120655185374,0.23254497211151576,85.5,0.31,0.06911703934388425,34.307693,74.253,25.87,24.74,0.0,0.0,0.004417300064474396,0.09857314107637549,51.787158356785945,-0.1887860564452216,0.19762065657417036
PCG,Utilities,17.46,0.016889866446716084,0.08965675353025815,0.07079375009211741,0.17243084067047065,0.2609223048699026,50.4,0.19,0.0017211003311323747,12.561151,189.45,16.73,17.07,0.0,0.0,0.009412807831991393,0.09853634662594693,53.80515800501781,-0.1837184315548646,0.20254404721884736
PM,Consumer Staples,189.57,0.043772780645113585,0.11785274262472778,0.05490925782928979,0.16807722307425577,0.2791459859176324,46.1,-0.19,0.011525551570895631,25.826977,0.0,170.73,183.27,0.0,0.0,0.003828050851497468,0.09856804091155735,51.548968111306415,-0.18936530933515494,0.19702141103814985
PSX,Energy,203.91,0.08255469845705266,0.19719284087703293,0.31228722566423306,0.7678124675896432,0.30092531868071154,42.2,-0.19,-0.011057756206898528,11.739205,62.884,162.0,188.63,0.0,-0.10868352521570254,0.009086690242616876,0.0985825621781365,53.67198653412928,-0.18413513162653067,0.20230851211176443
PNW,Utilities,101.03,-0.05707888792848148,0.02719025827208199,0.09979255252088803,0.1190193343483954,0.1670452708549672,28.7,-0.14,0.0021823353440242332,19.354406,233.288,97.6,103.41,0.0,0.0,0.002943521138712078,0.09858160455529356,51.19101385590762,-0.1902764237896633,0.19616346606708746
PNC,Financials,252.56,0.010573435057978697,0.1739614709502948,0.057939474699481464,0.3941360911867857,0.2167614602292686,55.2,0.6,0.0033370265923133857,13.930503,0.0,218.31,241.37,0.0,-0.006880095343638953,0.015868235986256814,0.09853904934323619,56.396708352146284,-0.17726830072648614,0.20900477269899975
PPG,Materials,119.72,0.025351139348379403,0.09935720425360106,-0.042027685701097495,0.1582139434228187,0.3046566631257379,56.2,1.08,0.05008331705537361,16.814608,86.938,109.92,116.98,0.0,0.0,0.019886801171484895,0.09853004236087921,57.99771013341274,-0.17323208185583835,0.21300568419880814
PPL,Utilities,35.46,-0.008943535655159929,-0.004596004560024625,0.0025855149469555805,0.005929443806635071,0.1760607919110422,50.4,-0.02,0.007386315792553777,21.233534,135.116,36.47,35.74,0.0,0.0,0.005080485288099058,0.09853932517944791,52.05595358425607,-0.18805659206361883,0.19821756263981696
PFG,Financials,113.4,0.010425003421093093,0.13735876049365436,0.18484516050243238,0.5551231108896748,0.21921331238236746,53.7,0.63,-0.015026455040479947,16.434782,35.307,95.82,109.95,0.0,-0.03340973866764044,0.015175963838987703,0.0985349802973967,56.12014412869853,-0.17795259754390982,0.20830452522188522
PG,Consumer Staples,145.79,-0.0010995283852290871,0.0031301842298308014,-0.07027498258923326,-0.02223477312084632,0.19658119904888954,44.0,-0.07,0.005656287911464775,22.224085,64.49,147.96,146.71,0.0,0.0,0.005603523655815334,0.09854466875753384,52.26727475503916,-0.187544027108951,0.19875107442058168
PGR,Financials,215.33,-0.06670422723744096,0.11044132353703762,0.06548578742421962,-0.06518216566450363,0.25655147607534345,54.1,-0.48,0.023139765094698284,10.798897,24.428,210.54,211.98,0.0,0.0,0.00547229063242215,0.09858795491084058,52.213259814908966,-0.18776010099282536,0.19870468225766968
PLD,Real Estate,140.16,-0.005040047417390059,-0.020214844927078146,0.03916047429613778,0.3613758223272858,0.22429535901094175,35.4,0.46,-0.027679433946006693,30.940397,63.823,135.76,143.16,0.0,0.0,0.008034814639895721,0.09854144388735192,53.249271461340165,-0.18510641537931405,0.2011760446591055
PRU,Financials,121.28,0.05122645308153939,0.21945202640042138,0.21206704380880526,0.27002433564332873,0.22857579768648165,60.0,0.67,-0.013823422761688131,11.01544,127.042,106.25,112.47,0.0,0.0,0.01574596027283393,0.09853285229712488,56.34823288183692,-0.17737843022953084,0.2088703507751987
PEG,Utilities,75.66,-0.06070762513201078,-0.010530953796345721,-0.04611188152401513,-0.10642538997275097,0.18653227821585666,36.7,0.14,-0.012529353302789814,18.63547,142.409,80.74,79.2,0.0,0.0,0.008339534915019948,0.09854615082811384,53.37205082509765,-0.18481092070808317,0.20148999053812308
PTC,Information Technology,147.71,0.18414309157824071,0.007228181803615064,-0.05143844364272332,-0.2834828470184777,0.33319371731713066,72.5,0.44,0.05612759952279456,14.326867,46.335,152.61,126.71,-0.01574202644849379,0.0,0.014185163475281506,0.0985552520669552,55.722255196131556,-0.1789831305759507,0.2073534575265137
PSA,Real Estate,328.4,0.024457188662342588,0.06562082574092054,0.16663627481633703,0.2047908328061936,0.2301223711795995,62.6,0.38,0.007671064887451617,31.246431,109.632,294.49,318.37,0.0,0.0,0.006136948106935869,0.09853034330447812,52.48320053338899,-0.18698252476984123,0.199256420983713
PHM,Consumer Discretionary,132.9,0.06533061239666837,0.13298067636589317,-0.012022275210904487,0.11012955327137197,0.33376321263005587,63.0,0.93,0.027921732522347975,13.22388,19.065,124.37,126.52,0.0,0.0,0.020525520022708056,0.09853676164154647,58.250387252036084,-0.17260653279472302,0.21365757284013911
PWR,Industrials,671.86,0.020195559770217253,-0.09803670289322175,0.3227345576631968,0.7359805946844185,0.430794313980738,57.1,1.66,-0.01226113893824854,76.347725,67.78,567.42,676.43,0.0,-0.03405698995027065,0.007001241221916946,0.09856881454747114,52.83126499026397,-0.18619363529112648,0.20019611773496038
QCOM,Information Technology,167.86,-0.11260310128670403,-0.2310009929785477,0.23461267213624004,0.17476349082101983,0.5222768135510848,48.2,2.09,0.10747504452703094,18.305344,55.21,168.91,191.69,0.0,0.0,0.032553219179723876,0.09858079698242005,62.93826277656702,-0.16066514290581943,0.22577158126526717
DGX,Health Care,238.35,0.14900695766642325,0.27711771880479397,0.26035856927309853,0.3917090328256285,0.2375923389215173,87.7,-0.17,0.027592193315275404,25.329437,81.074,195.24,210.65,0.0,-0.07081419829932989,0.003178564155770901,0.09860124123818012,51.28582969481435,-0.19007986867106214,0.19643699698260392
RL,Consumer Discretionary,395.53,0.0015953529818935053,0.10614250173891882,0.15951115747702738,0.41101343076618413,0.3557148686699346,62.7,1.29,0.04040293765694969,24.923126,109.627,362.1,386.45,0.0,0.0,0.018615169148217644,0.09853764142909764,57.49200055830145,-0.17451860805281372,0.211748946349249
RJF,Financials,176.56,0.050202252477602016,0.1481200200907975,0.03318623876287341,0.098050030158086,0.25221931798702124,65.4,0.76,-0.006303439685700574,15.624779,47.594,158.67,161.55,0.0,0.0,0.016955435876699378,0.09853600274897417,56.831013105290616,-0.17617512951129,0.21008600126468874
RTX,Industrials,223.03,0.13831474055307025,0.27184409333398185,0.13109274755398626,0.45470304747798784,0.25711465376050247,86.7,0.37,0.02944844247658218,39.404594,57.02,189.41,194.84,0.0,-0.027515326913465782,0.003778805608364646,0.0985782356774243,51.5288934709669,-0.18943453631938698,0.19699214753611624
O,Real Estate,62.51,-0.008465781475858414,0.022662033304093,0.01437057181441781,0.15495983801572644,0.1645125137749521,26.0,-0.06,-0.015280422616539835,45.2971,73.095,61.43,62.44,0.0,0.0,-0.0022737979982045417,0.09858489145827985,49.07994650490202,-0.19550018525643303,0.19095258926002395
REG,Real Estate,77.12,-0.03139914486008133,0.003330514727011291,0.04503776063595466,0.10667982793279474,0.15960554282806047,19.5,0.07,-0.03960149669142721,25.879196,71.972,75.36,79.46,0.0,0.0,0.0059213596966320855,0.09859013850708405,52.39462214221241,-0.18731531177725266,0.1991580311705168
REGN,Health Care,784.36,0.1803406403088461,0.0988144800171693,0.001230292127961219,0.4088213294405245,0.3356318541340166,83.6,0.47,0.03308571129061977,19.121403,8.535,714.59,656.71,-0.044376921358863786,0.0,0.009820069408218654,0.09860535855137406,53.96649294128956,-0.18344643335247451,0.2030865721689118
RF,Financials,31.43,0.013217274060661532,0.14840047482130614,0.03573702326798145,0.326651544457885,0.2424426505583047,54.6,0.78,-0.0015882858255275023,12.7764225,0.0,27.83,30.0,0.0,0.0,0.018432915425784773,0.09853855722089898,57.41943703646364,-0.17470265672717722,0.21156848757874674
RSG,Industrials,214.56,-0.021167880721932875,0.07582434843190544,-0.018834062819470754,-0.07892581769923446,0.19035217785400738,40.4,-0.38,0.023566465778441348,30.390934,117.578,214.21,212.36,0.0,0.0,-0.0012574970085470945,0.09856725582273522,49.49105297524621,-0.19444931842110813,0.19193432440401392
RMD,Health Care,211.94,0.03958408553244919,0.028101378462801918,-0.21561454341907282,-0.23612497463319182,0.27618023305895945,60.7,0.45,-0.015102932121044743,21.49493,12.988,230.75,200.35,0.0,0.0,0.013166405637683605,0.09853240456907186,55.315049530979955,-0.17995710731769726,0.20628991859306445
RVTY,Health Care,114.66,0.021746430091650337,0.13595943031189162,0.13024591153321596,0.3298291744674344,0.3822652058187374,63.8,1.28,-0.004860246074126273,54.861248,46.225,99.44,107.77,0.0,-0.0030194725344291073,0.009992558736271143,0.0985449315156311,54.038394531564684,-0.1831555070343658,0.2031406245069081
HOOD,Financials,93.29,-0.1668304019069875,0.21108662071796136,0.1264187546399791,-0.161287439539468,0.7010417908466692,42.6,2.98,0.03265446864313648,40.21121,240.279,98.26,98.34,0.0,0.0,0.03447317044010502,0.09868921532844611,63.657185862674424,-0.15895769160364936,0.22790403248385938
ROK,Industrials,441.04,-0.06583069324261748,-0.025313392587430927,0.0696755401188307,0.34483599969515066,0.30995427344327237,41.9,1.44,-0.08303879897108979,41.334583,103.347,413.98,464.0,0.0,0.0,0.015466508823112343,0.09855103017596549,56.235357321749966,-0.17769351032178002,0.2086265279680047
ROL,Industrials,37.74,-0.15133796621312345,-0.29651234683560457,-0.41419472369262644,-0.34694754399233974,0.26820520927779684,16.0,0.12,-0.0117831098304223,33.69643,78.015,54.4,43.45,0.0,0.0,0.005658257260284696,0.09859029721093905,52.2883382427519,-0.18757872527315586,0.19889523979372523
ROP,Information Technology,402.25,0.13023323095924755,0.17458588960062071,0.11552004836852281,-0.2439348687143461,0.28680136926252986,65.2,0.05,0.02465800365585924,16.5535,60.531,380.98,352.68,0.0,0.0,0.009447953524004888,0.09855068093346743,53.818768534315645,-0.1837113811055913,0.20260728815360105
ROST,Consumer Discretionary,255.23,0.14514532544871295,0.13250251680345881,0.34357688952577714,0.774342837969991,0.2554600406139411,75.7,0.59,0.009173192170481403,35.448612,74.911,204.87,231.84,0.0,-0.09580071594634731,0.008609378578355587,0.09855108574703872,53.48071398873662,-0.1845507494858403,0.20176950664255147
RCL,Consumer Discretionary,320.0,0.12135124741685499,0.16864986533359216,-0.07076780033049379,0.05065293071343424,0.47207717372806374,74.8,1.64,-0.012345679012345734,19.801981,224.816,286.8,299.65,0.0,0.0,0.023768695252325472,0.0985882322991395,59.52575477299704,-0.16946424005398794,0.21700163055863889
SPGI,Financials,408.19,-0.05182345542065914,0.029375390087787556,-0.013234342762033724,-0.2218701314416227,0.30359398033069107,28.7,0.31,-0.019363357498123124,24.69389,42.98,433.73,412.62,0.0,0.0,0.01086629086629623,0.09855293403822564,54.38977842022985,-0.18229745984862603,0.20403004158121849
CRM,Information Technology,192.74,0.1801371347635412,0.06279536504631311,0.012389528202963795,-0.19307827826328927,0.41269490213664156,61.8,0.37,0.03651523880805341,21.656181,124.282,203.7,172.06,0.0,0.0,0.010922435521862827,0.09856071658434447,54.41202035288553,-0.18225656898345233,0.204101440027178
SNDK,Information Technology,1212.21,-0.36729616417536626,-0.22410615649774757,1.0272764214239878,28.79134927131217,1.1610646944071727,44.3,4.41,-0.058865140279970474,17.063766,0.0,872.25,1688.09,0.0,-0.23974924580182408,-0.010618124295396093,0.10707451640230325,46.050333575357996,-0.22048417644391047,0.19924792785311826
SBAC,Real Estate,184.03,-0.031573962208821915,-0.15138531329518556,0.03133550216740888,-0.15582102573367007,0.3449379152052947,51.8,-0.01,0.02500838621514445,19.682352,0.0,194.04,188.09,0.0,0.0,0.00899449507005541,0.09856959300695532,53.635310624290845,-0.18420190722357704,0.20219089736368784
SLB,Energy,50.53,0.05799833658107101,-0.04646275941169242,0.00778043241599069,0.5831115782818588,0.3514262318889771,62.6,0.79,0.024741378463369434,25.139303,47.002,47.19,50.14,0.0,0.0,0.013299383781022063,0.09853439617084533,55.368299079265704,-0.1798280327138348,0.2064268002758789
STX,Information Technology,812.76,-0.10719073556164327,0.039225550152111266,0.8977878220295714,4.533226446693768,0.7226153433691084,51.1,2.47,-0.022020056129194776,61.340378,179.88,533.74,891.91,0.0,-0.37277361111384355,0.019820551091496413,0.09871792102101147,57.95645678592628,-0.17366657410968606,0.21330767629267888
SRE,Utilities,83.88,-0.10955414043691003,-0.07702991909512935,-0.026231554602698215,0.04501285554737078,0.19875708627202138,25.7,0.16,-0.04388471396554827,24.45481,84.663,91.77,90.88,0.0,0.0,0.007428151053487278,0.09856418645320288,53.0037286589308,-0.18575765439479036,0.2006139565017649
NOW,Information Technology,124.88,0.15940950993305236,0.36959856147674564,0.23962676098418134,-0.28568163643926925,0.5459368469278337,67.1,0.62,0.09361585588455545,73.45882,67.538,123.35,107.32,-0.01366832003698884,0.0,-0.0024608231999495227,0.09863995121906903,49.004840754620055,-0.19579512758932482,0.19087348118942576
SHW,Materials,369.73,0.1070092571543022,0.1700291944438812,0.026322740386277133,0.06645042445214777,0.2752740328428953,69.8,0.81,0.043786374886157775,33.550816,389.958,333.38,328.69,0.0,0.0,0.006341010196229742,0.09859080807597152,52.56408699667294,-0.18689697363267443,0.1995789940251339
SPG,Real Estate,222.91,0.01892398093338432,0.11495900901148426,0.14206529473598462,0.4037300634341783,0.19173498445782078,41.3,0.27,-0.02727352024839147,15.436981,457.473,198.05,219.97,0.0,0.0,0.004443257099036225,0.09862077638412262,51.79678529991526,-0.18885346461384409,0.19773997881191654
SWKS,Information Technology,70.62,0.1695926051229273,0.0666912433941882,0.16086702722673984,0.07352474366324069,0.46373659025868913,70.5,1.58,0.1522271445861736,34.61765,11.869,64.34,67.39,0.0,0.0,0.021503224546506074,0.09856762869119769,58.63466316058834,-0.17168932768824138,0.21469577678125354
SJM,Consumer Staples,120.16,0.07670255649665858,0.22411854298479628,0.12053417001945865,0.12826884550896755,0.2881176583866716,62.4,-0.3,0.02263832903922869,23.458874,128.609,104.87,113.06,0.0,0.0,0.001117870395966344,0.0985754041080567,50.45240109390458,-0.19208992165582478,0.19432566244775745
SW,Materials,48.28,0.09156679355587838,0.17524717097047615,0.1160712860614368,0.13593308643074486,0.4407633985300518,63.0,1.45,0.02986343172534256,49.773193,78.427,41.41,44.65,0.0,-0.015955423680315634,0.014311509826484827,0.09854441580665804,55.7734976487262,-0.17883554515456493,0.20745856480753458
SNA,Industrials,416.35,0.0358511309513414,0.1208331440351944,0.14220673563352149,0.332957990929057,0.20583981689768704,57.3,0.62,0.01695122830250595,21.14525,21.595,371.04,397.65,0.0,0.0,0.0132525320037958,0.09853723730637426,55.34934799435325,-0.17988045311669773,0.20638551712428935
SOLV,Health Care,82.98,0.08187753140237031,0.1308259261766116,0.062211987192540175,0.1533009989788594,0.30149301465342027,57.7,0.65,-0.0577948944649509,10.144255,110.313,75.61,79.32,0.0,0.0,0.01677476359639002,0.09852654778770564,56.75957040022293,-0.17633727006751304,0.20988679726029308
SO,Utilities,92.69,-0.030540719070230482,0.018055068369131178,0.0456433078061953,0.003874344580677036,0.16950652892639823,41.3,-0.26,-0.0026899073965229725,22.38889,182.058,92.69,94.41,0.0,0.0,0.0014086501477284627,0.09856005845326604,50.570160955020235,-0.19176906442067299,0.1945863647161299
LUV,Industrials,47.05,-0.028494756543863797,0.1439228921008422,-0.12533016745125836,0.6215820906315017,0.4422841944301671,45.8,1.56,-0.00042490881439016803,29.40625,97.275,42.13,46.84,0.0,0.0,0.020599458313824814,0.09854243912604295,58.279207519164935,-0.17254372237321935,0.21374263900086898
SWK,Industrials,103.89,0.1776240983010544,0.2951829088096809,0.187669166977821,0.5802428991557924,0.38850788911680123,78.5,1.6,0.058913451669951655,24.67696,58.172,78.88,88.27,-0.02697090392487672,-0.16701713668440313,0.025660855687895008,0.09857037712621784,60.269549831850064,-0.16753708347949198,0.21885879485528198
SBUX,Consumer Discretionary,105.58,-0.004056223908223355,0.012092156922830943,0.07474816163507692,0.1905757307412601,0.2790907426187963,53.3,0.56,0.021379501071414397,60.67816,0.0,95.42,102.5,0.0,0.0,0.0006449325315537121,0.09854488003837353,50.261088164168996,-0.1925030323436584,0.1937928974067658
STT,Financials,184.68,0.02474748321423137,0.2415494805637899,0.4117061667261721,0.7249634592911456,0.24601569064300546,53.7,1.08,0.005498962905781335,16.314487,0.0,141.62,173.89,0.0,-0.1540895132767535,0.023978289224921717,0.09856679642121054,59.61016610762855,-0.16921263176065093,0.21716921021049435
STLD,Materials,262.45,0.14898001186794718,0.1188653302368381,0.30371719459740243,1.1757120396973066,0.3495427250419245,77.5,1.14,0.01575202123734254,23.751131,46.924,201.46,250.26,0.0,-0.15272040075952018,0.020068306036731976,0.09856279655583434,58.067060343438534,-0.17311477521270333,0.2132513872861673
STE,Health Care,237.47,0.09939815379955141,0.14811582467657214,-0.053052273313337506,0.013394822261037387,0.26344851602132474,75.1,0.48,0.02076169980969156,28.33771,26.222,234.39,214.99,0.0,0.0,0.009942610271386739,0.09854843119176462,54.01813471023741,-0.18321231486447193,0.2030975354072454
SYK,Health Care,339.03,0.02804900246903852,0.19079091579017882,-0.048662091350861636,-0.09003954674212611,0.27361283048497326,59.6,0.14,-0.006359945340264739,34.951546,64.391,342.3,319.24,0.0,0.0,0.003967539200392933,0.09853789943346887,51.60587101233867,-0.18916674368920602,0.1971018220899919
SMCI,Information Technology,31.13,0.09961143581852583,-0.11987559794060265,-0.09453175702087913,-0.3329762077967936,0.8868666717712336,65.9,3.62,0.08694133464325926,16.38421,120.798,32.19,31.86,0.0,0.0,0.05231327653513668,0.09886104528890345,70.16526489781762,-0.1414543722311141,0.24608092530138745
SYF,Financials,78.59,0.08958240361547287,0.07915434352649231,0.054411749201254356,0.16726422072906733,0.3147692833300514,65.0,1.25,0.013994793468269595,8.068789,0.0,74.56,74.0,0.0,0.0,0.02589682592930563,0.0985561286185016,60.3633066927971,-0.1672731861629575,0.2190668380215688
SNPS,Information Technology,415.99,-0.0662402014941077,-0.1945670578425357,-0.025510716182237325,-0.329405350742319,0.5672163176972077,67.4,1.65,0.0610094688787961,92.64811,35.574,448.46,434.7,0.0,0.0,0.0044042145220402435,0.09862628070483614,51.780908285831764,-0.1889032956594386,0.19771172470351908
SYY,Consumer Staples,84.29,0.005487284676430226,0.1712960425396166,-0.012038171894066862,0.07853105011637984,0.2711255792326814,66.7,0.18,-0.008119585951392505,23.030054,561.403,78.68,80.82,0.0,0.0,-4.157601844573543e-05,0.09867417364036712,49.983190706842464,-0.1934429563535653,0.19335980431667382
TMUS,Communication Services,177.19,-0.055540739486412916,-0.07993903934275948,-0.09312514008451533,-0.25686843162529194,0.2906338661775828,36.9,-0.39,0.0005647191009299224,18.82997,214.035,197.78,182.17,0.0,0.0,0.0019783454044309933,0.09859559567885444,50.80043399967914,-0.1912690221261237,0.19522571293498567
TROW,Financials,114.02,-0.03821177808585674,0.09549176341300059,0.23817518809376348,0.15303054535921312,0.2527092400141241,45.6,0.98,0.004492947733573782,11.401999,3.702,102.76,112.15,0.0,0.0,0.02186308980374289,0.09854457564476139,58.77885265453682,-0.17128427845998945,0.2150104580674752
TTWO,Communication Services,246.5,0.0135690916659843,0.11816740037367257,0.26028940444459137,0.08834824505066252,0.3208621469688574,56.1,0.69,0.005506857585669156,20.90909,84.26,229.26,235.29,0.0,0.0,0.014384282226570575,0.0985224512481674,55.80393231912172,-0.17871972221983753,0.20748828667297867
TPR,Consumer Discretionary,162.36,0.15369861109560023,0.21983563829878694,0.07337398406789264,0.5159600423711004,0.4059214950007292,82.7,1.29,0.043243561757944304,49.5,574.912,135.95,145.72,0.0,-0.044236247897078834,0.003936413824834744,0.09872567830200052,51.590250815321816,-0.18956591564708625,0.19743874329675576
TRGP,Energy,256.87,-0.05589110447889767,0.04011029935350807,0.22667557792827586,0.5722541409095374,0.28193040558400256,33.0,-0.11,-0.029213948631974018,25.635727,585.249,225.38,267.75,0.0,0.0,-0.005152341131051282,0.09872104491687644,47.91882880751487,-0.1986455891681291,0.18834090690602653
TGT,Consumer Staples,149.7,0.10774010377647691,0.2065019036329696,0.3210839963672254,0.4786768180759373,0.3060255655467565,68.3,0.46,0.0023434270533875257,19.416342,117.548,115.76,134.89,0.0,-0.1432022820506386,0.014337888710820364,0.09854792287951915,55.783860119534445,-0.17881604013303715,0.20749181755467788
TEL,Information Technology,216.33,0.0797065340988925,0.05318237826439565,0.008900445057834272,0.09347035427524952,0.3382339389995407,61.3,1.59,0.05542274743960984,21.043776,43.441,219.47,206.76,0.0,0.0,0.02521414278362905,0.09855911835447109,60.09580197074579,-0.16796172919113428,0.21839001475839237
TDY,Information Technology,691.3,0.0893476432215099,0.11252370910026732,0.06754584964988863,0.25661204016717454,0.2603401464020519,78.2,1.1,0.030929358014027297,33.219604,18.565,601.69,636.76,0.0,0.0,0.014767029701988447,0.09856963369542283,55.95439924147968,-0.1784294523410403,0.2079635117450172
TER,Information Technology,379.31,0.054810876308506895,0.0547107164229057,0.2649094022479941,2.5720553415486593,0.7454983433019213,60.6,3.32,0.03693277806578621,52.17469,2.883,295.54,382.48,0.0,-0.13343794749064794,0.03396361822751618,0.09872997132073831,63.45787920732374,-0.1595471255611309,0.22747436201616325
TSLA,Consumer Discretionary,328.58,-0.1941829048877819,-0.23291704939800895,-0.2007491953977255,0.019579848492581986,0.46287597424246923,34.9,2.25,0.020181322252202705,293.375,18.373,408.8,380.44,0.0,0.0,-0.05556951664959074,0.09956361920934682,28.837755488121463,-0.25071421029991053,0.13957517700072902
TXN,Information Technology,286.08,-0.07678434324752226,-0.0008868553352538999,0.3051198938336177,0.5786596732062796,0.4226327147353323,52.2,1.44,0.0633362231866661,42.38222,78.036,229.11,293.62,0.0,-0.09864471138299635,0.017916168180725348,0.09853142215674734,57.21427250832375,-0.17520541924649946,0.21103775560795013
TPL,Energy,340.65,-0.1437082408505952,-0.13452344169475694,-0.06684763335795008,0.1854705340598113,0.48528438202689544,28.7,0.37,-0.16127046899991837,45.48064,1.077,386.84,393.1,0.0,0.0,0.004990706986808285,0.09861283198767838,52.018149557429794,-0.18829044370904133,0.1982718576826579
TXT,Industrials,89.43,-0.016279873471729323,-0.017151060369176796,-0.06256670806638776,0.15677182260679845,0.26798929727842385,47.4,0.76,0.03518926886219664,16.561111,52.285,89.73,90.6,0.0,0.0,0.01689669610020514,0.09852709111685856,56.80818917062695,-0.17621640248883763,0.2100097946892479
TMO,Health Care,594.0,0.1270278223274146,0.27869989090033087,0.0964450946339277,0.3110030354027946,0.3052412845241148,77.6,0.65,0.03478906970700835,31.246712,80.575,531.81,517.43,0.0,0.0,0.009364934455254109,0.0985507351322439,53.78531230809023,-0.18379450640394393,0.20252437531445214
TJX,Consumer Discretionary,161.36,0.06620856690183663,0.05561107346141947,0.04161561547422665,0.23755558964964352,0.1943057122821727,63.6,0.05,0.02450794038318449,31.515625,136.307,154.84,157.72,0.0,0.0,0.0015809646547998975,0.09854189773334356,50.64001871582959,-0.19156115490255346,0.19472308421215326
TKO,Communication Services,186.56,0.011713686190911288,0.00266378785351451,-0.11259367055762315,0.17866763584340783,0.3267427457317566,57.3,0.49,0.014409188427580544,65.69014,59.216,196.68,193.95,0.0,0.0,-0.0025855993003931614,0.09854895534711874,48.95342721004199,-0.19574155178074587,0.19057035317995957
TTD,Communication Services,13.8,-0.2933947923426743,-0.4020797124630606,-0.48964498064012985,-0.8437676904260731,0.6837667848136652,29.9,0.64,-0.24590159748271656,20.90909,17.264,28.45,18.92,0.0,0.0,0.019717371762303676,0.0987340525565509,57.91431118671877,-0.1738013712485361,0.21323611477314344
TSCO,Consumer Discretionary,34.56,0.13572136137681112,0.13672427266033993,-0.37068052549516806,-0.41218045651358926,0.3169349717352037,72.9,0.39,0.0763002403104791,17.723078,248.71,43.84,30.84,0.0,0.0,0.010442180544910161,0.09856101802682549,54.21875422404538,-0.18273741478766778,0.20362177587748811
TT,Industrials,482.31,0.005440869887733291,0.03697032073095019,0.06555211713328313,0.13446442875245213,0.28359130271282657,56.4,1.1,0.0457492389463352,35.726665,53.404,441.25,471.56,0.0,0.0,0.014350113567345146,0.09853376510990135,55.78958273765484,-0.17877606604806148,0.20747629318275176
TDG,Industrials,1225.25,-0.051186724618123236,0.008369855740468557,-0.04689118723258867,-0.08372143592466308,0.2728932566795889,53.5,0.67,-0.046913450826810865,38.313007,0.0,1280.5,1267.91,0.0,0.0,0.01004455012733455,0.0985298834639614,54.059951684176866,-0.18307402146202978,0.20316312171669887
TRV,Financials,384.31,0.13392535799759608,0.29484852011965224,0.28469239322080386,0.471299823603897,0.20668016000091252,62.0,-0.11,0.028061607267791056,10.37274,27.378,303.12,336.56,0.0,-0.1178456176952524,0.011222564582442118,0.0985666043570828,54.532469183157836,-0.18196797995744016,0.20441310912232438
TRMB,Information Technology,59.51,0.12665654421358385,-0.021217120587413207,-0.10037797507454371,-0.27884148397461883,0.31415791349303884,66.9,1.18,0.029762889405729798,30.675257,25.062,66.85,53.43,0.0,0.0,0.018436546534032896,0.09854473852723096,57.420421545612264,-0.1747111409793398,0.2115842340474056
TFC,Financials,52.35,0.013160447634474215,0.06597429899209972,-0.04252435405178967,0.27703335862602785,0.24103075785111103,61.8,0.74,0.008281978434910187,12.090069,0.0,48.99,50.63,0.0,0.0,0.0181682694218717,0.09854134536343892,57.313920087780446,-0.17497276749046858,0.21130930633421197
TYL,Information Technology,312.45,0.009596746527304356,-0.03737129480265633,-0.10305725066017746,-0.47941483374252924,0.3987125338582745,47.9,0.02,0.02261570815232017,40.31613,47.906,370.8,304.94,0.0,0.0,0.0030064520598410563,0.09858389282893812,51.21644106273347,-0.19021797788487765,0.1962308820045598
TSN,Consumer Staples,58.04,0.003631317271719059,-0.14405983577700332,-0.09588971579200067,0.06603309831543247,0.2551288628571443,50.2,-0.03,-0.026337857385486774,36.04969,44.025,60.09,58.08,0.0,0.0,0.0016738517346886659,0.09854597558820523,50.67759045065958,-0.19147626041819357,0.19482396388757092
USB,Financials,63.94,0.024515282535452876,0.16130405647150647,0.07353903402868078,0.5080214947773642,0.22474867477097024,54.9,0.75,0.0,12.737052,0.0,55.11,60.32,0.0,-0.010212348018511619,0.017794887911868038,0.0985421422191248,57.16519612259906,-0.17534771083761658,0.21093748666135265
UBER,Industrials,75.02,0.006439438176060852,-0.005699142777576993,0.0033435871502500714,-0.19046079502129099,0.35398251936473174,55.8,0.93,0.04761899181190499,15.46804,51.872,78.03,71.75,0.0,0.0,0.020376823550302917,0.09852812987415302,58.192175288623105,-0.172738311003037,0.21349195810364285
UDR,Real Estate,38.41,-0.029756526386193083,0.0443720787337365,0.03944661818438577,0.03033027111560571,0.20565740961259574,35.5,0.17,-0.007236980853847386,24.157232,156.144,36.85,38.98,0.0,0.0,0.006368857132831931,0.09854568516867958,52.57650929581804,-0.18678068579778004,0.19951840006344387
ULTA,Consumer Discretionary,565.15,0.2044970368941379,0.08353465603862209,-0.18138095744133464,0.11652213568899739,0.35268910468926334,81.3,0.54,0.05752147754401582,20.205578,89.209,555.0,482.81,-0.020550611884883135,0.0,0.01121440637348253,0.09857217697137634,54.528933568936026,-0.18198706049041508,0.20441587323738014
UNP,Industrials,293.13,0.021501301963553487,0.11336838282604988,0.17248337942564285,0.34638458419112284,0.22185781274094116,46.8,0.26,0.006524031950036813,23.92898,150.772,252.41,279.8,0.0,-0.011322547527985116,0.0067962605292042275,0.0985320298735424,52.74952960127521,-0.18632651802293887,0.19991903908134734
UAL,Industrials,129.56,0.028253948877728252,0.30106442233654995,0.1177637258667994,0.4726073268373352,0.48386839227389083,66.2,2.17,0.009112845038611761,12.097105,201.641,106.29,121.04,0.0,-0.0689534044664892,0.03376128278654794,0.0986025139408586,63.39742239990931,-0.1594996445375349,0.22702221011063078
UPS,Industrials,104.5,-0.07086335141993427,0.05439115387617588,-0.08178439608709576,0.29132345667931814,0.2930689139697099,35.7,0.81,-0.02217650122272341,19.423792,189.9,103.84,109.26,0.0,0.0,0.014378221681983987,0.0985376615926371,55.80061507104295,-0.17875559503958474,0.20751203840355273
URI,Industrials,1162.84,0.0614211254558068,0.24358778120209545,0.2982784427312273,0.37209441338046223,0.4295314976950689,73.2,1.03,0.042045953139362435,27.93274,166.793,907.12,1081.09,0.0,-0.1319056720726279,0.01768872184630589,0.09855581774304657,57.12192859787658,-0.1754806809300654,0.21085812462267717
UNH,Health Care,407.08,-0.04130754261838554,0.07743822430076386,0.49137121614445034,0.7083513698626629,0.37675638696836067,41.7,0.45,-0.019934512402027926,30.40179,69.211,345.93,412.26,0.0,-0.026766630276741366,0.00832830933635124,0.09854352159042748,53.36761225467439,-0.18481699298088664,0.2014736116535891
UHS,Health Care,173.54,0.11551060690293191,0.0224724050815448,-0.20411689795068333,0.031138839562322218,0.32129648362935215,77.6,0.25,0.02662091918320697,6.92498,68.74,190.88,152.34,0.0,0.0,0.013882284012273727,0.0985720279040527,55.59994227581667,-0.17931889067966955,0.20708345870421702
VLO,Energy,298.31,0.06688112657154521,0.24817747345442132,0.48453550317515237,1.2975694825168285,0.3550874218378973,37.6,-0.25,-0.030012391005640238,12.44514,40.148,222.19,275.36,0.0,-0.19259268578665392,0.009756329601491379,0.09863417780637097,53.93968383493429,-0.1835666588989957,0.2030793181019785
VEEV,Health Care,230.47,0.21223441584166047,0.38553568771604163,0.25494151309696855,-0.17618675587770982,0.3981327353965687,70.3,0.53,0.11743030894886353,38.60469,1.411,202.08,183.65,-0.10494556497939997,0.0,0.003213830635363301,0.09869903723762719,51.29880333653166,-0.19023628235038598,0.19666394362111256
VTR,Real Estate,93.36,0.029781566723790398,0.07617268952193279,0.14486900633730437,0.3935667772845399,0.21515671155844085,43.1,-0.25,0.027627982150659536,166.71428,84.928,83.4,89.18,0.0,0.0,-0.04565041629943031,0.09887636750554546,32.215114637228716,-0.23944809661029942,0.1481472640114388
VLTO,Industrials,98.34,0.06084141936700882,0.13409677570916578,0.08903655950281686,-0.08067503407807741,0.2279203831290487,62.7,0.28,0.0371229345538433,24.708542,115.978,93.67,89.57,0.0,0.0,0.007850225500261935,0.09853053874945442,53.17513405896882,-0.18526963044866873,0.2009700814491926
VRSN,Information Technology,294.56,0.09051872767757274,0.024751329996605786,0.3223992671834708,0.0884168976830999,0.2814682412235973,60.4,-0.04,-0.014486991460510468,31.74138,0.0,257.7,275.37,0.0,0.0,0.0034888114886060238,0.09855790616307664,51.41190478215443,-0.18968468459102417,0.19666230756823622
VRSK,Industrials,191.82,0.03468368280780809,0.11912056505497048,0.07666151508027363,-0.2682491029134605,0.33611832361339955,41.4,-0.4,-0.006680095707397915,29.151978,0.0,198.06,187.33,0.0,0.0,0.001920239537897816,0.09861183919105079,50.77679955637614,-0.1913589652765617,0.19519944435235737
VZ,Communication Services,47.06,0.11728401155458434,0.013600981352333674,0.04906333456212342,0.170538145946449,0.24903902702852873,67.0,-0.32,-0.0063344432684608876,12.255209,184.081,44.79,44.9,0.0,0.0,0.0033291909646376377,0.0985758048803527,51.347087752302656,-0.18987938660085366,0.19653776853012891
VRTX,Health Care,496.07,0.022002909729234243,0.154134286145565,0.037977053453587706,0.32063466942418684,0.27938288147228,60.3,0.49,0.053853683798810836,28.16979,9.767,454.68,473.16,0.0,0.0,0.0099188315933027,0.09853265409595945,54.0091970990337,-0.1832051704347778,0.2030428336213832
VRT,Industrials,272.4,-0.14570655958555967,-0.19858616856799627,0.39340168481970084,0.9563816464022183,0.6510920450113518,44.0,2.75,0.03554459812738897,62.050114,70.166,248.69,300.69,0.0,0.0,0.023863773649304303,0.09864809257165628,59.557431714172616,-0.169486487791142,0.21721403508975062
VTRS,Health Care,16.43,0.009834040744341799,-0.03607091717958788,0.1448642601758101,0.8186947133287623,0.3320667078860751,43.2,0.71,-0.06806573526454107,28.898304,93.625,14.12,16.55,0.0,-0.013280571882013925,0.010490688189256097,0.09852889066298373,54.2396548770436,-0.182625937510192,0.2036073138887042
VICI,Real Estate,26.74,0.028066110565648117,-0.057235534817825284,-0.03922708398252528,-0.1374992817344486,0.17841888079474816,48.3,-0.03,0.007535751646255973,10.2846155,60.277,28.3,26.83,0.0,0.0,0.010221103399359676,0.09854343252176022,54.13049417994025,-0.18292402434329036,0.2033662311420097
V,Financials,362.5,0.0387712374472553,0.13946951892177073,0.09777603867945261,0.10019372686549644,0.2198869332281123,52.2,0.32,-0.008669054916532914,31.549173,67.821,330.91,344.28,0.0,0.0,0.0064949680159203695,0.09852875390519511,52.62790495680497,-0.18662138963826205,0.19961132567010278
VST,Utilities,140.59,-0.1150069507885324,-0.04693424526037915,-0.057942283576191356,-0.3125760590520036,0.4962795770998872,37.2,1.52,-0.09843533322556741,23.628572,366.613,162.29,155.03,0.0,0.0,0.02092534778646386,0.09859917979378809,58.40347895192046,-0.1723290446093608,0.2141797401822885
VMC,Materials,284.69,-0.03576629147703214,0.005413703586067964,-0.11714932469705697,0.01651889709261911,0.27770668946876137,53.0,0.8,0.0038788607416355703,33.21937,58.22,290.03,288.48,0.0,0.0,0.012058436990024221,0.09852373200487587,54.87053930410285,-0.18104807773953246,0.20516495171958093
WRB,Financials,71.6,-0.00817293180955414,0.09996382976030116,0.027371264337868517,0.0495348655414003,0.22349171153096176,44.7,-0.32,-0.006797029943972799,14.824017,31.527,69.8,70.04,0.0,0.0,0.005608002498778171,0.09856597076474223,52.26859514737634,-0.1875813002001166,0.1987973051976729
GWW,Industrials,1277.55,-0.07138596865759395,0.03762940760174782,0.07089217394685488,0.3672654977458918,0.23699069444533796,30.2,0.57,-0.06833177842980853,32.682274,61.977,1142.03,1337.66,0.0,0.0,0.008906864882890518,0.0985485092523076,53.60075794060002,-0.18424821325163238,0.20206194301741343
WAB,Industrials,291.81,0.11714715020301236,0.09956329236413075,0.187557191839687,0.5605785579594316,0.2644765439460869,70.5,1.03,-0.015718297442985807,39.70204,61.686,245.22,272.83,0.0,-0.039968629042818615,0.011622528564625928,0.09854863100496532,54.69412066251175,-0.1815327882051061,0.20477784533435794
WMT,Consumer Staples,111.85,-0.017998270625940616,-0.1424518534463597,-0.143974358240737,0.0937272364018229,0.24439163725778087,48.9,-0.11,0.010297167365872717,39.52297,74.816,118.11,114.61,0.0,0.0,-0.0009668830204927481,0.09855014227227848,49.60860094156402,-0.19412516187415857,0.19219139583317307
DIS,Communication Services,104.91,0.09715541360261493,-0.021349062618365666,-0.02747124392247502,-0.057148117229403717,0.2576281113151458,70.1,0.69,0.06898312935158857,21.58642,39.404,104.45,98.61,0.0,0.0,0.014662415667425703,0.09853929868648131,55.91433458469349,-0.17847460975807766,0.20779944109292908
WBD,Communication Services,26.78,0.007145563481282036,-0.012172626937531295,-0.021198827147928312,1.2580102413045364,0.45578185183196135,62.5,0.62,0.02644693484178373,20.90909,94.199,26.67,26.51,0.0,0.0,0.010581600953913153,0.0985852767531113,54.27381904624704,-0.18264554148218498,0.20380874339001132
WM,Industrials,227.68,-0.024214670685017148,0.06173876630055597,0.012284053498172742,-0.008107913174087544,0.20374310328898432,33.9,-0.39,0.0055204700809659,60.232803,235.301,223.47,226.15,0.0,0.0,-0.01307182742807026,0.0986126770736624,44.72717631809509,-0.20635267449244857,0.18020901963630806
WAT,Health Care,406.86,0.08083838500613472,0.14566491075801968,0.06706175413360738,0.4635251271638938,0.3656031428810003,76.7,0.89,0.08571275005130508,100.95781,33.472,355.88,373.45,0.0,0.0,-0.010359231316898174,0.09862860482564233,45.81749200055633,-0.20367129677515713,0.1829528341413608
WEC,Utilities,107.63,-0.06376132471668339,-0.02783438352294909,-0.017529306743333195,0.004990301148467324,0.15688925764285788,30.8,-0.12,-0.015098842828606407,20.980505,157.985,112.29,113.28,0.0,0.0,0.004037264222235789,0.09856873217826571,51.63356586982225,-0.189157450847165,0.1972319792916366
WFC,Financials,87.25,0.006779632964880156,0.16011264706917672,-0.06084278038047253,0.1638725052275396,0.2657954471171008,54.9,0.78,-0.0015824820995135047,12.7372265,0.0,84.89,84.13,0.0,0.0,0.019002258456479078,0.09853461129290715,57.64612162905459,-0.17412557967761894,0.21213009659057708
WELL,Real Estate,236.92,0.023014818927144853,0.10762159160259199,0.2177027541458687,0.4177470891824071,0.22380714077273123,39.6,-0.07,0.016387781919376287,106.24215,41.375,205.7,225.81,0.0,-0.0018012971082714269,-0.022800266694403635,0.09865807443653184,40.861703903861226,-0.21617009259000602,0.17056955920119876
WST,Health Care,354.07,0.0016717024367935984,0.08708053903506818,0.4242551278036475,0.47657181633552237,0.3383888733118919,51.4,0.68,0.017617994021382533,44.649433,10.585,286.96,341.67,0.0,-0.08386408267700698,0.009036693801291636,0.09853130813212621,53.65373364772237,-0.18408467013767574,0.202158057740259
WDC,Information Technology,434.3,-0.2545358351959711,-0.09497244434495378,0.5380465760513267,4.850039308862838,0.7839059228658932,43.4,3.1,-0.1762451881066528,18.583652,11.868,341.21,561.18,0.0,-0.12283639507098629,0.036266394230883514,0.09887260846451129,64.31155998435311,-0.15752391835955862,0.23005670682132565
WY,Real Estate,25.58,0.09083151775981468,0.09644476950380709,-0.023166077442021593,0.03014486087696322,0.2706362261874316,64.1,0.35,0.013872389529132167,38.757576,57.625,24.16,24.29,0.0,0.0,0.0047589273773381196,0.09853461317941478,51.926023200032326,-0.18836891445431483,0.1978867692089911
WSM,Consumer Discretionary,251.78,0.13921379551177226,0.3872633422540639,0.14935074704837525,0.27918630850456183,0.34266314713609747,73.8,1.24,0.049958280129601684,27.698568,79.878,199.9,224.14,0.0,-0.10953984013527304,0.02075142519209262,0.09855272367251552,58.33853341865544,-0.17241191320603783,0.21391476359022304
WMB,Energy,70.4,-0.06158351538148854,-0.01445422155186249,0.06739307091550883,0.25467559439393694,0.2288249444593428,35.7,0.0,-0.0004259375147932509,28.617886,200.371,68.71,72.95,0.0,0.0,0.001723707406184637,0.09855654189425116,50.697695652114064,-0.19144711470654763,0.1948945295189169
WTW,Financials,344.82,0.19047130878742968,0.3499577505805749,0.052071528553124136,0.07356874754863951,0.2957643230976528,85.3,-0.1,0.009337594461295895,21.051283,91.39,298.63,283.25,-0.0673712924563572,-0.004674191228195762,0.001014939449702407,0.09864988159567796,50.41043649420408,-0.19233882847782638,0.1943687073772312
WDAY,Information Technology,179.64,0.2928391747756782,0.4053038943632963,0.10262706486999074,-0.1870757405066722,0.4986194009320076,67.4,0.2,0.0883974314942324,55.78882,56.936,163.99,140.87,-0.12525268960799127,0.0,-0.007638686094226489,0.09883767926762643,46.91983471420643,-0.2013605374587743,0.18608316527032132
WYNN,Consumer Discretionary,102.54,0.02776390062806966,0.003801639856296335,-0.12653783824252707,-0.03493648733882726,0.34325918929278926,70.2,0.88,0.04249695281860211,24.356295,0.0,109.62,100.55,0.0,0.0,0.016851606947643143,0.09854470928179523,56.78899590328874,-0.1762960232446755,0.2099992371399618
XEL,Utilities,78.07,-0.02485633180681912,-0.009210186026935019,0.04400798290130359,0.09896492422808034,0.19385185077384867,46.6,-0.0,0.004891198886298964,21.1,173.135,78.96,79.11,0.0,0.0,0.004665435637207479,0.09854155876722256,51.88808097843766,-0.18847601954654875,0.1978068908209637
XYL,Industrials,120.32,-0.0074245299192852166,0.062092251121317776,-0.1471905048661879,-0.15053535301303722,0.2411059608635394,49.5,0.81,0.010413149518831766,28.71599,28.642,127.72,116.07,0.0,0.0,0.014514131870428512,0.09853244825586613,55.85535942876025,-0.1786094667110691,0.20763773045192613
YUM,Consumer Discretionary,150.76,-0.07814601506639873,-0.00297617485897661,-0.06588104622534507,0.07785518729850649,0.22530177076340555,56.0,0.04,0.013171985315056478,19.205095,0.0,154.35,153.41,0.0,0.0,0.008433553112106737,0.09854395947899608,53.4100500741947,-0.18471260746672558,0.20157971369093902
ZBRA,Information Technology,376.49,0.3815133032883218,0.6656638157220547,0.4975735854209975,0.19138628081308617,0.5003013682637182,88.6,1.86,0.2909407876975365,33.376774,86.23,247.91,264.69,-0.27238731307512376,-0.36866511327515994,0.019446583477185246,0.09915474636849818,57.77432783609966,-0.17489671940507118,0.21378988635944168
ZBH,Health Care,96.55,0.05703970793467095,0.17583578403612,0.07962900353116686,-0.008780690001320535,0.32615037071975833,66.3,0.21,-0.004433906891023409,23.606358,59.204,91.02,89.85,0.0,0.0,0.008451970774728743,0.09854974160688296,53.41727888854359,-0.18470552277476188,0.20160946432421933
ZTS,Health Care,72.66,-0.031676606943664476,-0.11666657546136516,-0.423287104581764,-0.5004351138959799,0.3667725222445584,40.8,0.55,-0.057587482488758,12.702798,286.236,108.76,76.34,0.0,0.0,0.014567231229775074,0.09855926082423139,55.8750385900649,-0.17860891998571843,0.20774338244526858
