ticker,sector,price,momentum_1mo,momentum_3mo,momentum_6mo,momentum_1y,annualized_vol,rsi,beta,perf_1w,pe_ratio,debt_to_equity,ma_200,ma_50,ma50_proximity,ma200_proximity,pred_return,pred_se,prob_positive,conf_lower,conf_upper
MMM,Industrials,161.77,0.0008661720313003496,0.08008389840704888,-0.03914194385767811,0.0459256854979333,0.2601623590252592,36.8,0.78,0.02698070013157694,31.169558,396.497,158.14,154.73,0.0,0.0,0.006271075607569474,0.09760306617727449,52.56147379486671,-0.18503093409988852,0.19757308531502749
AOS,Industrials,60.53,0.004814028764108302,-0.03801931930470004,-0.1405574869636722,-0.09178889514551969,0.25959583289550736,47.3,0.74,0.00148908263786951,16.141333,34.981,66.47,58.89,0.0,0.0,0.01571947756741386,0.0975401148505146,56.40159550697421,-0.17545914753959474,0.2068981026744225
ABT,Health Care,98.83,0.09837658959765472,0.04257765863280505,-0.19466648264508646,-0.2324705664308947,0.27540577160004287,61.7,0.09,0.0596708796869867,27.683474,64.773,109.99,88.78,0.0,0.0,0.004289604913162087,0.09755571562284356,51.753616860034015,-0.1869195977076113,0.19549880753393545
ABBV,Health Care,254.39,0.15161918248225592,0.22589936489899065,0.17357531810004678,0.37622992628635266,0.2606652105834946,62.5,-0.04,0.03273427029786102,124.70098,0.0,223.34,225.61,0.0,0.0,-0.029144151098808788,0.09771084566882668,38.274879505185446,-0.22065740860970906,0.1623691064120915
ACN,Information Technology,144.61,-0.115823972378575,-0.2456246455343799,-0.4884941473865285,-0.4722712398447211,0.41781739167902354,68.3,0.37,0.06936334525744803,11.550319,25.035,216.22,157.22,0.0,0.0,0.014265710365832728,0.09759817330334782,55.81055381689616,-0.17702670930872896,0.20555813004039444
ADBE,Information Technology,235.31,0.13500863035665756,-0.05178113279290564,-0.22707267221270488,-0.349559099138815,0.36001471299917315,80.4,0.41,0.052182070295093474,13.461671,61.443,282.56,230.94,0.0,0.0,0.012574064501623902,0.09758856103878172,55.12609311488451,-0.17869951513438825,0.20384764413763606
AMD,Information Technology,500.94,-0.012517506744770257,0.8002586964017642,1.2403398424304877,2.1293103242845324,0.6889238758786397,45.2,3.07,-0.10208107460557281,166.42525,6.005,295.01,496.27,0.0,-0.5480199679927482,0.013845958660528361,0.09798732911968686,55.61849322102218,-0.17820920641405785,0.2059011237351146
AES,Utilities,14.8,0.010928951069668846,0.03327488800308731,0.08284921550094393,0.19515250455317656,0.3481449680886619,65.2,0.53,0.0013532109692164784,7.7083335,259.603,14.5,14.62,0.0,0.0,0.012263093641833313,0.09756660179276731,55.001112790254204,-0.17896744587199062,0.20349363315565724
AFL,Financials,123.02,0.047781218005084725,0.08747713779143051,0.12828123572109407,0.23860719039212164,0.17050805422517423,64.7,-0.08,0.009105019667077885,13.838019,48.276,112.54,117.24,0.0,0.0,0.005436058662096985,0.09756348958427181,52.221683600805605,-0.18578838092307576,0.19666049824726972
A,Health Care,136.1,0.06250423628215906,0.1531652362075615,-0.06337076055938695,0.20948730441404662,0.32822868628520097,52.3,1.0,0.013478389365365384,27.329319,49.733,131.03,126.54,0.0,0.0,0.014317866310298267,0.09753529764665976,55.835378148722704,-0.17685131707715485,0.2054870496977514
APD,Materials,297.29,0.06651731306275832,0.006381311074813434,0.12633235733885106,0.05613613029756692,0.26773025611195794,60.7,0.24,-0.007478350227035135,30.967709,101.611,274.68,288.78,0.0,0.0,0.0037312789901603038,0.09754423124838206,51.52566891063445,-0.18745541425666853,0.19491797223698912
ABNB,Consumer Discretionary,147.8,0.04674225386800046,0.07249115209450996,0.11303569940907954,0.08112058951984324,0.3005298578682478,58.7,1.16,-0.005517373787982671,36.493828,33.185,131.12,138.97,0.0,0.0,0.013240982795561573,0.09754569422279562,55.39871153946257,-0.17794857788111784,0.204430543472241
AKAM,Information Technology,118.81,-0.10203310595649806,0.22724925684131558,0.31064529022292064,0.5421858274491234,0.5628679676230679,57.2,1.01,-0.058483277122046595,40.549488,119.534,102.88,134.21,0.0,-0.004847863624660803,0.009804454040727982,0.0976025300268548,54.0007600206936,-0.1814965048119074,0.2011054128933634
ALB,Materials,119.46,-0.28083800707042916,-0.44455548151770163,-0.3237869321722646,0.7196051220921689,0.6194200145415023,23.6,1.5,-0.052280871144280816,30.975918,19.845,150.99,160.22,0.0,0.0,0.02059072372254344,0.09763808329723712,58.35127602712002,-0.17077991954004132,0.2119613669851282
ARE,Real Estate,50.14,-0.018587030839554264,0.0593938051588776,-0.08085971598600883,-0.3193297024426949,0.4489538915501944,41.2,0.86,0.04720130056634875,33.0126745,66.509,53.31,49.2,0.0,0.0,0.012887802957312396,0.0975551394754002,55.25505196058687,-0.178320270414472,0.2040958763290968
ALGN,Health Care,178.41,-0.00618315833296712,-0.03572586994764981,0.05424574937264759,-0.06218461674445119,0.5415519794990181,52.3,1.56,-0.005795448892834343,29.934565,2.797,164.3,171.76,0.0,0.0,0.022092496052504147,0.0975788243322013,58.95574271497933,-0.1691619996386104,0.2133469917436187
ALLE,Industrials,139.48,0.034181069009055376,-0.010352101140476355,-0.13015020174777658,-0.037549724440708254,0.2589132453763529,57.4,0.66,0.020859187168813964,19.054644,105.863,153.45,132.96,0.0,0.0,0.012432884158292369,0.09753461332229801,55.07163883989686,-0.17873495795341174,0.20360072626999645
LNT,Utilities,75.75,0.025866789772973853,0.04874368823170783,0.15072741724285876,0.24265257726055722,0.16193018281964117,48.4,-0.11,-0.008507873205457095,23.820755,159.526,69.94,73.74,0.0,0.0,0.0007999627750007997,0.09756093209684748,50.32711392841131,-0.19041946413482025,0.19201938968482185
ALL,Financials,241.86,0.08413646770620775,0.1368314232224055,0.24662984841966518,0.2612618110978686,0.24331684351171276,58.5,-0.26,-0.03875044702654351,5.350885,23.719,211.21,225.4,0.0,0.0,0.007124378171133576,0.09758805522202932,52.90987765296339,-0.1841482100640439,0.19839696640631102
GOOGL,Communication Services,354.46,-0.050341616999120875,0.055507795709428986,0.05681689248140609,0.9427840285502791,0.3037574650899354,56.1,1.37,-0.007615211592134519,28.334131,20.026,321.14,371.31,0.0,0.0,0.016646791819318153,0.09756809641042866,56.77375991982314,-0.174586677145122,0.20788026078375832
GOOG,Communication Services,353.81,-0.04659123756548511,0.06386680869119643,0.05340998970999444,0.9307847329118919,0.3004082910399676,56.4,1.36,-0.003436332774407469,28.259583,20.026,320.44,368.63,0.0,0.0,0.01655739181840646,0.0975679496947212,56.73774093533544,-0.1746757895832471,0.20779057322006
MO,Consumer Staples,73.03,0.0404615506355257,0.14139436612748613,0.22603155073614567,0.3249007520449605,0.23232792377926298,49.3,-0.39,0.01727257066382526,15.246346,0.0,65.2,70.92,0.0,0.0,0.002926109710891969,0.0975986721397636,51.195891294093,-0.1883672876830447,0.19421950710482863
AMZN,Consumer Discretionary,249.89,0.015813005648977363,0.0007609228823723946,0.05594762659894892,0.11962900065495408,0.3113566797133277,75.6,1.43,0.018545704408878372,29.855436,53.3,233.94,252.66,0.0,0.0,0.017494141023347346,0.09757873227656225,57.11419837947712,-0.17376017423871465,0.20874845628540933
AMCR,Materials,44.84,0.08256885888050869,0.13456817435529755,0.047283575291651614,-0.023568601514072363,0.3251240833339273,60.1,0.83,0.038443720140806326,35.872,143.74,41.8,40.21,0.0,0.0,0.008568190678852384,0.0975348284996154,53.50010572524177,-0.18260007318039378,0.19973645453809857
AEE,Utilities,113.1,0.023714654576203698,0.014403555335853913,0.11830422174046151,0.2010587519078162,0.17029587555401973,47.1,-0.13,0.0014166462657714263,20.341726,155.674,106.93,110.05,0.0,0.0,0.0019435647542785557,0.0975611951239358,50.7947000556073,-0.1892763776886356,0.19316350719719272
AEP,Utilities,133.13,0.02605013397157996,-0.0034419417056104074,0.1443326383900767,0.30198113660156944,0.18962806367281462,41.2,-0.05,-0.016982854000995973,19.693787,157.099,125.35,131.25,0.0,0.0,0.0031089919590022693,0.0975617504145891,51.271090818215534,-0.18811203885359237,0.19433002277159692
AXP,Financials,361.57,0.06403638725418692,0.1129657943119653,0.015201033852641821,0.1716497362486049,0.26382072420280517,64.6,0.99,0.03134811219375666,22.569912,177.847,338.75,326.95,0.0,0.0,0.013253342612411033,0.09755083787266941,55.40343687871161,-0.177946299618021,0.20445298484284308
AIG,Financials,78.03,0.037495010359685166,0.004200193033323307,0.08176153846235201,-0.013548109257172203,0.2416960741173478,60.3,0.12,-0.014399386333390218,13.5233965,22.647,77.63,76.12,0.0,0.0,0.009195739855129892,0.09755447014135855,53.754972833138446,-0.18201102162193286,0.20040250133219265
AMT,Real Estate,168.92,-0.08429556539739769,-0.04517107342149518,-0.02954501702933854,-0.21451769253267028,0.2557950074446076,50.3,-0.12,0.001957422375128859,27.245161,444.55,180.02,177.1,0.0,0.0,-0.0029771329232191135,0.09763088467431649,48.78366342908576,-0.19433366688487944,0.18837940103844122
AWK,Utilities,134.33,0.04561376628528602,0.03512568378230574,0.028374461921255145,-0.02718633449704755,0.22614642953891342,57.9,-0.5,0.027852164064962714,22.923208,142.33,131.56,127.08,0.0,0.0,-0.0023485045867321377,0.09759585900357678,49.04009517249909,-0.19363638823374263,0.18893937906027836
AMP,Financials,533.21,0.1312881360475524,0.16597093251776918,0.05769707722341888,0.029514366819143545,0.25983136347807323,81.4,0.86,0.052194355705503126,13.280448,56.246,473.76,469.21,0.0,0.0,0.01625415359062282,0.09757240118186616,56.61519238242819,-0.17498775272583486,0.2074960599070805
AME,Industrials,237.3,0.023285939186716398,0.0322089122698026,0.12747775231945147,0.34873654055430414,0.22821918881972625,44.6,0.92,0.014189278506034242,35.845924,22.489,216.21,231.12,0.0,0.0,0.010452226760586892,0.09755407509199608,54.266219413565096,-0.18075376041972543,0.2016582139408992
AMGN,Health Care,371.58,0.06824974265269379,0.07154163885345466,0.14594072077018638,0.280010987802614,0.2724575074426455,65.3,0.46,0.02253769116840365,25.840054,623.754,339.19,345.37,0.0,0.0,-0.0001198365370861065,0.0977113529887665,49.95107236985953,-0.19163408839506846,0.19139441532089624
APH,Information Technology,153.14,-0.034248246792224935,0.029612198445617688,0.047183434686515424,0.5334047259050834,0.4325598429652034,39.0,1.75,-0.03721864868484315,45.041176,133.051,140.48,148.16,0.0,0.0,0.016013395654657994,0.09757061701071451,56.518208878889155,-0.17522501368634247,0.20725180499565843
ADI,Information Technology,380.53,-0.08526442601130557,0.07849728010251833,0.28449646030215714,0.6027518956445757,0.34933183765458764,35.4,1.57,-0.038215582839471574,56.458458,25.81,323.89,407.22,0.0,-0.024875995607442913,0.012380145247974443,0.09757719197064259,55.04804913292578,-0.178871151014485,0.2036314415104339
AON,Financials,368.63,0.11217375563877718,0.10217236921836559,0.06821524815799074,0.04461358370525437,0.25289401578871185,79.6,-0.2,0.03275060895794457,20.243275,155.05,336.34,329.79,0.0,0.0,0.0009094737589723575,0.09759843911586129,50.371750089146786,-0.19038346690811578,0.19220241442606048
APA,Energy,34.28,0.000583784551766886,-0.08946045165367522,0.3052683257718092,0.9684445900880929,0.45701481176201775,55.2,-0.55,0.025119622819510745,7.990676,61.314,30.7,35.95,0.0,0.0,0.002342552302186115,0.09777227929359965,50.95574508435726,-0.1892911151132692,0.19397621971764142
APO,Financials,123.34,-0.1093298660944253,0.025247344167213415,-0.1367063602678651,-0.1794111974011472,0.35917413036895207,53.5,1.16,0.024929367552717796,77.57233,101.267,127.25,127.67,0.0,0.0,1.7641421105369324e-05,0.09756385838818468,50.007213643292936,-0.19120752101973662,0.19124280386194734
AAPL,Information Technology,333.26,0.11368807860408081,0.2663897839605174,0.28434831248709225,0.5920352344452113,0.24391208347339338,89.9,0.85,0.05689458970156602,40.34625,79.548,273.82,301.64,0.0,-0.06708139232713939,0.008270632385170352,0.09759324633500711,53.37683177845115,-0.1830121304314436,0.19955339520178428
AMAT,Information Technology,560.93,-0.01284688954100377,0.4404393913033937,0.862690978341347,1.9004919799395523,0.5576291077569383,37.7,2.56,-0.06899586277878633,54.6183,30.399,356.76,523.11,0.0,-0.4222819817143523,0.03888216236146981,0.09771581278545477,65.46519745081228,-0.15264083069802153,0.23040515542096118
APP,Information Technology,434.48,-0.1566770172906481,-0.0678194889397431,-0.29668479001875236,0.22216599433566286,0.7295280001943653,48.1,2.18,-0.14300366568486889,37.748047,162.888,533.28,506.24,0.0,0.0,0.024737548610010318,0.09766028198597466,59.99825899204587,-0.1666766040825,0.21615170130252065
APTV,Consumer Discretionary,59.26,-0.09774668017376154,0.030250310325487417,-0.28542146263763246,-0.15499785195492777,0.39731547503864006,41.0,1.44,-0.02162789136356813,35.27381,103.823,72.28,61.36,0.0,0.0,0.017387257921784065,0.09754924062270927,57.07330785451724,-0.1738092536987261,0.2085837695422942
ACGL,Financials,100.04,0.08057894725565129,0.030278089470720415,0.09584839426276881,0.12316157245188109,0.20817588449765986,63.5,-0.29,-0.010092981077651664,7.6953845,11.282,94.19,94.82,0.0,0.0,0.006135290776136644,0.09758568224341378,52.5065310002198,-0.18513264642095437,0.19740322797322765
ADM,Consumer Staples,83.0,0.06382983300699951,0.21647104761210412,0.30304881035896747,0.5854540716813654,0.26523200522304247,82.2,-0.04,0.032209877128896114,37.05357,46.128,68.31,79.15,0.0,-0.06501702487710753,0.00030539018561392674,0.09760135451205311,50.12482701584652,-0.19099326465801017,0.19160404502923803
ARES,Financials,125.43,-0.07075119072933012,0.0901184589272741,-0.2442419071532036,-0.2771127126259869,0.42729491650606344,69.4,1.7,0.029718437067045578,57.536697,168.762,135.75,122.98,0.0,0.0,0.011581057302654444,0.09758379302085869,54.72347987266705,-0.17968317701822858,0.20284529162353745
ANET,Information Technology,168.56,0.003273632936970472,0.04689151797615443,0.3475098128813021,0.5564172927865663,0.5511511831756826,51.7,2.1,-0.09841681907635846,59.14386,0.0,144.61,160.7,0.0,-0.01563590749620722,0.018009271557712023,0.0975973694638581,57.31996616497735,-0.17328157259144983,0.2093001157068739
AJG,Financials,255.93,0.18540991158383124,0.14593838400042425,0.002284036851980309,-0.16490930105445922,0.2969006633897424,74.6,-0.23,0.011221290367000814,41.47974,56.18,237.96,218.58,-0.02089252358426913,0.0,-0.0049265021429092054,0.09761450725818283,47.98743442209158,-0.19625093636894755,0.18639793208312913
AIZ,Financials,275.44,0.05714839894856949,0.23029203701828171,0.16599988528121856,0.5054373842643944,0.2410645482352228,73.1,0.25,-0.012370511763858838,14.125129,37.61,233.95,258.7,0.0,-0.02734761008955025,0.009822946942382173,0.09756339674483842,54.00988305079413,-0.18140131067750115,0.2010472045622655
T,Communication Services,21.98,-0.038242300663858475,-0.156276174522196,-0.04669919435768288,-0.1459567372988314,0.23650542789929316,48.6,-0.4,0.04022718481920129,7.4006734,127.233,25.39,22.95,0.0,0.0,0.004634386837859272,0.09758859570505526,51.893825964683906,-0.18663926074404905,0.1959080344197676
ATO,Utilities,178.04,0.04957842457842454,-0.04752121031443479,0.06710420757009228,0.17559268897620628,0.15906699226560853,57.0,-0.11,0.010442658171163854,21.926107,64.588,176.14,174.39,0.0,0.0,0.002583299381923218,0.097559121485983,51.05624867245946,-0.18863257873060346,0.19379917749444991
ADSK,Information Technology,217.06,0.0778627087873287,-0.10733675649957508,-0.16924372867153814,-0.2501468316466451,0.3382817726185439,74.2,0.55,0.04130487280596795,31.6414,85.419,258.95,219.98,0.0,0.0,0.007754422198946598,0.09755756363548271,53.16768104764945,-0.1834584025265995,0.1989672469244927
ADP,Industrials,256.56,0.15567566467835015,0.2900169650277369,0.008287742076620086,-0.12182445823547783,0.25747960163143574,80.6,0.08,0.06051587095096034,23.932835,69.259,237.76,225.17,0.0,0.0,0.0043525680805626904,0.09758014943643331,51.77889439222601,-0.1869045248148466,0.195609660975972
AZO,Consumer Discretionary,3062.16,-0.02098290682350168,-0.12241175774195201,-0.11820909918894207,-0.1684833584062383,0.2846297316302432,50.2,0.12,-0.003410741523620864,20.449844,0.0,3544.67,3172.02,0.0,0.0,0.008183605524236845,0.09755959125234263,53.34253304211117,-0.18303319333035473,0.1994004043788284
AVB,Real Estate,195.5,0.06817125471701813,0.16325687170469405,0.10746844127320743,0.006958483151586536,0.2109937013493412,65.2,0.32,0.019078418119144125,24.225527,81.307,179.91,185.48,0.0,0.0,0.006719305549254119,0.09754445075338282,52.74592415035318,-0.1844678179273762,0.19790642902588446
AVY,Materials,163.06,0.007040510144145307,-0.013021087561856493,-0.12454529613599097,-0.06415408814201973,0.24257529980655523,47.5,0.45,0.014622554580005387,17.666306,164.751,172.3,159.49,0.0,0.0,0.010042940224537745,0.09753887873077115,54.100401339434775,-0.1811332620877737,0.2012191425368492
AXON,Industrials,541.75,0.24428668957289834,0.37821822149778206,-0.13901334155904377,-0.2706356129695574,0.5811396979113046,66.4,1.25,-0.04250616527367057,217.57028,52.074,525.84,465.27,-0.01437816960262095,0.0,-0.04333149695888681,0.09803427452375565,32.92433200038122,-0.2354786750254479,0.1488156811076743
BKR,Energy,56.54,-0.08094927674220886,-0.06387672668842337,0.1393172562154792,0.48696942344906846,0.33686288473601717,48.2,0.79,-0.017720646862892098,18.063898,82.935,55.98,61.42,0.0,0.0,0.01413653067907357,0.09753824295922398,55.76181973827929,-0.1770384255210054,0.20531148687915257
BALL,Materials,63.15,0.08523806523847033,0.00018735696359195586,0.1345934052316986,0.09920124883925618,0.2674568867970729,57.6,0.24,0.023666768222909473,18.41108,145.542,56.42,57.92,0.0,0.0,0.007201913090886341,0.09754349960362126,52.9428300032494,-0.18398334613221132,0.19838717231398398
BAC,Financials,61.49,0.08180861212871049,0.1551016892444108,0.18443045185888352,0.3649677938685649,0.21666170457716494,67.4,0.78,0.0305011490760978,14.200925,0.0,52.95,54.84,0.0,-0.01134567415211371,0.015853299818177683,0.0975597363831577,56.45433008881262,-0.1753637834928114,0.20707038312916676
BAX,Health Care,23.35,0.14125129160882155,0.2878796007929605,0.17810557130848537,-0.16989564605829222,0.47472835473362857,63.3,1.11,0.032272303941305536,27.5063965,161.021,19.54,19.94,-0.021048334301671856,-0.0448287394157737,0.0161920792550077,0.09755874504433806,56.59107462176135,-0.17502306103189488,0.2074072195419103
BDX,Health Care,159.93,0.10174971508027886,0.040288508826823666,-0.006009744188035904,0.16913833319817617,0.26651505351141824,60.5,0.41,0.05258648220343587,27.910994,71.599,154.49,148.16,0.0,0.0,0.006776579182523326,0.09753886663242105,52.769450518697845,-0.18439959941702191,0.19795275778206858
BRK-B,Financials,493.12,-0.003697377603211982,0.0378851662421833,-6.083094325892713e-05,0.0462752703561784,0.14540087565537083,54.5,0.03,-0.001195026124854781,14.684931,17.669,490.33,487.08,0.0,0.0,0.0074216155056170685,0.09755900957281155,53.03195261969468,-0.18379404325709356,0.1986372742683277
BBY,Consumer Discretionary,85.29,0.14349023211587508,0.3364001598305819,0.3158502719066376,0.3470083787301206,0.37242771792416735,76.5,0.83,0.030072436859851948,15.794444,134.09,70.23,70.82,-0.05437814844126418,-0.06442445359482366,0.014590138593627348,0.09757815417289342,55.94293582846679,-0.17666304358524376,0.20584332077249845
TECH,Health Care,71.77,0.2809209032070419,0.2535362756207209,0.052625471690618264,0.3941780143571463,0.49884191741375217,67.9,1.0,0.006591775192035021,102.52857,13.922,58.94,56.94,-0.11044800192289458,-0.06761283138795332,-0.011293441257843758,0.09773991857312074,45.40062432731941,-0.20286368166116042,0.1802767991454729
BIIB,Health Care,208.92,0.06804354336211471,0.18691053913144184,0.2339495669571643,0.6263427311995657,0.3571731158554304,53.9,0.22,0.04905852157615054,21.18864,35.181,180.4,198.48,0.0,-0.008089906452284329,0.007470678955516879,0.09757417115708142,53.05148418890734,-0.1837746965123627,0.19871605442339643
BLK,Financials,1087.05,0.03309169003516055,0.06656502190592306,0.006788186687457065,0.02549092518365037,0.26612762271890145,74.6,1.2,0.04916472594294907,26.175056,23.635,1059.44,1032.91,0.0,0.0,0.016550297879933926,0.09757299327297578,56.73453696647199,-0.1746927689350986,0.20779336469496645
BX,Financials,128.97,0.008602474782933411,0.015882444251590133,-0.17032410372693518,-0.19446472059465014,0.3527026895463017,76.9,1.36,0.04776996553539159,33.15424,72.022,134.06,119.95,0.0,0.0,0.01625205231277817,0.09757054063233216,56.61447003962184,-0.17498620732659284,0.2074903119521492
XYZ,Financials,81.52,0.09159073794776851,0.18712682127217906,0.24249345960537383,0.18093579725682196,0.46914017507862144,71.8,1.94,0.05459241170382634,64.18897,37.514,67.48,73.48,0.0,-0.05808755735069007,0.015528980542305525,0.09759486027749106,56.32115684858729,-0.17575694560157695,0.20681490668618802
BNY,Financials,160.86,0.1136033507012757,0.19770493647135545,0.30198168922466295,0.7162296777995656,0.21000279587300083,76.0,0.79,0.05884677823300377,19.957815,0.0,123.55,142.8,0.0,-0.1519761580400553,0.01893542037294214,0.09758829211751499,57.6925264671704,-0.17233763217738726,0.21020847292327152
BA,Industrials,214.34,-0.05780477751875823,-0.020741997640911003,-0.11652448044738484,-0.06768159187337719,0.32116038384449813,46.1,1.14,-0.03572072379436142,84.71937,828.696,218.63,222.58,0.0,0.0,-0.012938765442827715,0.09794444563317957,44.74513697710057,-0.20490987888385967,0.17903234799820425
BKNG,Consumer Discretionary,184.61,0.050591846846635535,0.0027855797346918454,-0.10595925629082115,-0.17741744344549926,0.3394143075719759,58.3,0.91,0.03486743226629585,24.322792,0.0,186.91,169.2,0.0,0.0,0.015689423708745036,0.09754154618289097,56.3893687202766,-0.17549200680972127,0.20687085422721135
BSX,Health Care,44.62,-0.049019593495696956,-0.2964364519055803,-0.5240025608200876,-0.5675937796665809,0.3586098736504831,52.0,0.15,-0.003350491944274614,18.669455,42.25,76.02,48.81,0.0,0.0,0.009712153479254942,0.09757475738736597,53.96434534873612,-0.18153437099998235,0.20095867795849223
BMY,Health Care,60.51,0.09429640157061558,0.037874016438396385,0.08425137097296775,0.3443796668157755,0.28173154285852064,65.0,0.2,0.050885661641265845,16.94958,230.967,54.61,56.38,0.0,0.0,0.0053386146637054545,0.09756245587975453,52.181922030068826,-0.18588379886061343,0.19656102818802432
AVGO,Information Technology,374.45,-0.0044260522127949065,-0.05879330642055236,0.10573813334486837,0.3432344596416437,0.47217346203475513,48.4,2.17,-0.06380475769629024,62.097843,74.018,363.41,403.65,0.0,0.0,0.016248290751078795,0.0976009016864789,56.61091503417314,-0.17504947655441988,0.20754605805657744
BR,Industrials,153.06,0.06380311623743817,-0.05124266106129416,-0.29876741434963516,-0.33488618104558165,0.26798090963553745,74.1,0.06,0.037905989635984794,15.779382,120.878,188.21,146.15,0.0,0.0,0.006791643876852878,0.0975705957230739,52.77469607895321,-0.18444672374037197,0.19803001149407773
BRO,Financials,69.44,0.16314910475701683,0.01196696601037428,-0.1211932315877775,-0.33256511487417895,0.30328228916905037,71.3,-0.27,0.026307991175792633,22.618895,64.37,72.29,60.58,0.0,0.0,0.0020159231737402195,0.09760910792868967,50.82387784764543,-0.18929792836649154,0.19332977471397197
BF-B,Consumer Staples,25.96,-0.02442696395978472,-0.11112350513099356,-0.0283830601261027,-0.02984244055301588,0.38857161032109666,37.9,0.04,-0.008024493359154339,16.96732,64.95,27.23,26.18,0.0,0.0,0.008227378235255971,0.09760102758784285,53.358946189070735,-0.18307063583691602,0.19952539230742794
BLDR,Industrials,78.2,-0.0068580255293074766,-0.06793807477915903,-0.3812312181694777,-0.37936510358537945,0.4939859938431506,30.1,1.57,0.03316150648533789,29.847328,132.159,98.78,77.19,0.0,0.0,0.02158202927654105,0.09757385169111314,58.752643181404686,-0.1696627200380407,0.21282677859112278
BG,Consumer Staples,115.83,-0.030061935964961206,-0.05270716288476107,0.11128401900871032,0.6313895437675017,0.30882416632513027,58.9,0.01,0.013208556160439144,30.48158,94.032,110.03,119.5,0.0,0.0,0.0005179673697803177,0.0975751118606533,50.211773380787875,-0.19072925187710016,0.1917651866166608
BXP,Real Estate,70.65,0.08618798359640079,0.2710546669915139,0.09044413854173894,0.052738818659465725,0.2837133816936919,71.7,0.8,0.05731819587768361,35.502514,211.994,64.15,63.04,0.0,0.0,0.006607157352233061,0.09755491680727477,52.69987485682519,-0.18460047959002548,0.19781479429449159
CHRW,Industrials,205.75,0.08632527259980605,0.13680204954367836,0.20225653493619555,1.1339954126487513,0.42634427273108305,82.5,0.78,0.06330749354005172,41.649796,96.501,168.9,181.86,0.0,-0.06820059782121202,0.0070027173912989025,0.09759483085062672,52.860074316416075,-0.18428315107592946,0.19828858585852727
CDNS,Information Technology,364.65,-0.05981697007074238,0.18793980990141135,0.16438349222930726,0.1591646304960237,0.3901834129859296,47.3,1.56,-0.05081088801565681,84.80232,46.992,328.2,375.36,0.0,0.0,0.002501930556692783,0.09758508300342314,51.022714242824804,-0.18876483213001657,0.19376869324340215
CPT,Real Estate,114.57,0.02901231484342337,0.1541208916836676,0.08388524540349551,0.04502402830578056,0.2019494748799994,55.3,0.15,0.014252838379961386,32.092438,104.147,106.03,109.56,0.0,0.0,0.0021744909643188867,0.0975452065509783,50.889253886686724,-0.18901411387559858,0.19336309580423633
COF,Financials,211.93,0.056375225968813725,0.0604340107725827,-0.08858416733512808,-0.007246314139322307,0.3208404570070308,57.9,1.37,0.051657345090394546,65.41049,0.0,207.73,192.58,0.0,0.0,0.006967104358235174,0.09756991432097946,52.846279309934744,-0.18426992771088457,0.1982041364273549
CAH,Health Care,228.72,0.006577737736882749,0.0756352873443702,0.07592026125175289,0.4344156543850586,0.3016475281968003,42.0,-0.13,-0.030025452669314112,34.972477,0.0,204.77,213.23,0.0,0.0,-0.0002062394986404511,0.097594410572512,49.915694357724625,-0.19149128422076397,0.19107880522348306
CCL,Consumer Discretionary,26.86,-0.1307443060858804,-0.010453414132669647,-0.10041627473557624,-0.06510206559658827,0.4714181357449773,37.0,2.13,0.0011181769187782464,11.991072,201.556,28.06,27.3,0.0,0.0,0.03154166804563742,0.097618536183171,62.669458537313425,-0.15979066287337773,0.2228739989646526
CARR,Industrials,69.34,-0.025439285301068315,0.16541582219678164,0.25693302230856374,-0.06720436122120932,0.36311573370760025,28.4,1.28,0.0,46.226665,91.102,60.51,68.11,0.0,0.0,0.012293330011367587,0.09756189018155456,55.013619530868795,-0.17892797474447936,0.20351463476721454
CVNA,Consumer Discretionary,70.66,0.008852123621897023,-0.024679693476260978,-0.22962862161673425,0.003636218623052745,0.6147909950554219,59.1,2.33,0.0733708293590869,40.843933,121.351,72.87,68.64,0.0,0.0,0.025417100835588072,0.09762395554716428,60.27058773113695,-0.16592585203685392,0.21676005370803006
CASY,Consumer Staples,827.04,-0.044193844737876464,0.12261440080966102,0.34412814141384085,0.6033362808203788,0.3252261608917253,59.1,-0.01,0.00879445834771131,43.097443,73.514,675.28,824.7,0.0,-0.07474406311777543,-0.00021483227562878548,0.0975819888208033,49.91217066822974,-0.19147553036440326,0.19104586581314567
CAT,Industrials,877.17,-0.07222943062152554,0.13742134477269308,0.3790937962647005,1.1475083152787295,0.3808113066181784,26.0,1.71,-0.07899958248647732,43.662018,230.793,717.97,929.49,0.0,-0.0717321764877818,0.01650150348653839,0.09760701475600186,56.7125524408693,-0.17480824543522525,0.20781125240830203
CBOE,Financials,277.89,0.04769274950916902,-0.09990154756162173,0.03850339821066617,0.17739386707599625,0.3106144458392005,72.9,-0.26,0.03663224924801778,23.751284,29.489,276.38,298.52,0.0,0.0,0.0011406455517757852,0.09761978451221219,50.466136434734935,-0.1901941320921601,0.19247542319571168
CBRE,Real Estate,143.69,0.06067764927019814,-0.02780785199924718,-0.128623361068119,0.03859773113342091,0.3158747470975027,61.4,0.8,0.029814403343395135,32.805935,113.689,148.65,135.15,0.0,0.0,0.009424775528069383,0.09753429920366392,53.8490031654043,-0.1817424509111119,0.2005920019672507
CDW,Information Technology,134.34,0.03266969113413776,0.013701617458670157,0.027680025101050942,-0.2207575165370187,0.4212747953826674,56.2,0.79,-0.06960317954318318,16.362972,240.522,133.84,125.27,0.0,0.0,0.014199722232179147,0.09755997717176648,55.786114324973234,-0.17701783302448318,0.20541727748884145
COR,Health Care,307.99,0.09425850772659872,-0.04240675265275262,-0.11631511640582959,0.04192050374518641,0.3079481754223907,66.2,-0.16,0.01499468677946414,23.582693,420.985,324.62,278.26,0.0,0.0,-0.0026951473876476832,0.0976431809891065,48.89897920028551,-0.19407578212629642,0.18868548735100107
CNC,Health Care,63.89,0.040723245233026395,0.638205112555088,0.3837990453424338,1.1009536241443119,0.5082429800341299,47.4,0.33,-0.05137340999053097,27.5063965,76.049,45.1,62.06,0.0,-0.2665825834982969,0.017003720683602806,0.09765886666026558,56.911184236965354,-0.17440765797051772,0.20841509933772334
CNP,Utilities,43.34,-0.00023064179665821527,0.008499973902771352,0.1218033063677646,0.22791904890570125,0.16857094993116914,44.6,-0.16,-0.004593494688424071,26.588957,215.591,41.14,42.87,0.0,0.0,-0.0012387381926275453,0.09757133896844342,49.49352774147399,-0.19247856257077664,0.19000108618552156
CF,Materials,118.66,0.12378073470515516,-0.044627899155534334,0.4083537550461167,0.30891617173803865,0.4172487062390264,75.2,-0.78,0.014882017793481417,10.69973,43.847,101.2,114.69,0.0,-0.022586455886790757,0.0006353763065804728,0.09779064047312565,50.25920342479628,-0.1910342790207458,0.19230503163390675
CRL,Health Care,229.16,0.2401104604580675,0.2951282949032161,0.05901383755478595,0.4790241387066645,0.4600703660392284,68.2,1.35,-0.018208302700480683,27.5063965,102.551,183.96,191.2,-0.0485230483026616,-0.09569037213944362,0.019018220627054664,0.09756349758492092,57.7276800173896,-0.17220623463939033,0.21024267589349965
SCHW,Financials,102.8,0.09746989496407821,0.11389408690988234,0.01567189751712128,0.14074107436827776,0.25260265161020057,86.9,0.52,-0.0031031777182028986,20.437376,120.766,95.06,92.42,0.0,0.0,0.008809894300689888,0.09757889391985693,53.59695644276263,-0.1824447377822297,0.20006452638360944
CHTR,Communication Services,133.33,-0.05959935830861407,-0.4349705422667226,-0.3410595816735862,-0.64878034996577,0.5050688777700771,53.8,0.24,0.01988836677493988,3.6074135,459.525,199.91,139.64,0.0,0.0,0.010674838251588888,0.0977103475425807,54.349782844856364,-0.1808374429318693,0.20218711943504705
CVX,Energy,183.86,0.020820609556893688,-0.013850590304930521,0.12030058899823803,0.2777519741375416,0.22629466965670653,68.2,-0.39,0.042290288956840394,32.03136,23.989,173.27,181.63,0.0,0.0,-0.0034347393024015014,0.09760223714597979,48.59636418626961,-0.1947351241085219,0.18786564550371887
CMG,Consumer Discretionary,34.2,0.04875805344459794,-0.02508554795274298,-0.1574279222869387,-0.3593106017495439,0.39718816076247193,57.9,0.84,-0.029787212398880714,31.376146,217.885,35.29,32.51,0.0,0.0,0.010299056668070655,0.09754828947777433,54.20418300510714,-0.18089559070836703,0.20149370404450834
CB,Financials,343.7,0.04503024384739884,0.049791045911362186,0.14876638064030812,0.2456418039967867,0.18663324005149057,57.6,-0.31,-0.01187354318106304,12.149169,31.458,314.65,330.17,0.0,0.0,0.004001877806396143,0.09757796986238242,51.63568766371264,-0.1872509431238734,0.19525469873666565
CHD,Consumer Staples,99.12,0.007112422176996036,0.0518680619724865,0.10637562785719634,0.042658040031703814,0.2275953087014426,52.6,-0.15,0.028642612274267343,32.605263,56.794,92.49,96.21,0.0,0.0,-0.00039313127439543656,0.0975650285438611,49.83924950872405,-0.19162058722036318,0.1908343246715723
CIEN,Information Technology,388.81,-0.0964210815974672,-0.21479494513991393,0.6310512190388307,3.6220873141185423,0.6952353980984245,29.3,2.55,-0.1560817925672422,130.03679,54.649,338.9,503.36,0.0,0.0,-0.0064737049918938755,0.09790726672688554,47.36408328995589,-0.19837194777658954,0.1854245377928018
CI,Health Care,283.82,-0.027614079154993032,0.032908484525998594,0.05917895248017557,-0.05137743966338337,0.3363313942042288,51.4,0.3,-0.03284939825378219,12.031369,72.805,280.54,285.88,0.0,0.0,0.011878332257818952,0.09755396283049295,54.84561097824117,-0.1793274348899472,0.2030840994055851
CINF,Financials,176.29,0.03181878749643663,0.08506445766974147,0.08933550986572425,0.22005676956286346,0.2126591433160858,48.7,0.1,-0.016677853154410838,10.0794735,5.626,164.43,170.03,0.0,0.0,0.010061221739970318,0.09755735552888738,54.10706378578407,-0.18115119509664893,0.20127363857658956
CTAS,Industrials,206.25,0.16716649971025488,0.16499994311523714,0.06722166909717098,-0.02715947234801852,0.22879140465058087,82.4,0.31,0.1481295964192979,42.00611,52.646,184.49,174.45,-0.03228863607968324,0.0,-0.000512747911004995,0.09758476719046537,49.79038134175298,-0.19177889160431713,0.19075339578230713
CSCO,Information Technology,109.66,-0.07944937154585907,0.30260637167451865,0.48725532498305624,0.6614318545457236,0.32539754965000034,38.7,1.07,-0.09603490339580079,36.553333,67.541,87.05,115.24,0.0,-0.10968662524507236,0.01594268951060334,0.09754813716772642,56.49116619853024,-0.17525165933814044,0.20713703835934713
C,Financials,131.71,-0.07888662386152678,0.023140945115034395,0.18337163318023442,0.4962900211241017,0.28775026016598737,29.8,1.36,-0.06449312454907241,14.537528,0.0,116.96,133.8,0.0,0.0,0.023058523801334895,0.09758956589519377,59.339254052983115,-0.1682170253532449,0.21433407295591467
CFG,Financials,74.4,0.10599086128462587,0.16341017237379596,0.2591595584852031,0.6352210781090726,0.26610377862432544,63.5,1.02,0.05771972418772009,16.20915,0.0,60.37,66.12,0.0,-0.08241451409704773,0.02067308257847102,0.09755748474391121,58.39100799807531,-0.17053958751959494,0.211885752676537
CLX,Consumer Staples,98.71,0.012306398543255881,-0.023693222403510017,-0.09288746914386958,-0.1870834649383749,0.29206792467131615,58.6,0.15,0.02226596499833433,16.050406,4876.087,105.6,94.12,0.0,0.0,-0.058721639102892784,0.11119879051713534,29.872258670413476,-0.27667126851647805,0.15922799031069246
CME,Financials,246.27,-0.05860092306339082,-0.16431404688401108,-0.07908048592580152,-0.07811385987557729,0.22657375870169588,72.4,-0.28,0.024971906161020963,21.012798,14.059,279.25,260.33,0.0,0.0,0.0021168658770060293,0.09759395697768292,50.86525960266337,-0.18916728979925249,0.19340102155326452
CMS,Utilities,74.39,0.004862901746423454,-0.04022834236510975,0.06498550102217537,0.08443093113767053,0.16889697524247713,39.9,-0.15,-0.013395253525078754,20.549725,189.842,74.04,74.01,0.0,0.0,0.0016630774915883106,0.09757044212138392,50.679959819517805,-0.18957498906632417,0.1929011440495008
KO,Consumer Staples,84.92,0.05779770129798556,0.13684842914982975,0.2045904728489627,0.26064667604075287,0.1759941337975784,64.0,-0.31,0.01712780382997625,26.704401,124.943,75.09,80.71,0.0,0.0,-0.0023452893263101156,0.09757516252001325,49.04120580776117,-0.1935926078655361,0.18890202921291585
CTSH,Information Technology,44.56,-0.12713022450072864,-0.25864514594383814,-0.47978595097406385,-0.3919366888636757,0.36385398398722785,66.7,0.37,0.04674657488214051,9.665943,7.247,65.12,47.87,0.0,0.0,0.014704538971528803,0.09757692900425763,55.98925835877824,-0.17654624187681617,0.20595531981987375
COHR,Information Technology,276.96,-0.2765079459224782,-0.1556097821491521,0.5043180193195116,1.831322759345014,0.7743459808159285,16.7,3.12,-0.1465023375806529,131.88571,31.093,246.01,366.61,0.0,0.0,0.00426018904740734,0.09786282982739379,51.73613709341902,-0.18755095741428449,0.1960713355090992
COIN,Financials,160.49,-0.05186978529972963,-0.19686731710661964,-0.3727428863037727,-0.5969613245272266,0.6772192241319298,63.5,3.07,0.008926875611761531,59.221405,59.081,223.61,172.79,0.0,0.0,0.02997659023848923,0.09772143889506608,62.048526438720394,-0.1615574299958403,0.22151061047281875
CL,Consumer Staples,94.07,0.03761301450443266,0.1319615267174452,0.12636586194929422,0.10024657951566973,0.22408888201706603,57.4,-0.16,0.019839569313059302,36.461243,1640.535,85.31,90.07,0.0,0.0,-0.024297457045551783,0.09905744266797978,40.31172877785777,-0.21845004467479215,0.1698551305836886
CMCSA,Communication Services,24.1,0.032475313801513916,-0.16768772301711155,-0.1304567955014827,-0.21626681018903804,0.2924963530702157,65.5,0.1,0.022486240708857297,4.7254906,106.858,27.27,23.94,0.0,0.0,0.01119384971528698,0.09756595678063597,54.567086946755914,-0.18003542557475952,0.20242312500533347
FIX,Industrials,1680.6,-0.1219160333990773,0.046880484393829525,0.5973146038501762,2.0813700264907657,0.5734699137356865,32.8,2.52,-0.042987541472063406,48.544193,45.489,1349.48,1874.58,0.0,-0.09537299802614926,0.026296433027545373,0.0976519133919702,60.61457487078806,-0.16510131722071622,0.21769418327580695
COP,Energy,112.84,0.01347224761394683,-0.06491249821314282,0.14175049639349036,0.2739602652839943,0.2966168571170294,63.8,-0.35,0.03484955420448976,19.125423,36.143,106.39,113.91,0.0,0.0,0.0015796614396721054,0.09761415953002583,50.645568465947456,-0.18974409123917851,0.19290341411852274
ED,Utilities,112.39,0.037095105113792215,0.025438153429436117,0.12567027598563318,0.15593269574596746,0.1698146752811092,54.6,-0.45,0.011429055180665726,18.952784,106.177,105.64,108.1,0.0,0.0,-0.000599607891721139,0.09758119500744337,49.754863184099044,-0.19185875010631015,0.19065953432286786
STZ,Consumer Staples,135.72,-0.058219411242204755,-0.16818494301425324,-0.1205241963113921,-0.17081349445698513,0.3057520730085293,36.7,0.04,0.012382542834105559,12.9257145,123.205,145.8,141.31,0.0,0.0,0.008597405058887026,0.0975708300840082,53.510716468011424,-0.18264142190576904,0.19983623202354311
CEG,Utilities,251.77,-0.06055968555051894,-0.15704631668045022,-0.2357313583518773,-0.17880080622853245,0.46830023770906215,38.7,1.43,0.0015514336147388619,22.419415,66.428,313.26,268.82,0.0,0.0,0.022504621393219956,0.09755867783464223,59.12174401448006,-0.1687103871626788,0.21371962994911872
COO,Health Care,73.1,0.08537490913543833,0.05361777699580217,-0.10515367499770245,0.0055020844933966195,0.3132381521352908,56.9,0.56,0.03394627481576684,59.91803,33.093,72.96,65.62,0.0,0.0,-0.000681441370205855,0.0975506843176884,49.721320700994255,-0.1918807826328751,0.19051789989246343
CPRT,Industrials,28.29,-0.07970067904466027,-0.14968438454211763,-0.2925731500841494,-0.38473246635114244,0.2634082271885873,40.0,0.23,0.02797966733123536,17.571428,1.059,36.75,30.98,0.0,0.0,0.011007119825652622,0.09755772283724341,54.49160408610545,-0.18020601693534447,0.2022202565866497
GLW,Information Technology,158.39,-0.10725960419172065,-0.044841331952711005,0.7617651244488568,2.022869810235709,0.6602896812132946,28.9,2.66,-0.1702551212945439,76.51691,80.363,131.9,192.1,0.0,-0.05085899736081245,0.017142976333599524,0.09769411897316843,56.964719881295444,-0.17433749685381061,0.20862344952100964
CPAY,Financials,371.81,0.03174515802206601,0.11967353075514153,0.1343625408703446,0.13682504841327447,0.3740995472342693,77.2,1.02,0.051379883942770155,22.27741,271.343,316.02,346.12,0.0,-0.026546302144768275,0.013753473281937297,0.09757650254006023,55.6045543080812,-0.17749647169658075,0.20500341826045534
CTVA,Materials,86.65,0.1272277667471755,0.07010477283170813,0.24457049104662087,0.19882667419905564,0.23606096813687427,65.4,0.22,0.011321209351635941,46.837837,13.64,73.93,80.68,0.0,-0.022080033192641957,-0.00012034436233699218,0.09755915326858432,49.950788377553735,-0.19133628476876224,0.19109559604408827
CSGP,Real Estate,30.37,-0.05004687233298577,-0.24150848789176627,-0.5245028754169544,-0.6432933866930957,0.41398118122311045,56.5,0.22,0.06974291976585634,433.85715,14.35,51.65,31.67,0.0,0.0,-0.1235764902589604,0.09985288397724909,10.793488026287967,-0.31928814285436863,0.0721351623364478
COST,Consumer Staples,945.57,-0.04166496296339828,-0.040789639634368435,-0.0028856821891717344,-0.000501613097398601,0.19763548878182208,51.0,-0.13,0.032000007993690405,47.611782,60.257,956.62,978.95,0.0,0.0,-0.005114555288088746,0.09756904866999906,47.909707732230125,-0.1963498906812869,0.1861207801051094
CRH,Materials,105.59,-0.06425026794834732,-0.0733298431163304,-0.12751400385624168,0.14499696126686623,0.32227982814566203,32.7,1.33,0.008404137724306926,19.589981,83.227,114.99,106.85,0.0,0.0,0.020769524281777627,0.0975643445629071,58.42898251149244,-0.17045659106152028,0.2119956396250755
CRWD,Information Technology,203.76,0.19948783608455178,0.9489238503987791,0.7691338320631036,0.7324688210841592,0.473723426491029,69.6,1.47,0.08857785276107633,38.9225065,17.568,129.16,170.29,-0.046557224431933414,-0.4275963543310922,0.03137855473828804,0.09764009410972734,62.6034828418802,-0.15999602971677754,0.22275313919335363
CCI,Real Estate,78.73,-0.10666054906883382,-0.08312775607906708,-0.09051289391310846,-0.20495851442878743,0.2902240786930958,48.0,0.07,-0.011674620417048032,33.219414,0.0,88.15,85.72,0.0,0.0,0.0036718760813122435,0.09756482696511398,51.50107464670742,-0.18755518477031116,0.19489893693293567
CSX,Industrials,50.89,0.08507457854916911,0.19489703452001317,0.41553658837052576,0.5516788840247948,0.225472410875928,78.0,0.55,0.029953441546384463,31.22086,143.06,40.47,46.82,0.0,-0.10754301913245698,0.009125270775890952,0.09756861507671358,53.725743118899686,-0.18210921477446765,0.20035975632624956
CMI,Industrials,647.83,-0.07448884351553864,0.06729413577059562,0.15370239110120476,0.9046918935835728,0.35697181020112184,32.0,1.66,-0.04160070213679479,33.670998,61.621,567.41,678.27,0.0,0.0,0.01872927382955836,0.09758825820409187,57.609810761602084,-0.1725437122504617,0.2100022599095784
CVS,Health Care,106.5,0.05738680211720237,0.39907240781582853,0.36541920623529034,0.7303324407211156,0.3097083274135177,56.8,0.1,0.02256359519627238,46.50655,100.912,82.91,97.78,0.0,-0.13455792511931916,0.001744567312733805,0.09757577822703577,50.7132349817032,-0.18950395801225628,0.1929930926377239
DHR,Health Care,205.01,0.13281119575918,0.0601471253600292,-0.1348046842198265,0.06840357439327471,0.28715215958751905,64.8,0.59,0.02994218218388256,38.90133,37.17,204.36,181.86,0.0,0.0,0.0058634596754908435,0.09754232981324401,52.396676386741106,-0.18531950675846742,0.1970464261094491
DRI,Consumer Discretionary,201.21,-0.029718439155214438,0.031411332799579084,-0.016698198096421812,-0.003158460510361172,0.2568533450549552,37.7,0.27,-0.014883688059401767,19.27299,362.378,196.12,200.62,0.0,0.0,0.005044996781020273,0.09758833945894267,52.06148234560912,-0.18622814855850736,0.1963181421205479
DDOG,Information Technology,262.32,0.1350439471742586,1.1245647098951648,1.1429621720158232,0.882319217676107,0.6456430790284817,70.8,1.18,0.01856021829890997,672.6154,32.221,161.71,230.94,0.0,-0.47217762203941915,-0.1733076357197309,0.10315902483917999,4.647821087775794,-0.3754993244045237,0.028884052965061885
DVA,Health Care,234.01,0.1197722236147909,0.5797609315679437,1.252912181756309,0.6688774245445162,0.42882329809188224,75.2,0.07,0.005197557728592983,22.522617,1261.331,150.72,207.34,0.0,-0.4025687579903183,0.004376481452804654,0.09858343223215968,51.770470078387234,-0.18884704572222832,0.1976000086278376
DECK,Consumer Discretionary,109.03,-0.010347639181224721,0.00646170900406573,0.07524652010454536,0.11391501674249938,0.45806398849301533,61.8,1.11,0.028681960343415636,15.531339,15.01,102.16,105.14,0.0,0.0,0.02046282919524176,0.09756723841635956,58.30610043156592,-0.170768958100823,0.2116946164913065
DE,Industrials,598.97,0.02602555255839234,0.0279574195068939,0.1760963069935224,0.19447905790053732,0.30883933233485283,38.6,0.58,0.020635220757653006,33.897564,376.022,539.53,580.89,0.0,0.0,0.0033625766817949564,0.09758705729370729,51.37437139605613,-0.1879080556138713,0.19463320897746123
DELL,Information Technology,391.38,-0.03142937564709569,1.0332021911150515,2.3221713452702946,2.215432785656096,0.6842836443848953,46.5,1.94,-0.10021379914835349,31.160828,0.0,200.02,361.77,0.0,-0.8066564206896866,0.056020600512938445,0.09809150180085562,71.60359496755109,-0.13623874301673855,0.24827994404261544
DAL,Industrials,86.7,0.045394202742564005,0.24688313285704133,0.27582761374784237,0.5830994219094332,0.39579066620537867,32.1,1.73,-0.007895668225487817,14.378108,96.649,69.38,81.36,0.0,-0.09972518222625787,0.030379238641029486,0.09758546580543485,62.221715596205364,-0.16088827433762282,0.22164675161968178
DVN,Energy,43.03,0.00326414995664992,-0.05338448612292046,0.148797572382799,0.3904748263055329,0.33657784436568733,52.3,-0.36,0.018943860898232412,11.986073,56.359,41.29,44.48,0.0,0.0,0.003869516610740644,0.09762967841700648,51.58077925677389,-0.18748465308659207,0.19522368630807335
DXCM,Health Care,77.98,0.06588298870357456,0.27355877739543577,0.11879493215530523,-0.07310108281543437,0.408522049244881,69.3,0.69,0.04028821117056958,33.467815,46.833,67.3,70.13,0.0,-0.008756177634336393,0.0097987287877622,0.09756273647487142,54.000057032542195,-0.18142423470298577,0.20102169227851016
FANG,Energy,190.13,0.010684721548992693,0.024247158988158546,0.2510146630545582,0.4291534288368679,0.3108141299491702,58.8,-0.18,0.036752306644832755,192.0505,32.594,170.67,191.66,0.0,0.0,-0.05271242955361884,0.09798028411793305,29.529191807015167,-0.24475378642476764,0.13932892731752994
DLR,Real Estate,173.6,-0.08847461861238992,-0.1220424334774699,0.10478055097592565,0.03255693899808931,0.24126658572711565,26.5,0.76,-0.037747338952158205,46.04775,76.592,175.44,186.14,0.0,0.0,0.0059846914148561706,0.09757059397464225,52.4454603622885,-0.18525367277544263,0.19722305560515496
DG,Consumer Staples,127.16,0.12359166076572237,0.035138506182622375,-0.14929031798364378,0.15254820500873345,0.36273640314970274,66.4,0.48,0.06929032643826472,17.985855,178.649,121.98,111.37,0.0,0.0,0.009645237273696471,0.09755889932366386,53.937758274692705,-0.1815702054006847,0.20086067994807766
DLTR,Consumer Staples,128.45,0.15992414146746858,0.2853997453814603,-0.08439658496341929,0.20474576664142852,0.4091620627092385,66.9,0.74,0.028340350511146806,20.421303,216.518,111.54,109.22,-0.02602570458523884,-0.0015547060060790985,0.01030691077545627,0.09757208435654316,54.206354984638836,-0.18093437456336833,0.20154819611428085
D,Utilities,71.69,0.04656937870666056,0.1588964466111702,0.21459742454808484,0.3093613698938986,0.205634604141774,63.5,-0.09,0.02297375240133226,21.147493,154.901,62.74,66.95,0.0,0.0,0.0015432290887454087,0.09756176201025894,50.631019414050385,-0.1896778244513621,0.19276428262885292
DPZ,Consumer Discretionary,329.67,0.028579462054266758,-0.101062069883749,-0.18163999764854466,-0.27782931648927756,0.2842466428357599,74.2,0.09,0.10088166310920377,18.979275,0.0,377.14,308.84,0.0,0.0,0.007746743605181588,0.09758116465080481,53.16378716035863,-0.18351233911039583,0.19900582632075903
DASH,Consumer Discretionary,186.36,0.0960418864217687,0.039201464939033315,-0.12560410856828985,-0.20528784387909782,0.4605420646026851,60.1,1.41,-0.028464219087629083,88.32228,32.194,195.84,168.94,0.0,0.0,0.0006574764526184385,0.0975889662170184,50.26877338826476,-0.19061689733273762,0.1919318502379745
DOV,Industrials,217.51,-0.02299784514073755,0.018086276470378193,0.06951095093033044,0.1700666675422151,0.2503819088939659,30.6,0.88,0.010123961627472866,26.52561,43.927,204.48,216.65,0.0,0.0,0.01372030866633087,0.09756076121674317,55.59202482548462,-0.17749878331848576,0.2049394006511475
DOW,Materials,29.3,-0.11104368777535323,-0.25856869979944874,0.059748909061370314,0.09568668585197782,0.48715505322302965,49.9,0.25,0.00930067323557604,30.975918,117.133,30.09,33.17,0.0,0.0,0.005141649390112735,0.09762184982215966,52.100219749311194,-0.18619717626132018,0.19648047504154567
DHI,Consumer Discretionary,154.42,-0.012217767797210843,0.08048305377448495,-0.024927669781866668,0.18785464467366442,0.39021848616105864,30.9,0.77,0.018735956614224003,14.499531,27.453,151.17,150.13,0.0,0.0,0.017383432973335666,0.09756356115487856,57.07074116445522,-0.1738411468902263,0.20860801283689764
DTE,Utilities,148.91,0.0083642134540578,0.021262937978283825,0.12932656884535998,0.14630827894937704,0.16859838159452079,42.4,-0.03,-0.009050379794264818,24.491777,218.787,141.32,145.7,0.0,0.0,0.001080593737921859,0.09756673483485086,50.441836777159274,-0.19015020653838582,0.19231139401422953
DUK,Utilities,126.11,0.00039666073874511376,-0.011119121047420522,0.08091595445861843,0.108046441784172,0.1559397920462485,47.8,-0.3,0.005020698410613811,19.431435,161.495,124.5,124.69,0.0,0.0,0.0003778454537339574,0.09757121616032002,50.15449038777072,-0.1908617382204933,0.1916174291279612
DD,Materials,134.29,-0.06820706469675963,-0.03869594348239347,0.052023897340746084,0.47349647197807654,0.3092669320516538,40.6,1.22,-0.0028957485213657597,117.79824,22.594,130.57,142.06,0.0,0.0,-0.012518566924113147,0.09765331567274801,44.89977331165772,-0.20391906564269927,0.17888193179447295
ETN,Industrials,396.27,-0.02805916627301175,0.0118021473778962,0.2037329048276968,0.10465628194183374,0.3594827198398957,42.1,1.7,-0.027033023469417383,38.77397,110.463,372.97,404.21,0.0,0.0,0.018216156954338057,0.09757211774258752,57.40498321749436,-0.17302519382113346,0.2094575077298096
EBAY,Consumer Discretionary,110.91,0.014544492972226264,0.09079522904890269,0.181839540922055,0.4604006408517687,0.3908186064215737,57.4,0.78,-0.05366888609144416,25.61432,163.327,95.37,111.02,0.0,-0.01296265184111503,0.01104147185636492,0.09754432163465003,54.50617859957087,-0.18014539854754913,0.20222834226027897
ECHO,Communication Services,91.54,-0.2432834587765471,-0.30913206856205777,-0.3017010948754725,2.1467858520235796,0.9355862798635645,39.2,1.65,-0.046458323796590206,22.5538885,515.06,105.02,115.3,0.0,0.0,0.0162160282685127,0.09805846291942323,56.567401980062456,-0.17597855905355683,0.20841061559058224
ECL,Materials,275.71,0.006718502832350426,0.026859507185089226,0.005631536157238326,0.04082199277084153,0.21465085682991505,42.3,0.55,0.005103692570247453,36.614872,92.369,270.87,263.56,0.0,0.0,0.005804692028116408,0.09754525050929923,52.3726127658364,-0.1853839989701101,0.1969933830263429
EIX,Utilities,78.05,0.09598294108937822,0.1030241984177096,0.29714662914851786,0.6166336352658579,0.2407260466835247,67.0,0.14,0.03789901887199809,8.483696,226.101,65.75,71.58,0.0,-0.037144511479904774,0.008174539492224929,0.0975665885548395,53.33859985532031,-0.18305597407526047,0.19940505305971035
EW,Health Care,87.84,-0.008354092096040433,0.11119535669565472,0.057039686531951794,0.15366426375139763,0.2485821532698812,44.5,0.56,-0.047391853269391215,47.48108,6.806,83.2,86.85,0.0,0.0,0.0034634505033789738,0.09754813405295973,51.41614866305253,-0.18773089224042208,0.19465779324718005
EA,Communication Services,207.84,0.023741463717836808,0.022946025542480042,0.019752011859397456,0.3971101026400361,0.2054447425389107,78.1,0.12,0.006927923309967721,59.213673,27.41,202.3,203.05,0.0,0.0,-0.0073939720329183325,0.09759219615492681,46.98034415084524,-0.1986746764965749,0.18388673243073822
ELV,Health Care,372.85,-0.06271991567389923,0.18538135459608363,0.010285646526057679,0.10486793772467484,0.39243263032562725,45.0,0.31,-0.10422123282272744,16.50509,68.953,349.2,397.18,0.0,0.0,0.010789294689367606,0.09757196094908564,54.402443147502986,-0.18045174877084025,0.20203033814957544
EME,Industrials,750.04,-0.10103694923068063,-0.05278959715025722,0.1363205962110241,0.3582649576371695,0.4013874297613119,27.6,1.79,-0.04010413627607601,25.18603,13.355,740.54,839.03,0.0,0.0,0.02516775178890397,0.09759585431393468,60.17491834841995,-0.16612012266640802,0.21645562624421594
EMR,Industrials,139.08,-0.06538536312862908,-0.005185620707731542,-0.053805447865049705,0.007429543185718757,0.312096593793584,37.0,1.58,0.0014400701412053962,31.537416,69.182,138.84,140.28,0.0,0.0,0.019936423396525488,0.09757926876889332,58.094438402860014,-0.1713189433905054,0.21119179018355638
ETR,Utilities,114.87,0.022066050096998246,-0.00011336205969103563,0.22156602322366248,0.4100537583755721,0.20046239786295347,48.2,0.18,-0.0015645397688064389,29.154823,192.883,103.21,112.24,0.0,0.0,0.0016624302667316152,0.09755224161816872,50.67982202285384,-0.1895399633048791,0.1928648238383423
EOG,Energy,138.46,0.04854224546740027,0.03274408256749162,0.2720354320600593,0.20702529300486905,0.26471057300431655,58.1,-0.43,0.03251305303435981,13.508293,26.873,122.15,135.79,0.0,0.0,0.0028085694230635294,0.09760938414831778,51.147740569784126,-0.1885058235076393,0.1941229623537664
EQT,Energy,49.4,-0.03834918136981125,-0.15158065504566853,-0.01156288287881202,-0.15547788074277225,0.3162246400447235,37.9,0.1,0.011259018811416777,9.373815,20.816,56.57,53.63,0.0,0.0,0.01183484088672492,0.09757631051445775,54.826855943056785,-0.17941472772161227,0.20308440949506212
EFX,Industrials,179.62,0.07473218374601664,-0.053268055910990486,-0.17765936043457364,-0.30004981646159945,0.3810128436337794,74.9,0.65,0.07918765009884665,30.188236,113.353,195.41,165.27,0.0,0.0,0.009260964498885733,0.09756412035698264,53.78115400970596,-0.18196471140080026,0.2004866403985717
EQIX,Real Estate,1009.14,-0.07814158919998715,-0.05301045163733609,0.2761363373237318,0.34801133931607,0.2298595121792468,30.8,0.43,-0.04002049814248643,69.93347,162.961,917.83,1061.74,0.0,0.0,-0.0075075781734498985,0.0975894641134849,46.93395314877031,-0.1987829278358803,0.1837677714889805
EQR,Real Estate,70.0,0.06516766014160003,0.16923668229295297,0.1696682070524247,0.09271728246029087,0.20505381161077546,65.5,0.18,0.019071153181442924,28.0,78.42,62.96,66.41,0.0,0.0,0.0037632435423418653,0.09754906564830888,51.53865610326328,-0.18743292512834353,0.19495941221302726
ERIE,Financials,225.94,0.007059452755368456,-0.05818009597564067,-0.19482971103229596,-0.3374877103359173,0.3510389406882654,48.7,-0.3,-0.10273617158972337,20.709442,2.108,265.09,225.7,0.0,0.0,0.004227664556653976,0.09762777052580728,51.727036429426164,-0.1871227656739283,0.19557809478723623
ESS,Real Estate,297.42,0.0694540690484915,0.20986299648891338,0.19789783465095612,0.08108762582689821,0.21294103248687674,66.5,0.22,0.013183531921980629,33.455566,121.856,262.01,279.54,0.0,0.0,0.0018589611938738073,0.09754913177214657,50.76020495476268,-0.18933733707953346,0.19305525946728105
EL,Consumer Staples,82.84,-0.05412200723982308,0.10380017991387347,-0.28644920352172476,-0.027144608655668145,0.46428934767682245,54.1,1.44,0.002177506264299245,25.447721,232.908,92.69,83.66,0.0,0.0,0.01842268494799785,0.09756230845516473,57.488694776937876,-0.17279943962412503,0.2096448095201207
EG,Financials,373.22,0.10505125840060203,0.09013432364983531,0.15920741457607224,0.13825209132655703,0.2368222682605384,71.5,0.03,0.007124007620747941,7.5981274,23.471,336.07,347.96,0.0,0.0,0.009381125852518681,0.09757356698808133,53.82969491082863,-0.1818630654441207,0.20062531714915807
EVRG,Utilities,86.56,0.030844305111812353,0.064453644313337,0.1695600384919287,0.31720525108488173,0.1597654776338917,49.6,-0.06,0.00991714482791406,22.71916,155.555,79.55,83.69,0.0,0.0,0.001551523677880327,0.09755867649066058,50.63443081201265,-0.1896634822438144,0.19276652959957508
ES,Utilities,75.04,0.07522567604425912,0.09758285316060311,0.09697751426758261,0.21123902143949946,0.2495708693756601,61.8,0.12,0.002940406597172762,16.068521,181.822,70.28,70.23,0.0,0.0,0.005645669013107497,0.09755322216888826,52.30749882095732,-0.18555864643791348,0.1968499844641285
EXC,Utilities,46.79,0.004292783049676396,-0.007563999070166583,0.09253326397585782,0.13134783648963833,0.19046462295498354,50.2,-0.23,-0.00021363935248286392,17.139194,174.794,46.16,45.61,0.0,0.0,0.001770221579487695,0.09756675779749044,50.72378902876583,-0.18946062370359357,0.19300106686256896
EXE,Energy,88.18,-0.0020371243088775914,-0.08881161320595854,-0.12085844235513721,-0.15971405383606563,0.3116957871528182,49.1,0.03,0.010659029285682298,6.517369,25.883,103.44,91.75,0.0,0.0,0.011521879694322987,0.09757508730125487,54.699873124888,-0.17972529141613658,0.20276905080478252
EXPE,Consumer Discretionary,270.95,0.1124569507431048,0.06719052837139161,-0.06412735008022152,0.531594993627188,0.4791396311757129,63.9,1.21,0.000443177050978516,23.914389,256.536,244.48,239.81,0.0,0.0,0.014604083101768606,0.09758028025390325,55.94844487658026,-0.17665326619588176,0.20586143239941898
EXPD,Industrials,181.96,0.1093769172911696,0.2441175071350683,0.12746700426265356,0.6281009529463131,0.3049346598488186,84.1,0.48,0.05778399136452972,28.745657,24.708,148.5,161.86,0.0,-0.07532444876979136,0.009538327679232447,0.09758096621304825,53.893373266321674,-0.18172036609834213,0.200797021456807
EXR,Real Estate,150.33,0.02684431761212447,0.07289385534725379,0.062232394074631214,0.05627942566947097,0.25241890216035673,55.4,0.35,0.04424836635252749,32.46868,98.092,140.38,144.09,0.0,0.0,0.0045997284169967045,0.09753744449183822,51.88065846697505,-0.1865736627870062,0.19577311962099964
XOM,Energy,145.95,0.028831216130646098,-0.033158149089665634,0.13609875303237473,0.3419079545924848,0.24987181400898933,68.1,-0.44,0.0509071991421326,24.570705,18.261,136.9,145.99,0.0,0.0,-0.0014850313868128376,0.0976156473132703,49.39311066116584,-0.1928117001208226,0.18984163734719695
FFIV,Information Technology,403.41,0.037443737508178865,0.3095176487021163,0.5083566470351566,0.376262317078808,0.3440943713638633,56.8,1.05,-0.06268735348882726,33.12069,7.12,307.19,391.83,0.0,-0.16321395664453628,0.020042053659271895,0.09755628101313839,58.138617990755435,-0.17116825712647935,0.21125236444502313
FDS,Financials,262.46,0.1048156009108514,0.13754839047602418,-0.10217237752842212,-0.38821911803652254,0.4491341501115181,72.8,0.04,0.062118047860518555,16.55899,77.284,248.96,235.02,0.0,0.0,0.00811121346416925,0.09765206360027498,53.30990332199986,-0.18328683119236971,0.1995092581207082
FICO,Information Technology,1241.22,0.04634810908531861,0.16009450000781533,-0.2320561652269587,-0.19230846220717424,0.5023379371679196,62.9,0.68,-0.007738471118402757,39.366318,0.0,1400.53,1188.13,0.0,0.0,0.00906538302222833,0.0976034264075514,53.70004581181187,-0.18223733273657242,0.2003680987810291
FAST,Industrials,46.67,0.01346360352131759,0.0491654878027028,0.1121702695223823,0.04490127370365471,0.2511838568833791,48.5,0.54,0.003871724757581241,39.88889,10.851,44.3,45.58,0.0,0.0,0.0057627997314157325,0.09754193352137827,52.35558967929027,-0.18541938997048568,0.19694498943331712
FRT,Real Estate,125.36,0.025435134114176305,0.14974715085511092,0.25346717331667046,0.38634012711897303,0.17323994253553104,56.4,0.25,0.03654703224507316,21.72617,138.432,107.16,119.52,0.0,-0.019879345557697325,0.006066068257210993,0.097548050800083,52.47924205490347,-0.1851281113109517,0.19726024782537366
FDX,Industrials,318.2,-0.048684799489652875,0.04066536132427112,0.26925722221153703,0.7599078151225329,0.29146741778862434,39.2,0.98,0.011153864877796904,17.15364,135.694,269.6,317.41,0.0,-0.030255593971881045,0.016524650826559448,0.09754961598485976,56.72579637891971,-0.17467259650376565,0.20772189815688458
FIS,Financials,42.62,0.07898731473125986,-0.11339562097826805,-0.32045485813798436,-0.44550353490611216,0.31733073216419794,69.6,0.5,0.015245340558056153,7.966355,132.328,53.86,41.1,0.0,0.0,0.014687212731394818,0.09755525579051547,55.98357345809062,-0.1765210886180155,0.20589551408080511
FITB,Financials,59.37,0.11884752046075842,0.20741539067617243,0.24215221190005565,0.42588185131056444,0.26122331143694566,69.0,0.82,0.04030137111195997,19.465574,0.0,48.44,52.37,0.0,-0.07576520374986234,0.017365621069448223,0.09755512161751176,57.064177015426445,-0.17384241730087482,0.20857365943977127
FSLR,Information Technology,211.93,-0.1983280208086582,0.10581789420901666,-0.10370059035284429,0.27041112199383943,0.5392455229521472,25.5,1.57,-0.06978891729572978,14.446489,5.943,235.43,249.62,0.0,0.0,0.027370432351062294,0.09760613588612632,61.04212513317558,-0.16393759398574528,0.21867845868786986
FE,Utilities,49.11,0.029559744755971007,-0.01904877869253052,0.08539282039591112,0.2681168671005527,0.15828314743226995,56.7,-0.1,0.02483310698825192,26.690218,198.922,47.32,46.54,0.0,0.0,-0.0009318112720819757,0.09756371877273927,49.61898411928946,-0.19215670006665095,0.190293077522487
FISV,Financials,51.72,0.0379289448163449,-0.17168477965693507,-0.23377775969328707,-0.6854397165996825,0.5764862385890184,62.8,0.55,0.02517344774148378,8.766102,0.0,67.42,52.9,0.0,0.0,0.019045641459460756,0.09768517323803062,57.729163595683865,-0.17241729808707926,0.21050858100600076
FLEX,Information Technology,121.12,-0.17566182002167574,0.5155155846042787,0.897540330128183,1.335969263471326,0.6541159484366997,29.3,2.72,-0.1081001470933749,55.305935,86.8,84.85,142.57,0.0,-0.2773954893806473,0.03556917751053867,0.09766764053861214,64.21404021358295,-0.15585939794514111,0.22699775296621846
F,Consumer Discretionary,14.19,-0.015267194264982464,0.15505350604894863,0.04945695075386758,0.32471229318415595,0.37317562880217653,51.6,1.28,0.013571398598807294,24.611652,425.544,13.2,14.12,0.0,0.0,0.013040893761328932,0.09760932701740109,55.31417232117435,-0.1782733871927772,0.20435517471543507
FTNT,Information Technology,160.78,0.0935926683918169,0.9512135412861806,1.104725750280397,0.5543309646610939,0.45337269553467513,59.7,1.07,0.020760614478461115,63.801586,57.31,96.68,140.41,0.0,-0.5130825136284936,0.024474044700487203,0.09780747256197152,59.87939951151664,-0.16722860152097696,0.21617669092195135
FTV,Industrials,62.45,0.01760472023488302,0.04797075725744171,0.12230742320274524,0.2465501303590356,0.2624806812737871,53.2,0.64,0.0040192925552013925,36.735294,58.806,56.21,60.57,0.0,0.0,0.00668684005652451,0.09753561748550621,52.73292465681057,-0.18448297021506765,0.19785665032811667
FOXA,Communication Services,56.81,0.08540315643239649,-0.11949776303350035,-0.21892630328591778,0.030023633467535227,0.34663314711183313,74.6,0.18,0.04970440677191945,14.950001,67.867,63.18,59.94,0.0,0.0,0.008771791233297575,0.09758764111064236,53.58112128910061,-0.18249998534356143,0.2000435678101566
FOX,Communication Services,51.08,0.06527635074688898,-0.11778928350763451,-0.22436913272845205,0.010263323938382696,0.33233453774327065,74.3,0.13,0.047794909354967885,13.267533,67.867,56.81,53.91,0.0,0.0,0.008738586190100196,0.09758665117644989,53.5676375451116,-0.1825312501157416,0.200008422495942
BEN,Financials,33.33,0.014602667198048591,0.26796680310049803,0.3326771576979035,0.4417202311039945,0.276243945704943,59.7,1.23,-0.0050745722073227695,25.44275,23.471,26.56,32.03,0.0,-0.10473874974324296,0.021203846679998636,0.09756185822774072,58.602731795036064,-0.17001739544637315,0.21242508880637043
FCX,Materials,58.56,-0.16319123661560864,-0.14027328407515927,-0.02273420596083542,0.3458284337022379,0.4947918168039328,39.5,2.18,-0.04580399737693508,30.984127,33.008,55.92,63.55,0.0,0.0,0.02745884679430874,0.09760363813127278,61.07714088143923,-0.1638442839429859,0.21876197753160337
GRMN,Consumer Discretionary,250.99,0.06822437147279325,-0.04636948165466903,0.19642556457489846,0.15536705207042156,0.3038327243439937,70.0,1.21,0.032413330850351585,28.012278,2.331,229.11,237.39,0.0,0.0,0.01645369805364397,0.09756167072012384,56.696371195488304,-0.17476717655779875,0.20767457266508668
IT,Information Technology,142.89,0.004569698195882044,-0.08127049115190366,-0.4019587169052291,-0.6069915708596149,0.5494094195795799,63.1,0.5,0.0724256491942239,14.119565,5293.41,189.94,146.96,0.0,0.0,-0.05789446282147821,0.11346967050016518,30.494877120736767,-0.280295017001802,0.16450609135884553
GE,Industrials,345.73,-0.01583327107480237,0.16048465724624728,0.08713379140764732,0.3054541222373752,0.31911001664894195,30.9,1.26,-0.03768747304642939,40.81818,107.22,312.17,332.11,0.0,0.0,0.012468877347861524,0.09756266764290014,55.08478692290437,-0.17875395123222274,0.2036917059279458
GEHC,Health Care,65.7,0.03906369482662986,-0.10245902066502888,-0.22940258192278218,-0.12766220180194454,0.3335017586132823,52.8,1.01,0.015455951269981671,15.755395,97.055,73.65,63.5,0.0,0.0,0.018257202284494557,0.09753661777655846,57.424144569362646,-0.17291456855756002,0.20942897312654915
GEV,Industrials,1036.22,0.05483788512852139,0.0597242589217426,0.6103827562395185,0.8515333847798785,0.5200337277313671,44.8,2.13,-0.05070676027139365,30.298828,24.925,814.93,1036.76,0.0,-0.12153929824105283,0.031240564504522766,0.09758749874546907,62.55646359003162,-0.16003093303659663,0.22251206204564214
GEN,Information Technology,27.01,0.09930812227773922,0.37283867388285774,0.040383059697747914,-0.08269683271401473,0.3440247679383846,78.5,0.89,0.042454665686908255,17.203821,316.354,24.33,24.63,0.0,0.0,0.012474069097935239,0.0975895466440501,55.085499137060665,-0.17880144232440295,0.20374958052027345
GNRC,Industrials,215.38,-0.18926446618305237,0.03842631059245827,0.34394117225322507,0.4679662151776278,0.5686186966185202,17.6,1.97,-0.07933657076558498,67.09657,52.086,202.6,263.15,0.0,0.0,0.014052304420235563,0.09762829223531767,55.72248137810219,-0.1772991483609871,0.2054037572014582
GD,Industrials,368.82,0.017393733211795492,0.10606475774190804,0.020995144452024217,0.25108892564994956,0.22339898127485866,75.8,0.45,-0.016637312096713708,23.196228,37.701,347.3,350.6,0.0,0.0,0.008284520456996207,0.09755973776842304,53.38364755357242,-0.18293256556911294,0.19950160648310536
GIS,Consumer Staples,38.7,0.1444735599393252,0.11466291602747813,-0.12243724176922655,-0.17932038810604356,0.2630146834543741,65.0,-0.33,0.06847044336428065,25.447721,217.629,41.69,34.07,0.0,0.0,-0.0020576346197203853,0.0975960774079959,49.15896554458213,-0.19334594633939237,0.1892306770999516
GM,Consumer Discretionary,77.72,-0.05805357885724782,-0.0020696425357925596,-0.038866368112404626,0.47482248634217994,0.3475737523446262,46.4,1.15,-0.0016698427227481716,28.364964,199.048,76.0,78.77,0.0,0.0,0.013279332393128,0.09754591954360375,55.41423907678749,-0.17791066991233534,0.20446933469859135
GPC,Consumer Discretionary,125.66,0.17143663274489018,0.14255330380914977,-0.04190832479783546,0.06212162278150313,0.32836329525857916,66.0,0.56,0.00031842791476477394,285.5909,149.454,119.79,106.74,-0.027257405327883066,0.0,-0.0770487448301246,0.09847707929890058,21.69889376820373,-0.27006382025596976,0.11596633059572055
GILD,Health Care,136.3,0.07128821390799667,-0.009774266555869993,0.1120732348930189,0.2731062318241462,0.271784237783427,67.6,0.34,0.04983440752871915,18.544218,94.635,130.83,129.48,0.0,0.0,0.008287087012479948,0.09754887626465025,53.3850692540431,-0.18290871046623453,0.19948288449119445
GPN,Financials,80.49,0.17520806503554986,0.140579856487822,0.046256192506652916,-0.013461546733655405,0.40627428922899206,73.8,1.26,0.058521789777273625,29.591911,95.593,74.66,70.53,0.0,0.0,0.015994163282702107,0.09756112338363776,56.51107817941943,-0.1752256385492279,0.20721396511463214
GL,Financials,184.56,0.09297196735286661,0.23528904121159044,0.30140845312892384,0.5517601421551261,0.20598119758448988,73.9,0.3,0.030313138657778627,12.563649,53.588,146.23,164.62,0.0,-0.11213942454616213,0.013904300105386812,0.09757047618297714,55.665951338330075,-0.17733383321324836,0.205142433424022
GDDY,Information Technology,96.21,0.2207841906471617,0.14182288921523623,-0.11031995905779302,-0.4281383978652933,0.40429717950663363,79.9,0.24,0.08198381765231888,14.467669,1621.618,102.82,85.57,0.0,0.0,-0.011096111904740523,0.09902795959999323,45.539176471987666,-0.20519091272072726,0.1829986889112462
GS,Financials,1095.46,0.004391719584468268,0.22254210880015646,0.18592683786779696,0.5765811672856713,0.30428748631634134,54.7,1.55,0.0381734918935428,16.920914,647.154,902.0,1024.1,0.0,-0.06447708817982462,0.0170843256595553,0.0977740575591392,56.93551663062313,-0.17455282715635753,0.20872147847546815
HAL,Energy,35.04,-0.05806451083635489,-0.07761285214895364,0.07020429420369312,0.6879929654142054,0.3517650016516296,53.0,0.36,0.01890088797368694,19.466667,74.651,33.25,37.98,0.0,0.0,0.008545965370773989,0.09756091776404097,53.49011875371712,-0.1826734334467463,0.19976536418829427
HIG,Financials,136.65,0.042970458253960064,-0.007101686248579209,0.045140946200092236,0.1533660396419212,0.19144289747168025,63.0,0.03,-0.01534806817659562,9.6164665,23.151,134.21,132.62,0.0,0.0,0.008730894293618886,0.09756011884182243,53.56547241936681,-0.18248693863635307,0.19994872722359086
HAS,Consumer Discretionary,82.09,-0.03378063532849729,-0.11341925166543398,-0.024433101400040957,0.11761258001513797,0.2851060363888477,42.4,0.83,0.03964028988994106,24.611652,574.488,86.58,85.78,0.0,0.0,0.0062486023554937905,0.09768138381804332,52.55026339910802,-0.18520690992787112,0.1977041146388587
HCA,Health Care,385.74,-0.0281913754261105,-0.1997162015402132,-0.19161309154240846,0.07109401606701016,0.29470051673089664,49.5,0.17,-0.0512801748476579,13.278485,0.0,459.35,395.19,0.0,0.0,0.010629141754815741,0.09756105281140612,54.337837724664574,-0.18059052175554025,0.20184880526517174
DOC,Real Estate,22.33,0.11149824560004395,0.32096769971435357,0.33873572340104374,0.3099836063941217,0.2992737624237146,67.3,0.48,0.03140879063082136,67.666664,118.243,18.04,20.23,0.0,-0.08765737030819806,-0.0026673670109781528,0.09756864521161811,48.90949296417491,-0.19390191162574966,0.18856717760379332
HSIC,Health Care,88.26,0.08681200752661722,0.1431162178834946,0.15735640786585958,0.2732256567338156,0.2793821481403186,65.6,0.57,0.04573460356120962,26.664654,77.748,75.15,78.7,0.0,-0.024403462483964078,0.009562759210263385,0.09753925129776325,53.90497793586624,-0.18161417333335259,0.20073969175387937
HSY,Consumer Staples,174.72,-0.04273505845482106,-0.07993706856168081,-0.10998732967128888,0.09546648726596563,0.27748238866249564,47.6,-0.1,0.006103866959810578,32.597015,120.011,192.77,182.45,0.0,0.0,-0.00038855120412810553,0.09756793372915609,49.84112700988752,-0.19162170131327405,0.19084459890501781
HPE,Information Technology,45.13,-0.06717651773972177,0.7482440619588024,1.0621951683986923,1.2638842936144066,0.5072196155005729,46.8,1.92,-0.070251334633191,42.17757,84.03,28.25,42.56,0.0,-0.44735535822330896,0.036940245449042404,0.09770317702880688,64.73168058195029,-0.15455798152741906,0.22843847242550386
HLT,Consumer Discretionary,323.2,-0.07715147312972659,-0.021277696848707284,0.07787612781093989,0.18427058388736772,0.23301083276702933,35.5,0.75,-0.036604263673394644,49.268295,0.0,302.37,331.52,0.0,0.0,0.005226106898643876,0.09756341926558164,52.13596283545472,-0.18599819486189612,0.1964504086591839
HD,Consumer Discretionary,348.02,0.03242455366377972,0.039983282086160754,-0.06111312728610363,-0.00035536549744641377,0.24836927748684695,52.4,0.68,0.013748911705611766,24.269176,459.356,352.2,324.6,0.0,0.0,0.006028304641531579,0.09761731519818377,52.462081528254856,-0.1853016331469086,0.19735824242997177
HON,Industrials,226.33,-0.0596293766003293,-0.05400781385576392,0.02360583320416998,-0.012290333082489835,0.2579234079125393,35.9,0.78,-0.000397475216935006,18.077475,257.387,225.6,231.0,0.0,0.0,0.012616935548027711,0.09756336985357238,55.14479411643769,-0.17860726936497415,0.20384114046102955
HRL,Consumer Staples,25.71,0.05550766335653212,0.24489302667681212,0.0775313378303204,-0.09531777434965727,0.3033464376616851,50.0,-0.06,0.052093170283386225,30.247057,4.244,23.26,22.98,0.0,0.0,0.00291455701407344,0.09757815875392863,51.1914214912329,-0.18833863414362664,0.19416774817177354
HST,Real Estate,23.67,-0.012957800294969735,0.19481534413663337,0.3633024711023616,0.5862492142185352,0.24038652111514433,43.6,0.82,0.021138902703498053,16.102041,80.482,19.72,22.73,0.0,-0.05048689335568021,0.01666432241368637,0.0975481309745807,56.78219865281334,-0.17453001429649181,0.20785865912386456
HWM,Industrials,271.19,-0.02245696303360245,0.09575710673939608,0.23253060450887664,0.47478514111095227,0.31144144890697545,47.8,1.04,0.001255293816610381,64.87799,87.794,231.36,265.62,0.0,-0.022166090826365392,0.00245843827073343,0.09755179720704002,51.00528251807288,-0.188743084255065,0.1936599607965319
HPQ,Information Technology,24.14,-0.00617544340161047,0.2390422212612877,0.19549113723297284,0.03333188820663113,0.4041092324251447,61.3,0.8,-0.0033030522697803377,8.940741,0.0,22.51,23.43,0.0,0.0,0.019280542015464114,0.09756422019519596,57.832840946396516,-0.17194532956711997,0.2105064135980482
HUBB,Industrials,482.04,-0.041002657120904895,-0.07326169907226943,0.018363043645326815,0.16595402584610452,0.31045796116997415,29.2,1.25,-0.018128475683842016,28.489363,72.468,480.21,488.51,0.0,0.0,0.017157017246443442,0.09756563078931858,56.9794513278749,-0.17407161910062097,0.20838565359350786
HUM,Health Care,386.48,0.04845015502175265,0.9296265994638595,0.42029358529509775,0.7304763382462789,0.4983888405412287,55.8,0.52,-0.014634618878462291,41.33476,77.073,259.18,344.21,0.0,-0.3411719635383932,0.018191735356251175,0.0976750710723384,57.38746522215039,-0.17325140394553207,0.20963487465803443
HBAN,Financials,18.56,0.08127005758048611,0.1302110664405962,0.07002995512284715,0.15721308960483116,0.26203891409613816,61.7,0.8,0.038612120554247564,13.954886,0.0,16.74,16.74,0.0,0.0,0.016571557708862737,0.09754789195666705,56.74482359959565,-0.17462231052620467,0.20776542594393013
HII,Industrials,271.05,-0.09199028868149672,-0.3128691046917377,-0.3426146861172581,0.08591624763381822,0.3523669393444363,41.8,0.69,-0.0525708998477481,17.600649,56.946,347.05,299.91,0.0,0.0,0.014715246140633732,0.09754234371868838,55.9956955697711,-0.17646774754799546,0.20589823982926295
IBM,Information Technology,219.05,-0.19113029420428573,-0.12086768660507774,-0.2818810139383203,-0.20313361948520858,0.48202243157755975,37.4,0.85,-0.2382459142039609,18.690273,211.169,274.3,261.89,0.0,0.0,0.015462129996892619,0.09757651977583692,56.29534556130547,-0.17578784876374776,0.206712108757533
IEX,Industrials,228.96,0.02635813839243606,0.1485610381896285,0.21427953513503795,0.29256028897982733,0.25838938947107665,53.2,0.77,0.03060858363191321,33.920002,46.915,194.35,216.93,0.0,-0.02806505657175254,0.01026145670181957,0.09753699546870367,54.189374192684035,-0.18091105441683963,0.2014339678204788
IDXX,Health Care,576.07,0.005357778925338064,0.01073777521907382,-0.1891819288924259,0.10661390248984093,0.42928630423793385,56.8,1.22,0.022180030586348876,42.35809,71.04,624.46,555.05,0.0,0.0,0.012203981658647223,0.09754372712075299,54.9782927095307,-0.17898172349802863,0.20338968681532307
ITW,Industrials,282.97,0.0711250395071723,0.07181059467567152,0.10658570081281127,0.12966968864691442,0.21081778732120154,66.2,0.55,0.05267662583502997,26.249537,283.22,260.68,257.84,0.0,0.0,0.005464863379720857,0.09756627221283605,52.23338000459699,-0.1857650301574378,0.19669475691687952
INCY,Health Care,116.65,0.16942357419427467,0.22377257552816476,0.10099107962092524,0.6849631065949682,0.33446112514994714,68.7,0.47,-0.0005140738502646958,16.475988,0.701,99.37,104.27,0.0,-0.023876065516461736,0.012148725513916733,0.09756783442099111,54.95465080004382,-0.17908422995122583,0.20338168097905931
IR,Industrials,84.78,0.079724941465382,0.013550325336596503,-0.013579534464403409,-0.014685440247989345,0.3463719994642648,59.8,1.39,0.0752060928336229,53.32075,48.353,81.39,75.4,0.0,0.0,0.010528649803110217,0.09755550302324512,54.297229382125465,-0.1806801361224502,0.20173743572867064
PODD,Health Care,164.43,0.11334545302764365,-0.1838487532659807,-0.4187493931868639,-0.4295972562444481,0.39706554674874367,61.5,0.32,0.01953121230360977,37.201355,77.844,240.28,153.09,0.0,0.0,0.004668897671963165,0.09757391596355335,51.90820480162069,-0.18657597761660139,0.1959137729605277
INTC,Information Technology,96.98,-0.1714651787403163,0.415766472363994,0.9905583113106085,3.27412961984584,0.7717638963823942,26.4,2.65,-0.11707932820206057,38.9225065,36.028,63.87,117.53,0.0,-0.3684158147735308,0.04126526580997464,0.09773285964369331,66.356963646129,-0.15029113909166425,0.23282167071161353
IBKR,Financials,92.21,-0.00955960691981994,0.16280424981145303,0.29506016608625774,0.5581903967612318,0.3886082249089247,50.1,1.89,-0.01998084096705277,39.575108,152.192,74.86,89.0,0.0,-0.08168368509280255,0.02182512300473031,0.09757989875765209,58.849066989484825,-0.1694314785602678,0.2130817245697284
ICE,Financials,141.76,0.003397478282038291,-0.13107489460859345,-0.17459156405163057,-0.2059067333597735,0.2381676028247177,85.0,0.29,0.048055598580343695,20.60465,70.986,155.54,141.81,0.0,0.0,0.007645903347011459,0.09757864597697484,53.12276898081444,-0.18360824276785923,0.19890004946188214
IFF,Materials,77.6,0.0020592525234512937,0.08257439568638603,0.11813934743680798,0.07083544685475385,0.3485866695111246,56.0,0.77,0.0009028723839334951,24.024767,45.701,71.13,76.35,0.0,0.0,0.013198048840276599,0.097536908135213,55.38179471786702,-0.1779742911047409,0.20437038878529407
IP,Materials,37.87,0.04757945597248603,0.06203177560575246,-0.09387501282416855,-0.22629545178402877,0.4267844733475998,42.6,1.16,-0.001581897516695463,30.975918,65.904,38.98,34.65,0.0,0.0,0.016492637098680957,0.09754365793917011,56.713296217911434,-0.17469293246209244,0.20767820665945436
INTU,Information Technology,294.79,0.05375932951625595,-0.23511186029352726,-0.4758015212246117,-0.6029122462808578,0.4612832488014075,70.7,0.36,0.07211964542515448,17.069485,33.448,487.13,310.73,0.0,0.0,0.012689902187258148,0.09762339191089346,55.17121722107823,-0.17865194595809303,0.20403175033260934
ISRG,Health Care,402.33,-0.035341838283985405,-0.12170363612077384,-0.2641561573884509,-0.21518029206483458,0.3231255244882143,51.0,0.8,-0.010939604258776825,46.08591,0.0,487.03,419.09,0.0,0.0,0.007649437494493656,0.09754114072738637,53.12540827725643,-0.18353119833118364,0.19883007332017094
IVZ,Financials,30.3,0.0376711796363105,0.27183507858537914,0.08967125262224362,0.8578915674416261,0.3643910238022693,80.8,1.63,0.04554864443322071,16.55899,14.829,25.8,27.68,0.0,-0.024429955215091143,0.02412250809437477,0.0976086848993845,59.759806973418975,-0.16719051430841883,0.21543553049716838
INVH,Real Estate,30.42,0.05969112443192781,0.16981506703674132,0.162839807212668,-0.013770434832078404,0.21440769851365699,55.3,0.11,0.027702692035691978,31.360825,97.038,27.63,29.15,0.0,0.0,0.002267293525231284,0.09754601836218042,50.92719090574367,-0.18892290246464236,0.1934574895151049
IQV,Health Care,210.49,0.17480609278505477,0.2241349766148737,-0.12786409707864532,0.3268406852181249,0.42683715864340316,80.0,1.02,0.012701464094899473,26.18035,253.536,196.43,184.25,0.0,0.0,0.011412745552626734,0.09759198919990728,54.65475735564511,-0.17986755327919154,0.202693044384445
IRM,Real Estate,121.66,-0.05108807978129026,0.040446421435014646,0.3490322903758287,0.28059140566859053,0.3278890021161812,33.4,1.12,0.001234478835007602,132.23914,0.0,105.9,125.44,0.0,0.0,-0.017227559266707045,0.09769196450144164,43.00111749335851,-0.20870380968953267,0.17424869115611857
JBHT,Industrials,298.41,0.06643555089451114,0.2544708239894493,0.4555364551387924,0.9895038467888797,0.387042009850128,66.3,0.79,0.0659023173673432,42.387783,31.318,216.41,271.67,0.0,-0.2288976750924596,0.015197727275595162,0.09757666546953082,56.1885610980147,-0.17605253704468526,0.20644799159587557
JBL,Information Technology,307.06,-0.18228545292242515,-0.009579722066887508,0.2730002774558926,0.40849719910168547,0.4357349267320061,28.0,2.05,-0.0703321638116361,38.478695,297.136,272.52,356.75,0.0,0.0,0.01980754787642247,0.09763699272274193,58.03814028560021,-0.1715609578601517,0.21117605361299666
JKHY,Financials,153.84,0.18988324175581006,0.0024748517674160198,-0.19473949549226033,-0.12016410476950867,0.2674606069523876,84.1,0.08,0.02341663678927164,21.456066,6.398,159.19,137.56,0.0,0.0,0.005972887400586965,0.09759717036252581,52.43997926766632,-0.18531756650996362,0.19726334131113754
J,Industrials,132.31,0.06000639226151283,0.05131876969388571,-0.04264126920195266,-0.029372039641518577,0.3238855836446733,67.0,0.89,0.051498018224933384,39.029495,138.776,135.07,121.99,0.0,0.0,0.008045315649471555,0.09754185189511784,53.286774875353125,-0.1831367140649594,0.19922734536390252
JNJ,Health Care,249.97,0.06288803897239403,0.07191780104849066,0.15645900639467847,0.5548961091990015,0.18942987699537164,54.0,-0.15,-0.02727842425844529,28.99884,67.73,222.56,237.75,0.0,0.0,-0.0007385418779536269,0.09756605603391776,49.69801713915049,-0.19196801170443242,0.19049092794852515
JCI,Industrials,141.26,-0.02693396508525825,0.029813666945433193,0.26716780597427814,0.3244549576097415,0.29492029425345445,43.7,1.06,-0.010853603236859244,43.733746,70.317,128.83,141.71,0.0,0.0,0.009222979655990221,0.09754435784762683,53.76645209648427,-0.18196396172535836,0.20040992103733882
JPM,Financials,343.15,0.04093691495929552,0.11210147313397534,0.12534486666956912,0.2235488178974856,0.22146242971022653,58.8,0.83,0.019853159721658464,14.708529,0.0,309.64,316.43,0.0,0.0,0.01638487992823687,0.09755360146100148,56.66917272597829,-0.17482017893532603,0.20758993879179977
KVUE,Consumer Staples,19.02,0.03201302999556632,0.10247341150623579,0.13728056049509552,-0.08903638059803753,0.3274950546171175,50.9,0.14,-0.023613916595597972,22.642859,82.975,17.35,18.08,0.0,0.0,0.0065748539338582246,0.09755907321049369,52.686580481886146,-0.1846409295587094,0.19779063742642586
KDP,Consumer Staples,31.38,-0.012390088025626245,0.2136526953352127,0.13380712217316737,-0.023295764734545865,0.29522305868194915,44.8,0.02,-0.009156959735671766,22.414286,85.985,28.36,30.45,0.0,0.0,0.005167895249443963,0.09756225078874955,52.11221878658287,-0.18605411629650515,0.1963899067953931
KEY,Financials,23.99,0.05450548444475456,0.1180267490805682,0.1679005715137858,0.391467286548578,0.23718830555750306,58.3,0.83,0.02961375779618547,14.717792,0.0,20.57,22.14,0.0,-0.016264369680926094,0.016812380577721525,0.09755074821361669,56.84168330624881,-0.1743870859209672,0.20801184707641024
KEYS,Information Technology,312.76,-0.1071397923543228,-0.05212747646647575,0.49360085425903133,0.9515788124670386,0.42219361978690406,32.8,1.86,-0.02884638528015049,50.282963,43.642,260.86,342.13,0.0,-0.048949978707579,0.01809682645204646,0.09758588936414686,57.35600372165601,-0.17317151670168138,0.2093651696057743
KMB,Consumer Staples,108.99,0.04516685020721112,0.12776376601624873,0.12810601476251082,-0.10423694108383064,0.2696449299963199,51.7,-0.07,-0.03042439006247133,21.081238,371.264,104.27,102.0,0.0,0.0,0.000397787208012992,0.09760068214063024,50.16259486414941,-0.19089954978762227,0.19169512420364823
KIM,Real Estate,26.03,0.0370518044239696,0.10799827750291824,0.2892071638989191,0.2728809229363862,0.1877761436599869,56.7,0.19,0.046221927840429666,29.91954,78.788,22.41,24.42,0.0,-0.011745013563160989,0.0035549946809274656,0.09754658491224935,51.45358630966081,-0.18763631174708126,0.19474630110893618
KMI,Energy,32.54,0.0349872888926368,0.03305587300514645,0.20448605135571585,0.2142303317374985,0.20306654520999137,44.9,-0.14,0.01307602732282942,21.838926,98.84,30.22,32.23,0.0,0.0,0.00237673648634339,0.09756233401458136,50.97177553796662,-0.18884543818223606,0.19359891115492286
KKR,Financials,102.75,0.038193379131798544,0.00913180251700596,-0.21911585694301727,-0.27694743150175627,0.3734990102252731,72.0,1.5,0.05993395308717364,34.364548,69.029,108.65,95.84,0.0,0.0,0.01790577776508583,0.09756901870365656,57.280463022728014,-0.173329498894081,0.20914105442425268
KLAC,Information Technology,219.37,-0.07567524786289836,0.266103626413692,0.5331850765028494,1.365144215880005,0.5753505022638269,39.7,2.72,-0.05247930602564643,62.144474,105.4,157.42,216.78,0.0,-0.24356222844172784,0.03080204292940624,0.09765518311943094,62.37772286537635,-0.1606021159846784,0.2222062018434909
KHC,Consumer Staples,26.23,0.10210085643161992,0.1821777519161072,0.11651563909134688,0.01485613871751279,0.26802290019099795,71.1,-0.06,0.05553316457071955,25.447721,50.258,23.93,23.63,0.0,0.0,0.0026731611396093916,0.0975774014400813,51.092777227479736,-0.18857854568294996,0.19392486796216873
KR,Consumer Staples,58.61,-0.08607511117228694,-0.13060714666857398,-0.05196546927192813,-0.1679522103752069,0.28026590157297704,53.2,-0.72,-0.03187975348511718,34.274853,373.449,65.67,62.12,0.0,0.0,-0.010936456734579098,0.09768370551180147,45.542841731777465,-0.20239651953770998,0.18052360606855178
LHX,Industrials,284.43,-0.0838138782674549,-0.19192339738559938,-0.1641326324157406,0.09626400852714956,0.25675577912990233,44.8,0.32,-0.021804163350546246,30.84924,34.574,316.68,300.83,0.0,0.0,0.005985503536806534,0.09754395764857206,52.44645882953486,-0.18520065345439468,0.19717166052800777
LH,Health Care,281.94,0.06488892597862339,0.061400821009063744,0.0817717684875563,0.15829338406518967,0.23534853681857715,67.1,0.27,0.0185325852680831,24.994682,83.407,267.31,264.77,0.0,0.0,0.005636881339066692,0.0975473270620029,52.304050198039775,-0.185555879702459,0.1968296423805924
LRCX,Information Technology,320.96,-0.13037830119925442,0.23078663161819413,0.5401644472740332,2.2154660204682495,0.5913201901284789,35.3,3.08,-0.08383523033398421,60.558487,35.282,232.33,335.37,0.0,-0.23145763004032596,0.03417497993937495,0.09770791159293997,63.67431276022181,-0.15733252678278736,0.22568248666153728
LVS,Consumer Discretionary,45.7,-0.06620347271528737,-0.18945679175393437,-0.22861891466766715,-0.05097673106911438,0.34575708333106214,45.8,0.72,-0.021203638742520847,16.863468,981.405,56.12,49.25,0.0,0.0,0.0024264126495108936,0.09802082136483162,50.98744300672021,-0.18969439722555906,0.19454722252458087
LDOS,Industrials,108.29,-0.04657510856000857,-0.3054737553314766,-0.429085241177497,-0.32049494408863854,0.309333853641087,75.4,0.31,0.01186698105305184,9.907594,137.125,164.32,117.54,0.0,0.0,0.011384219174251538,0.09756884259164102,54.64427197100552,-0.17985071230536487,0.20261915065386793
LEN,Consumer Discretionary,86.4,-0.03190900512049655,-0.016036064419168605,-0.2769917739659551,-0.19455609807583862,0.37588382785693997,31.5,0.86,0.0252759578457602,13.542319,28.692,105.29,87.8,0.0,0.0,0.019388606370183456,0.09755819306560379,57.87664969952602,-0.17182545203839994,0.21060266477876688
LII,Industrials,558.57,0.059770738407425306,0.16837501325361526,0.06911543292604283,-0.054786107863693756,0.36025297595959155,44.8,1.26,0.011847141786242688,24.391705,161.043,511.0,525.97,0.0,0.0,0.017578272514891267,0.09754436164030261,57.15053536467093,-0.17360867630010185,0.2087652213298844
LLY,Health Care,1169.17,0.04157687656597986,0.29557039590085443,0.09302919274037635,0.4908088737443077,0.38643402510032226,56.6,0.41,-0.016330337736641054,41.489357,139.015,1004.99,1105.35,0.0,-0.013366207707316002,0.0021044080808838247,0.09756172971523318,50.86045241752926,-0.18911658216097318,0.19332539832274084
LIN,Materials,520.74,0.004959776538550287,0.04640576443984523,0.19128443434960207,0.14810543784804686,0.17832234871955238,49.2,0.14,-0.017082217800091448,34.48609,65.642,471.87,513.26,0.0,0.0,0.0016806310463911784,0.09755075322462561,50.687274668646765,-0.18951884527387503,0.1928801073666574
LYV,Communication Services,179.85,0.03302699482147742,0.11993281153765545,0.22530322659249968,0.2103776198670897,0.3078506245463832,57.9,0.77,0.00033379397977562064,22.5538885,738.269,154.84,171.44,0.0,-0.01154306456135537,0.003844086677099837,0.09778924714194707,51.56783478616103,-0.1878228377211164,0.1955110110753161
LMT,Industrials,513.52,-0.041850904309928105,-0.1491518025901507,-0.0927085837183399,0.11856618459659374,0.2721386605278445,54.5,0.1,-0.018538954388227613,24.879847,276.365,542.45,519.63,0.0,0.0,0.0018120314358579996,0.09756587888761789,50.74088852071195,-0.18941709118387307,0.19304115405558908
L,Financials,113.89,0.048228235528569474,0.03747096492967983,0.10059375243532287,0.2553666881980332,0.16373650399453787,59.2,0.09,-0.009566036129718736,14.489821,45.603,106.62,109.04,0.0,0.0,0.007249131637054735,0.09755428301295666,52.961762143633514,-0.18395726306834032,0.19845552634244978
LOW,Consumer Discretionary,216.16,-0.03508615507743651,-0.10404418600827003,-0.20649919251051263,0.01759817510941697,0.26765349425625606,42.8,0.65,0.021405276542923568,18.28765,0.0,241.17,217.94,0.0,0.0,0.014485285256643452,0.09754440256676726,55.90256702904048,-0.17670174377422038,0.20567231428750726
LULU,Consumer Discretionary,118.79,0.02848485641149212,-0.270869124413173,-0.41523086899457473,-0.4746362363678265,0.45066594610229227,61.6,1.37,-0.003940979475803186,9.618624,44.264,162.28,120.62,0.0,0.0,0.026066434595691055,0.09756848462328932,60.53271646505374,-0.165167795265956,0.21730066445733812
LITE,Information Technology,706.23,-0.19321194447206358,-0.20756939511625594,1.1296363032005452,6.088527551319607,0.8989778665609504,35.7,2.84,-0.11942497990126733,124.99645,111.445,569.38,874.61,0.0,-0.09035587054682062,-0.002993099124088996,0.09821956596348573,48.78446927168343,-0.195503448412521,0.18951725016434304
LYB,Materials,57.8,-0.07652981153298966,-0.22427095075518777,0.13680307622636478,-0.0024683634973194923,0.45715129198175614,58.6,-0.13,0.02573204617929803,30.975918,141.24,57.53,63.72,0.0,0.0,0.0003590951365551401,0.0976590896126129,50.1466918342226,-0.19105272050416613,0.1917709107772764
MTB,Financials,254.04,0.11250267788900947,0.1791453699458807,0.22787730139897677,0.35876573785758903,0.21865938574054994,72.9,0.65,0.048279265185467324,13.44127,0.0,209.86,224.05,0.0,-0.0605157881260559,0.016575657636096093,0.09756434460217452,56.745349543332146,-0.17465045778416596,0.20780177305635814
MPC,Energy,305.85,0.22110434228813736,0.3570424494294131,0.703881650179274,0.8091072052143393,0.32832853441932147,85.7,-0.05,0.07792350965712402,20.121712,146.523,215.05,260.45,-0.024294275988944958,-0.27222576399476694,0.011759113841366586,0.09765076428023592,54.792481123172585,-0.17963638414789582,0.20315461183062897
MAR,Consumer Discretionary,371.14,-0.07005760718486698,0.026081841425320107,0.16551263992314702,0.3685069290031491,0.26487152726441393,43.4,0.88,-0.013214141864591578,38.903564,0.0,329.13,374.58,0.0,0.0,0.00953963974691935,0.09754820468465024,53.89521072905077,-0.1816548414349951,0.2007341209288338
MRSH,Financials,182.15,0.0921573044111057,-0.0023005609403766725,0.004074374321954011,-0.1242590883547866,0.24974100219880754,72.5,-0.21,0.021535507769993467,22.76875,151.634,178.27,166.88,0.0,0.0,0.0006134912121085449,0.0975849055072021,50.25080310290164,-0.19065292358200756,0.19187990600622465
MLM,Materials,576.93,-0.044137406307744764,-0.049714640568963575,-0.09147948168194908,0.06160147782000891,0.26759929347990963,32.5,0.86,-0.001367406472693511,35.72322,50.35,615.68,579.91,0.0,0.0,0.010689382408077177,0.09755343236121868,54.36266387796014,-0.18051534501991143,0.2018941098360658
MRVL,Information Technology,188.3,-0.3241237163315499,0.4122101579468964,1.3204130868628852,1.663390062576699,0.7599603229591347,26.5,2.93,-0.20147574317764338,64.7079,28.97,129.33,235.1,0.0,-0.3059727011058032,0.03683813813883051,0.09770588109798817,64.69246862088715,-0.15466538881322628,0.22834166509088732
MAS,Industrials,80.14,0.07139032246022259,0.26351378131588943,0.15410946675185433,0.25637277472057085,0.3318037498606219,51.2,1.03,0.02954783093480473,19.310843,12229.63,68.06,73.01,0.0,-0.027544940584943917,-0.15263724132994985,0.16749966865854682,18.107685036377386,-0.4809365919007016,0.17566210924080192
MA,Financials,551.54,0.10199780013388948,0.06542325268485993,0.012058670619734313,-0.0009776376039023482,0.21806028201985464,79.4,0.36,0.047082029564404104,30.967995,282.059,529.07,501.47,0.0,0.0,0.0017271907198203864,0.0975840445522878,50.706071809733764,-0.18953753660266368,0.19299191804230445
MKC,Consumer Staples,52.9,0.13115846728610014,0.010984971647782116,-0.21459565440441275,-0.23495645446244107,0.29599014418857633,64.1,-0.37,0.008579614039918582,8.801996,65.143,59.44,48.32,0.0,0.0,0.005381764637874101,0.09761284035864261,52.198405681409795,-0.1859394024650654,0.1967029317408136
MCD,Consumer Discretionary,273.46,-0.050255275896168405,-0.10309280414289002,-0.10150710788798845,-0.0629135887060257,0.1790900711783278,58.5,-0.01,-0.004151546333206357,22.525534,0.0,302.21,276.64,0.0,0.0,0.004972048576709411,0.09755959644515654,52.03229834568811,-0.1862447604557974,0.19618885760921623
MCK,Health Care,841.31,0.07114574870313017,-0.028938828602353417,0.010525902930586195,0.1802250472380349,0.30140693518161693,69.6,-0.23,0.04386070601791814,21.93196,0.0,830.89,768.7,0.0,0.0,0.002530163698779089,0.09761182328394034,51.03396926891455,-0.18878900993774397,0.19384933733530216
MDT,Health Care,83.56,0.03681661273076586,-0.015599320973800568,-0.1391298278444526,-0.03901844263158116,0.23304212460505724,58.4,0.24,-0.0036962582310265946,21.536081,58.214,90.78,78.72,0.0,0.0,0.007488858288933389,0.09754265356759106,53.05988163188962,-0.18369474270354508,0.19867245928141186
MRK,Health Care,127.63,0.10818788992420414,0.11335367339342173,0.16656090339592144,0.600107950993348,0.2808970873867132,53.3,0.15,0.03310665620512032,34.871582,106.936,109.25,118.77,0.0,-0.018192516569542794,0.0013216746248134656,0.09755344868698704,50.540478851168466,-0.18988308480168112,0.19252643405130807
META,Communication Services,664.54,0.10717907682257621,-0.017306268862985585,0.08156576872136045,-0.051488676482861484,0.3860827758936334,72.9,1.49,-0.006978442928195272,24.156305,35.608,640.99,603.4,0.0,0.0,0.0211349146290244,0.09757228805724413,58.57429806456824,-0.17010676996317411,0.2123765992212229
MET,Financials,93.7,0.07208232622853972,0.22477634258027002,0.20908589986895554,0.26013889651301736,0.2393364455566241,77.3,0.79,0.0223676528994321,18.12379,178.019,79.0,85.0,0.0,-0.03602411601318914,0.013246821723121607,0.0975650431547518,55.400013068564924,-0.1779806628601919,0.20447430630643512
MTD,Health Care,1335.09,0.15936506516399085,0.03428000462619685,-0.10128846148157378,0.12741937246249502,0.32498808007378094,70.8,0.94,0.03002686418869449,31.347498,0.0,1315.68,1185.53,0.0,0.0,0.012579115364851333,0.09755297208217562,55.13000132110174,-0.17862470991621285,0.20378294064591554
MGM,Consumer Discretionary,46.9,-0.022509337779520244,0.21849829775707907,0.36297592949295354,0.25737272078225626,0.38949282555498166,48.0,0.9,0.0004266309152727299,64.246574,951.186,37.54,44.24,0.0,-0.0993374123500303,-0.0068506606302515495,0.0980224632791547,47.21411313257337,-0.19897468865739476,0.18527336739689165
MCHP,Information Technology,81.68,-0.1458746977820664,0.0679062577180598,0.10569506293892061,0.12717439323347568,0.4731952821101396,34.3,1.94,-0.07799973268267746,371.27274,87.715,74.69,92.89,0.0,0.0,-0.0858921952746281,0.09910229080242311,19.30525395526933,-0.2801326852473774,0.10834829469812118
MU,Information Technology,853.2,-0.1640236317664141,0.8663062711608362,1.5609410762917508,6.339770171914915,0.7656495029027426,21.0,3.24,-0.1287654213803544,19.268293,6.33,479.66,929.4,0.0,-0.628758274565786,0.059103608374500544,0.09802752904881737,72.6721931070822,-0.13303034856118148,0.2512375653101826
MSFT,Information Technology,401.1,0.018459791735325304,-0.04352369983723536,-0.12297838542015949,-0.20038006030955413,0.27348663939445766,77.5,0.77,0.04154764930255328,23.860798,30.271,439.95,401.65,0.0,0.0,0.01289522363126939,0.09756057291873445,55.25776905669009,-0.17832349928945013,0.2041139465519889
MAA,Real Estate,134.86,-0.0001365478530650499,0.1082158668538733,0.024890352479294497,-0.060509650621716315,0.1954868678102905,46.4,0.14,0.008660857839086988,40.017807,99.825,132.29,132.44,0.0,0.0,4.492993091941004e-05,0.0975513966295594,50.01837436375577,-0.19115580746301702,0.19124566732485582
MRNA,Health Care,63.15,0.13989169289787395,0.15490126505908952,0.5561852803454548,0.9697441927899846,0.6907370072554279,53.5,1.64,-0.07499627023502264,27.5063965,17.522,43.21,56.79,0.0,-0.31146810000262226,0.03526387658655472,0.09766622912431781,64.09746464950194,-0.1561619324971082,0.22668968567021763
TAP,Consumer Staples,41.78,0.029064048017832578,-0.04278387209122958,-0.1539800081339342,-0.12296677533914002,0.27604189249767325,55.5,-0.22,0.06663264570741845,25.447721,62.567,44.82,40.29,0.0,0.0,0.001607796366674876,0.0975797244239553,50.657297334612885,-0.1896484635042775,0.19286405623762726
MDLZ,Consumer Staples,61.42,-0.003462067411780234,0.08524326785069869,0.09157891746672409,-0.05804697876088616,0.23526702980064312,52.3,-0.14,0.04402509361343321,30.40594,83.793,58.67,60.63,0.0,0.0,0.00032164581808268543,0.09756272786271455,50.13152346855353,-0.19090130079283782,0.1915445924290032
MPWR,Information Technology,1305.65,-0.12752313177536023,-0.0678408430936861,0.33210313398814995,0.8413597148478524,0.527415685765287,41.4,2.56,-0.03481080337704345,93.46099,0.543,1188.67,1497.59,0.0,0.0,0.010879512618400995,0.0976741657998865,54.43447799656534,-0.18056185234937652,0.20232087758617853
MNST,Consumer Staples,99.94,0.07520178292266477,0.3261677498935469,0.28573264023269207,0.7040068174134388,0.2612790643366771,65.1,0.26,0.026183417884165783,48.280197,1.082,79.05,90.81,0.0,-0.11423756687285594,0.00297940237581791,0.09756935785221643,51.21803085282678,-0.1882565390145263,0.1942153437661621
MCO,Financials,519.02,0.10804640266745569,0.160203584892892,-0.027234297043892353,0.046241772508388124,0.2751937786533292,85.5,0.58,0.0651371302566619,36.244415,235.539,471.57,458.47,0.0,0.0,0.0031068258073651362,0.09758572679338186,51.26989352246155,-0.18816119870766332,0.19437485032239357
MS,Financials,218.37,-0.011139821099803271,0.17202387699065014,0.22111849300773345,0.5998334780265,0.27069100280411024,47.4,1.36,-0.0175904430609235,17.638933,502.246,181.31,209.81,0.0,-0.05440233755204621,0.016375181716261792,0.09767838015691332,56.65682720517356,-0.17507444339128833,0.2078248068238119
MOS,Materials,22.53,0.03872753028608389,-0.07969876483766658,-0.16964682636646633,-0.34348167539267016,0.453186688612247,57.0,0.71,0.047419825518834724,160.92857,48.19,25.69,22.11,0.0,0.0,-0.030493079619074992,0.09778684091093816,37.75840494021531,-0.22215528780451377,0.16116912856636378
MSI,Information Technology,414.19,0.02593381846092746,-0.06531208022839363,0.07013595799684724,0.006181649287427149,0.24153348708771916,63.7,0.2,-0.020549570424391206,32.79414,374.132,417.97,408.12,0.0,0.0,-0.0012714397609073864,0.09759163530499146,49.480266185302746,-0.19255104495869063,0.19000816543687588
MSCI,Financials,637.24,0.04781639432711038,0.13213194033366027,0.07947648098529192,0.12935839211047662,0.29740458063284403,85.2,0.41,0.0537943263377727,36.372143,0.0,571.57,595.04,0.0,0.0,0.004455164207943998,0.09758905433093844,51.82063060315293,-0.18681938228069533,0.19572971069658335
NDAQ,Financials,94.25,0.05554932280900138,0.06434167254040957,-0.05178780863723731,0.07188846526947468,0.2763607784645821,80.9,0.69,0.07004993234196255,28.388556,79.058,88.99,87.28,0.0,0.0,0.00917464445788147,0.09756312223477137,53.74605291128896,-0.18204907512227042,0.20039836403803335
NTAP,Information Technology,159.69,-0.006728146621016395,0.5448979749999907,0.49526753258962697,0.5599530170730471,0.4241079401043058,54.6,1.36,-0.05436130124484684,25.10849,202.295,118.23,149.67,0.0,-0.20065130454616295,0.025029775953837728,0.0975690146073309,60.1230759981141,-0.16620549267653084,0.2162650445842063
NFLX,Communication Services,74.35,-0.05551324541179925,-0.31023288020576645,-0.1603614239215414,-0.4053474776122108,0.3436974010410893,59.7,0.27,0.013356899152967783,23.380503,47.457,94.0,80.94,0.0,0.0,0.008738597812848817,0.09756019019921157,53.56860733451432,-0.18247937497760586,0.19995657060330346
NEM,Materials,90.83,-0.16239395254409772,-0.19723055204471296,-0.20082054837436625,0.5705004829459783,0.476711603343994,40.7,1.53,-0.046804481494615136,12.341033,15.762,103.89,103.38,0.0,0.0,0.02596110777826176,0.097577250409442,60.49023338221113,-0.16529030302424455,0.2172125185807681
NWSA,Communication Services,28.69,0.10644042408016952,0.1124466659783745,0.07539722854247355,-0.03252496140055916,0.2548200563999292,82.0,0.36,0.04822797421811087,36.310123,31.559,25.8,26.37,0.0,0.0,0.003696892246178198,0.09757412232079603,51.5111525536193,-0.18754838750258201,0.1949421719949384
NWS,Communication Services,32.54,0.10118449257747675,0.0974705340363955,0.06418985975298552,-0.048752970637594095,0.26136410504274776,78.0,0.38,0.052053042174789343,41.189873,31.559,29.39,30.07,0.0,0.0,0.002541154440948853,0.09756694848735148,51.03893722060302,-0.18869006459426005,0.19377237347615775
NEE,Utilities,89.35,0.03618224510873369,-0.019879782301570614,0.10536890878439831,0.22960086236919075,0.2280533522509982,57.1,0.11,0.015802630788042116,22.620253,156.686,87.27,88.19,0.0,0.0,0.003760513867984013,0.09754778101795822,51.53756082791613,-0.18743313692721408,0.1949541646631821
NKE,Consumer Discretionary,44.57,-0.01043519562942763,-0.015999684682173276,-0.30963401927416,-0.36486762401645945,0.35607382362980416,67.2,0.8,0.004507567449944849,21.22381,74.289,56.07,43.48,0.0,0.0,0.0146333634181429,0.0975463243589877,55.96234136997642,-0.176557432325473,0.20582415916175878
NI,Utilities,46.27,-0.03038559777551675,-0.02431034732400117,0.08241337054234354,0.1835120365097771,0.18378070098200128,41.3,0.13,-0.013432858158173078,23.019901,140.908,45.09,47.01,0.0,0.0,0.004459091107982435,0.09755356696179686,51.82289665776986,-0.1867459001371394,0.19566408235310426
NDSN,Industrials,293.36,0.004408383189861365,0.06321355983793464,0.10713458116060015,0.3952974272297689,0.21363152056137613,35.2,0.92,0.023586807760238804,30.782791,61.637,265.25,287.12,0.0,0.0,0.01168346258186953,0.09756604137640931,54.76591167580595,-0.1795459785158927,0.20291290367963177
NSC,Industrials,338.06,0.08767414244730931,0.1219065042634786,0.1908461726091888,0.3227358914629501,0.2021226634076109,82.3,0.36,0.03233882889551576,27.709837,111.586,299.67,314.31,0.0,0.0,0.0042948459865667695,0.09757253420759138,51.7554556153191,-0.18694732106031234,0.19553701303344587
NTRS,Financials,188.52,0.07824301201730033,0.20811072317885193,0.3103357979900654,0.5447412879513438,0.24531432515649854,73.2,0.93,0.027077096911306997,19.991516,0.0,148.36,171.54,0.0,-0.12068094714973662,0.01981220656425523,0.09757300984921187,58.045205180757165,-0.17143089274020004,0.2110553058687105
NOC,Industrials,518.65,-0.0590700391151614,-0.22568979851588666,-0.1998635423013687,0.013626330736433045,0.2737687626970349,58.8,0.03,-0.03887845427221204,16.47554,102.682,610.91,538.79,0.0,0.0,0.006295149244440473,0.09755717440341505,52.57250115588834,-0.18491691258625303,0.19750721107513397
NCLH,Consumer Discretionary,19.61,-0.03541560826642831,-0.020968550269395148,-0.1507145742416245,-0.14924072627204432,0.5329646805338807,39.3,2.13,0.0,15.814516,661.444,20.53,18.56,0.0,0.0,0.024293464313952375,0.09780783063086046,59.807962012383186,-0.16740988372253413,0.21599681235043888
NRG,Utilities,132.75,0.0049204683304482355,-0.2097535293977656,-0.10850815391008028,-0.07375543296342768,0.45281584004416997,28.6,1.47,-0.05462183641191343,144.29347,479.237,154.83,136.29,0.0,0.0,-0.02238123828004019,0.09783550180257634,40.95261840817583,-0.21413882181308982,0.16937634525300946
NUE,Materials,235.67,-0.08812409269201271,0.2314244484594865,0.3759044789032724,0.7332762116062597,0.2999510354713296,39.2,0.92,0.036504390332945835,23.356789,31.595,185.3,238.54,0.0,-0.12182218045026458,0.019273720129470314,0.09755344640946359,57.83095894678277,-0.1719310348330783,0.21047847509201895
NVDA,Information Technology,207.4,-4.826076586594841e-05,0.04684505072538503,0.13384817464518872,0.21185859409179786,0.357518529063761,60.3,1.88,-0.01687529723210235,31.7611,6.555,192.29,209.68,0.0,0.0,0.02307603011297871,0.09759459301584936,59.34574088964152,-0.16820937219808602,0.21436143242404343
NVR,Consumer Discretionary,6701.1,0.040934639465953326,-0.0003714048967466965,-0.11603845724772499,-0.09151051036419933,0.2778689459104819,44.9,0.52,0.034217720535312024,15.87299,31.22,7026.26,6275.19,0.0,0.0,0.01361794061464642,0.09754078982198261,55.551702785415515,-0.1775620074364395,0.2047978886657323
NXPI,Information Technology,270.66,-0.10337715627292676,0.2706598214168028,0.13362215240766284,0.24884730689534673,0.4810463350896271,35.9,1.83,-0.07390681373355712,26.666012,103.991,239.29,297.79,0.0,0.0,0.02425806576679362,0.09757708439067884,59.81664916377426,-0.1669930196389369,0.21550915117252414
ORLY,Consumer Discretionary,86.25,-0.04885311303779216,-0.06967963702153246,-0.09229632659333875,-0.05469090290006473,0.2474492540636324,48.9,-0.01,-0.00034769100279674614,28.094463,0.0,93.98,89.21,0.0,0.0,0.0038588832323425432,0.09756278505280275,51.577517873975474,-0.18736417547115083,0.19508194193583592
OXY,Energy,53.65,-0.0003725851266747071,-0.05226291353411072,0.22187991576828603,0.2845290525519739,0.34359843844445315,58.7,-0.5,0.014369486575929402,72.5,41.989,49.64,54.81,0.0,0.0,-0.017066277948867475,0.09768476047467203,43.06546661110648,-0.20852840847922466,0.1743958525814897
ODFL,Industrials,237.15,0.023875308245728144,0.11181621032699152,0.3703446047867085,0.48417371843249923,0.39471006840894773,68.5,1.11,0.04182220625340194,49.509396,0.909,183.42,219.88,0.0,-0.14295712576132966,0.014273661877708552,0.09756019794122517,55.81601643675064,-0.17694432608709276,0.2054916498425099
OMC,Communication Services,84.17,0.08788930051658395,0.08011486940419421,0.07157201186580919,0.18232397086931762,0.3550909877534143,74.7,0.37,0.02734038637160885,22.5538885,110.574,76.67,75.41,0.0,0.0,0.007516119601234924,0.09757321956265459,53.07003825068931,-0.18372739074156808,0.1987596299440379
ON,Information Technology,88.12,-0.2547991311071287,0.1024646867275929,0.4546054817286207,0.48051078744721054,0.627625790703578,28.1,2.43,-0.08170067124520453,67.78462,44.337,72.96,109.83,0.0,-0.05784141183363861,0.021395312070026595,0.09763335662030337,58.67292576429946,-0.16996606690576802,0.2127566910458212
OKE,Energy,93.0,0.07751132696840335,0.10450019394927201,0.2577921080915093,0.23940843664705924,0.266453336472225,59.9,-0.3,0.03425269009979126,16.57754,149.644,80.77,88.9,0.0,-0.0013926589432568248,0.0014596447779143167,0.09758777254571707,50.596685721305555,-0.18981238941169112,0.19273167896751978
ORCL,Information Technology,124.21,-0.3381717136444625,-0.3010983354754846,-0.35397217094309585,-0.479379592516501,0.6525452154785011,22.9,1.88,-0.11682309710238159,21.305317,388.87,192.32,179.27,0.0,0.0,0.025522866348214407,0.09769056524326822,60.305489940041724,-0.1659506415285913,0.2169963742250201
OTIS,Industrials,75.0,0.020269321459251755,-0.06488510588104357,-0.15729390737999616,-0.23737667319382572,0.2428467874125067,55.4,0.29,0.026132217236399136,19.946808,0.0,83.39,72.25,0.0,0.0,0.009956473575081455,0.09754707480375024,54.064880731495194,-0.18123579304026902,0.2011487401904319
PCAR,Industrials,126.67,0.046513526196576116,0.02165676867938826,0.07054025597836189,0.3615242809368937,0.2774631999892707,61.2,1.01,0.016857979282858926,26.171486,76.163,114.04,116.97,0.0,0.0,0.013517410785418724,0.09754348938876059,55.51083034289256,-0.17766782841655204,0.20470264998738946
PKG,Materials,234.04,0.01955996591018394,0.13470939192316855,0.07734246845140591,0.18388164305741284,0.271705924872343,39.9,0.72,0.02303618881518843,27.69704,95.185,215.89,224.62,0.0,0.0,0.010630814225301034,0.09753897647015339,54.33949564674101,-0.1805455796561996,0.2018072081068017
PLTR,Information Technology,134.44,0.008930599935506489,-0.05827957681121443,-0.24641251658666352,-0.1091379022001735,0.5143190234763891,82.1,1.73,0.06033600024165664,151.05618,2.477,155.87,132.55,0.0,0.0,-0.016412133494186215,0.09777574217265078,43.33487314154301,-0.20805258815258174,0.1752283211642093
PANW,Information Technology,353.99,0.2647016718595978,1.1200813777707674,0.8540302928492036,0.8380497272211129,0.4131345567861203,68.2,1.2,0.0861587133157713,313.26547,7.698,207.65,280.38,-0.11251761411918684,-0.5547640363326068,-0.05841787271995666,0.09876286977322218,27.709396448857106,-0.25199309747547216,0.13515735203555881
PSKY,Communication Services,9.14,-0.11262134232342647,-0.21706236503413345,-0.23581584600198058,-0.2836208745908507,0.6833807648923305,45.0,0.59,-0.028692827679865363,457.00003,130.167,12.32,10.14,0.0,0.0,-0.12749618727892598,0.10012306121631835,10.14389877135471,-0.3237373872629099,0.06874501270505798
PH,Industrials,958.34,0.021129254758610383,0.0036636749584253447,0.02786367433515613,0.3610835066749376,0.2541759896136428,40.1,0.87,-0.0030480433345981828,35.207203,65.554,894.78,908.72,0.0,0.0,0.009776655328687179,0.097546920084555,53.99172127046321,-0.18141530803704062,0.20096861869441499
PAYX,Industrials,114.7,0.14379735086237733,0.2609929764491248,0.06431536841279573,-0.16051402996382502,0.2661931389511613,80.8,0.1,0.06657983979690507,22.490196,123.378,104.18,99.04,-0.008155657861799531,0.0,0.004068168393420725,0.09757895330604853,51.66275030231361,-0.18718658008643438,0.19532291687327583
PYPL,Financials,56.73,0.2996563014689162,0.14268224991033063,-0.009897147719204025,-0.21582424297135983,0.4265678729965593,85.3,1.22,0.22474093082896363,10.643527,58.28,52.9,44.45,-0.12628776140414535,0.0,0.017139602043300974,0.09777282485771974,56.95781479652118,-0.1744951346778297,0.20877433876443166
PNR,Industrials,65.69,-0.12646269804214716,-0.25748839680094926,-0.3653400911509298,-0.3672126812632963,0.31573034445983433,26.4,1.01,-0.13781335691746432,16.140049,54.634,93.73,74.04,0.0,0.0,0.020039461347258185,0.09756588192219047,58.13679046070097,-0.17118966722023515,0.2112685899147515
PEP,Consumer Staples,139.43,-0.04578430512566678,-0.11038673521086062,-0.025796703671609023,0.07092993874228304,0.22820260528799605,49.9,-0.23,0.014922024458489558,18.273918,238.949,150.0,143.81,0.0,0.0,0.0008540188131299977,0.09757691736238305,50.34916030583749,-0.1903967392171408,0.19210477684340077
PFE,Health Care,25.14,-0.03456226936390949,-0.06116903352179137,0.01575653347170003,0.09292200208889523,0.24223568062959536,67.1,0.27,0.04013236699597167,19.19084,71.602,25.88,25.27,0.0,0.0,0.007865803383598465,0.09754822083694803,53.21338951602036,-0.18332870945681967,0.1990603162240166
PCG,Utilities,17.53,0.050238329303185836,0.012146726750187353,0.12230576805297289,0.3461875430947199,0.26223955789672887,59.1,0.21,0.020966838017001832,13.5891485,187.872,16.61,16.68,0.0,0.0,0.007231467487641662,0.0975510158402304,52.954657138185446,-0.18396852355920992,0.19843145853449326
PM,Consumer Staples,189.84,0.03995369867678633,0.22512718419899724,0.12884396909518037,0.07336329911137951,0.28908947555365494,61.9,-0.15,0.045259340610593446,25.447721,0.0,168.01,180.05,0.0,0.0,0.0026926151634532915,0.09758839725804534,51.10060394739882,-0.18858064346231557,0.19396587378922214
PSX,Energy,201.32,0.17046515886173697,0.2415452791063839,0.44599102882664554,0.6836845202557384,0.3053477789841794,77.7,-0.14,0.06880445249454392,19.873644,91.385,155.95,178.09,0.0,-0.14095352948502446,0.0075118936448963294,0.09761705764436387,53.066940315361855,-0.18381753933805686,0.1988413266278495
PNW,Utilities,109.29,0.052383269343637684,0.058453044381058916,0.20630564271123597,0.24981494704396878,0.1685681954957849,55.6,-0.2,0.010821292445650554,20.389925,212.957,96.61,103.3,0.0,0.0,-5.152773730611173e-05,0.09756872902333616,49.978931167521566,-0.19128623662304498,0.19118318114843277
PNC,Financials,255.2,0.08739185433327767,0.15963097403031434,0.22048919873371076,0.34849017972196483,0.2180407665584435,65.2,0.63,0.013060193078103133,14.045129,0.0,213.46,231.66,0.0,-0.04553341285555501,0.015808312045369827,0.09755411532146387,56.43654186946693,-0.17539775398469934,0.20701437807543902
PPG,Materials,118.68,-0.016328232041344592,0.0650299435635544,0.10656980841141372,0.05426984157105985,0.29683710543314357,43.6,1.0,0.01644397168394307,17.002865,93.736,108.8,114.04,0.0,0.0,0.01750395505944529,0.09754098131760335,57.12087223314045,-0.17367636832305725,0.20868427844194784
PPL,Utilities,36.38,0.0,-0.06781006109946186,0.039887964076276594,0.06754416011820807,0.17603345826502345,44.8,-0.02,0.01676920931494097,21.915665,135.116,36.6,35.77,0.0,0.0,0.0033312554782246404,0.09755565388195536,51.36201273542351,-0.18787782613040788,0.19454033708685714
PFG,Financials,113.12,0.017540744892999838,0.21326151837702478,0.261353518576273,0.46926884307130434,0.2239574634572274,75.9,0.7,0.007930137779804891,16.229557,33.624,93.35,106.26,0.0,-0.06174729356357847,0.015492318180933756,0.09756446707747027,56.30830641021516,-0.17573403729090797,0.20671867365277546
PG,Consumer Staples,151.5,-0.006492264787861468,0.06659768506273989,0.0503897422876729,0.013843475831483154,0.1966507017519775,55.3,-0.1,0.03033192952605912,22.181553,67.651,148.26,146.53,0.0,0.0,0.003184750476649762,0.09755683567091114,51.30211889015768,-0.18802664743833608,0.1943961483916356
PGR,Financials,205.8,0.0060167928677750115,0.011900493454308547,0.0024230180246200828,-0.1107239083523971,0.25252598684111255,43.3,-0.4,-0.10800970023013845,10.331326,24.428,212.59,207.55,0.0,0.0,0.00532144474387819,0.09760221955123334,52.17402636128855,-0.18597890557653915,0.19662179506429553
PLD,Real Estate,150.06,0.026964156673057627,0.06315734965139375,0.15244745607628918,0.4062026974043753,0.22480102572738173,68.4,0.51,0.0652374725629914,35.98561,62.702,133.55,142.38,0.0,0.0,0.004370022792124785,0.09754946381524937,51.78658481806063,-0.18682692628576397,0.19556697187001354
PRU,Financials,118.25,0.08327222455971639,0.20125941367076416,0.03209192526846816,0.21987783799363214,0.23018799339996387,75.4,0.71,0.02496313759950297,12.178166,158.972,104.77,106.02,0.0,0.0,0.013143957866320652,0.09756175650500493,55.35851451609639,-0.178077084883489,0.20436500061613028
PEG,Utilities,79.53,-0.016691376359610932,-0.02216740704983855,0.024788721594218632,-0.00013514855070206888,0.18957827167738028,36.1,0.16,-0.012662994833228303,17.595133,141.01,81.14,79.17,0.0,0.0,0.007153089056400663,0.09755792812251954,52.922483975040166,-0.18406045006373764,0.19836662817653897
PTC,Information Technology,127.36,0.07767812050660261,-0.07890361846385152,-0.23521286528595686,-0.3441474895249542,0.31340026625591316,74.9,0.46,0.021003710048507207,12.23439,35.78,158.38,130.91,0.0,0.0,0.013796333387727804,0.09756603800334629,55.62250292450156,-0.1774331010988309,0.20502576787428653
PSA,Real Estate,324.5,0.013524022833709015,0.08541954803652074,0.1496970767061485,0.1835625611359477,0.23394996967206738,53.1,0.4,0.012290998475834591,33.557392,107.646,292.46,311.78,0.0,0.0,0.004364196980366344,0.09753754446174782,51.78442254578992,-0.18680939016465936,0.19553778412539208
PHM,Consumer Discretionary,129.02,0.03414557601224466,0.07324363547143986,-0.008877657424659957,0.18993893570439546,0.34775162210032473,37.6,0.87,0.03422849116201143,12.12594,18.942,124.29,122.14,0.0,0.0,0.0189040016716668,0.09755018011744503,57.68288469998814,-0.17229435135852544,0.21010235470185906
PWR,Industrials,631.02,-0.1225841668967288,0.07438703772771782,0.4442546610965634,0.6230401728122852,0.38945304680854537,29.6,1.54,-0.041818479909863426,86.20492,69.121,550.04,709.85,0.0,0.0,0.001117387605312854,0.09760528635419324,50.45670008175881,-0.1901889736489059,0.19242374885953162
QCOM,Information Technology,170.61,-0.20301772890606307,0.27344488967616565,0.047402392470758725,0.13069352747533114,0.5138353914611761,25.9,2.05,-0.09806514428331847,18.345161,55.979,169.02,207.08,0.0,0.0,0.03083745943512428,0.09761346423916673,62.39661054059133,-0.16048493047364248,0.22215984934389105
DGX,Health Care,209.41,0.0458686763189009,0.09820021487248565,0.13068790087043203,0.27573025291612674,0.23655390184388705,56.2,-0.14,0.009496727716533648,22.27766,82.737,191.8,198.69,0.0,0.0,0.0021331816273396764,0.09756474752972936,50.87218853648308,-0.18909372353092987,0.1933600867856092
RL,Consumer Discretionary,388.11,-0.04349443455625557,0.05236309010226159,0.07514262924765047,0.3779775838973152,0.352322944329005,39.5,1.36,-0.017194248290370306,25.702648,105.913,357.24,376.21,0.0,0.0,0.018235786933589612,0.09755229621096936,57.414359251147076,-0.17296671363991034,0.20943828750708954
RJF,Financials,169.7,0.07576857063041831,0.12889371560726315,-0.007706308892979297,0.1016171936714847,0.2541358531603425,81.0,0.8,0.009398060176919243,16.024551,48.477,158.01,154.86,0.0,0.0,0.01463762693762553,0.09757006235428915,55.96262538278221,-0.1765996952767812,0.20587494915203225
RTX,Industrials,194.36,0.040638197592041125,-0.003474108829592426,-0.015198897307765247,0.31489375671056297,0.2498054295875239,62.5,0.47,-0.008013025693456077,36.46529,57.229,185.53,183.35,0.0,0.0,0.004387865210307138,0.09754200288044028,51.79401149821017,-0.1867944604353558,0.1955701908559701
O,Real Estate,65.75,0.0621501333143859,0.03048343788949226,0.11887032576545153,0.22196015931735724,0.16741509993777465,68.4,-0.04,0.03854049239901558,53.89344,73.467,61.05,61.81,0.0,0.0,-0.007586529364953836,0.0975777377745896,46.90140297261588,-0.19883889540314945,0.1836658366732418
REG,Real Estate,82.38,0.04410640887500672,0.044043816205080466,0.20093258837484385,0.235114261421824,0.16455667350283992,58.5,0.11,0.034664586933268016,27.46,73.218,74.65,78.34,0.0,0.0,0.0029435746469444087,0.09755125350712496,51.20361159900173,-0.1882568822270205,0.19414403152090934
REGN,Health Care,678.94,0.10445240026148417,-0.08853344035628286,-0.09728701294696407,0.2458901177573749,0.3287405593414689,71.5,0.4,0.021699847237601766,16.583782,8.612,703.76,646.11,0.0,0.0,0.01104002361713054,0.09756951779696639,54.50443151535311,-0.18019623126492357,0.20227627849918467
RF,Financials,32.4,0.11724143192685887,0.17154632457680496,0.1735619145681917,0.39939955822392936,0.24841822237546957,72.2,0.78,0.04448746124276237,13.443984,0.0,27.35,28.73,0.0,-0.034543951546265106,0.017018443528573807,0.09756055915023668,56.92400774346661,-0.17420025240589007,0.2082371394630377
RSG,Industrials,224.51,0.07719198164624608,0.07395512544596716,0.07026754348158959,-0.05905369758617174,0.19377335661537873,63.4,-0.33,0.02422444175420102,31.138695,117.578,214.94,209.49,0.0,0.0,-0.0030948093886936923,0.09757706207990181,48.73490416459401,-0.19434585106530125,0.18815623228791387
RMD,Health Care,202.76,0.04547794139630579,-0.09503856891633966,-0.21454280018792227,-0.19471000096600288,0.2691867328948351,52.8,0.5,-0.005444649222233644,19.164461,12.988,236.12,199.8,0.0,0.0,0.012488882932898966,0.09754020069231663,55.09406741739937,-0.17868991042404161,0.20366767628983953
RVTY,Health Care,111.7,0.10353680696652212,0.24860270614098035,0.0030065378462320602,0.1804077086069371,0.3943866844251255,44.0,1.38,-0.005254287670092728,53.701923,46.642,97.8,102.94,0.0,0.0,0.010708106131619087,0.0975497927761994,54.37043738851748,-0.18048948770973172,0.20190569997296992
HOOD,Financials,106.02,0.09626716623646958,0.22072537139603332,-0.11406368960253832,0.026828054654396194,0.6964236223242751,61.5,3.05,-0.0531392740266986,51.46602,140.483,101.93,92.56,0.0,0.0,0.029968060078724563,0.0977137158694136,62.046126599250485,-0.16155082302532608,0.22148694318277523
ROK,Industrials,468.67,0.00506104497329396,0.1670906198384854,0.13072132379409074,0.35155084806248604,0.3031616102535087,45.5,1.54,-0.007307425495920339,48.768993,113.367,404.83,459.68,0.0,-0.007704006333899199,0.012527955377735142,0.09757438629085938,55.1081368343399,-0.17871784175234923,0.20377375250781954
ROL,Industrials,45.46,-0.028424915687773056,-0.16287260462559316,-0.2639407321466932,-0.1730820512197787,0.2541781234640578,62.9,0.06,0.02226215058677883,41.70642,77.235,55.8,47.78,0.0,0.0,-0.0010562012029263477,0.09755858179455215,49.56810044020366,-0.19227102152024855,0.19015861911439585
ROP,Information Technology,364.21,0.08239233584470562,0.008962651728857463,-0.13707176281512934,-0.32613168108517887,0.2653244915995042,69.3,0.21,0.02334924894944157,22.720522,55.606,391.11,336.64,0.0,0.0,0.007238126126309744,0.09755599254381901,52.95722217005549,-0.1839716192595755,0.198447871512195
ROST,Consumer Discretionary,232.72,-0.007548314346013885,0.05048551299264448,0.21811918521555307,0.8189899863070702,0.25825461092784624,70.4,0.68,0.04414930062059352,32.502792,74.911,197.49,223.84,0.0,-0.02839594559642436,0.007634502841384004,0.09755134306200551,53.11899317098325,-0.18356612956014678,0.1988351352429148
RCL,Consumer Discretionary,293.95,-0.06038225403396558,0.11101378617801916,0.06343124649328336,-0.11866325166336844,0.4701559673846861,31.6,1.74,0.030066290207982016,17.923782,217.312,287.07,285.19,0.0,0.0,0.02538619069471131,0.09758901138260977,60.26196785054022,-0.1658882716152038,0.21666065300462645
SPGI,Financials,457.38,0.11586996208815914,0.10940277684016286,-0.10880296991387617,-0.070284416483814,0.3006259853957913,83.7,0.36,0.062439035732433146,28.094593,38.392,436.33,403.0,0.0,0.0,0.0065495744312079815,0.09758187079268707,52.675642145603575,-0.18471089232245866,0.19781004118487464
CRM,Information Technology,172.68,0.0678373972324704,-0.044665731318789814,-0.2755409489830788,-0.32490213345547436,0.3930097402067607,72.8,0.44,0.05731070861992604,19.337065,124.282,208.81,171.67,0.0,0.0,0.01050704884204803,0.09757747602714517,54.28748513431758,-0.1807448041711565,0.20175890185525255
SNDK,Information Technology,1411.08,-0.29146648517068385,0.5346667112745671,2.6385858150588013,33.11701971062165,1.088993485988886,28.4,4.13,-0.263497471873119,48.308113,1.503,775.53,1725.33,0.0,-0.6695096551749898,0.0053685035531938164,0.10912556726254106,51.961831230773946,-0.20851760828138666,0.2192546153877743
SBAC,Real Estate,185.04,-0.05461606639120864,-0.1605412948526137,-0.024124681891251054,-0.19020091353290391,0.33433423826436864,55.2,0.04,-0.026259040810496015,19.477894,0.0,194.99,197.08,0.0,0.0,0.007774219131930424,0.09758068460571004,53.17500013352128,-0.18348392269526126,0.19903236095912208
SLB,Energy,47.08,-0.11286975500687102,-0.0851179912794533,0.013539104775313504,0.39826533045789003,0.33581979847793686,47.4,0.8,-0.014237782964324985,20.74009,42.515,45.94,52.18,0.0,0.0,0.014157285582366098,0.09753868481885816,55.77019394704947,-0.1770185366625959,0.20533310782732808
STX,Information Technology,745.49,-0.2766482638231271,0.402797093408072,1.3931179755192504,4.109063037537833,0.6974923227062072,30.4,2.53,-0.18108622246406658,70.93149,381.553,485.25,878.93,0.0,-0.38629911441496567,0.023106587300911783,0.09778662269390107,59.33985027327077,-0.1685551931791343,0.21476836778095787
SRE,Utilities,93.15,0.022291738744402156,-0.02061069302381402,0.034491386410083535,0.27386890186613355,0.19748589055903518,48.8,0.19,-0.011146448581523805,31.683674,85.267,91.93,91.54,0.0,0.0,0.002717854719774476,0.09754657738782711,51.11139408409243,-0.18847343696036667,0.19390914639991563
NOW,Information Technology,104.01,0.02644824096267251,0.07849439551210602,-0.2273233662831433,-0.4621859848485147,0.5230430287485397,68.8,0.67,-0.034351471355416385,61.910717,20.728,129.23,103.12,0.0,0.0,0.001841527185503172,0.0976300912052719,50.75245191749207,-0.18951345157682975,0.1931965059478361
SHW,Materials,338.14,0.048691266865637184,0.017029938675331646,-0.04115600867826874,0.004231027918729868,0.25231921493985726,49.1,0.69,0.012425595183706672,32.48223,329.521,333.08,318.7,0.0,0.0,0.005420055457003441,0.09756964764925918,52.21501026091215,-0.18581645393554455,0.19665656484955144
SPG,Real Estate,228.49,0.06160855842050439,0.147239704215552,0.25814436506409466,0.48235491987446477,0.19437265917749952,54.6,0.34,0.04443022823456921,15.900488,457.473,194.21,211.2,0.0,-0.026539070494322886,0.004725018972624843,0.09762413601204885,51.93013143871457,-0.1866182876109909,0.19606832555624057
SWKS,Information Technology,57.63,-0.19308313433738244,-0.009697419178231637,-0.017215654074375975,-0.17587775634164093,0.4401377482827091,16.5,1.45,-0.045544881605710796,24.012499,20.632,65.28,69.82,0.0,0.0,0.023440571962076565,0.09759637519597672,59.49041430312072,-0.16784832342203782,0.21472946734619092
SJM,Consumer Staples,113.97,-0.017415265801098645,0.22668785944706293,0.1155789537200862,0.10346422121411769,0.28679705661708754,52.6,-0.27,0.021236584041097517,25.447721,128.609,103.84,107.12,0.0,0.0,-0.00019744911107383298,0.09758630857279245,49.919280946230025,-0.19146661391374703,0.19107171569159936
SW,Materials,44.77,0.016345090423914632,0.09906371302682526,0.06883230474131041,0.005814709360089765,0.4240219380373596,40.2,1.43,0.01220892880660518,62.180553,78.831,41.01,42.17,0.0,0.0,0.008726425166573465,0.09755701486621382,53.56376528910178,-0.18248532397120562,0.19993817430435254
SNA,Industrials,414.97,0.06569245643178756,0.13886002412607468,0.16015776676145999,0.3622828888529783,0.21583823506652922,63.4,0.63,0.03241777056314854,21.412281,21.731,365.38,383.82,0.0,0.0,0.011212648113692656,0.09754853816531384,54.57553629671267,-0.17998248669032246,0.20240778291770778
SOLV,Health Care,81.7,0.06713688027111853,0.18612079277032878,0.020612040394521136,0.11871831184260073,0.2850205874922818,61.0,0.73,0.06518905083365323,10.0,106.48,74.76,76.54,0.0,0.0,0.015824731827137825,0.09753933455761316,56.44413681321768,-0.17535236390578396,0.20700182756005958
SO,Utilities,96.07,0.018661882958241005,0.020710587018826665,0.10412012309030505,0.06334276953446061,0.16819083583528233,50.5,-0.24,0.004811202609937615,24.570332,190.431,92.84,93.9,0.0,0.0,-0.0009617320840258012,0.09756859900036666,49.606769614647476,-0.19219618612474446,0.19027272195669284
LUV,Industrials,49.43,0.042167404324932045,0.22190128192446235,0.17180504476230896,0.34612894553018947,0.44775785333503754,34.6,1.45,0.020648358325389582,32.953335,93.033,41.0,44.7,0.0,-0.05564063970359681,0.02017292647752008,0.09755254651383181,58.19132085402418,-0.17103006468959026,0.21137591764463043
SWK,Industrials,91.31,0.07905926016153364,0.3478313065496521,0.11361954937995855,0.3735062431142122,0.3888719189951032,47.7,1.56,0.035026029189914265,37.42213,77.606,76.96,82.58,0.0,-0.03643348882521197,0.018506001873272577,0.0975503530715859,57.52307008480139,-0.17269269014703575,0.20970469389358093
SBUX,Consumer Discretionary,108.37,0.06579467369519376,0.10822674800996612,0.20360007114356504,0.20235456859714063,0.28744753722430566,63.3,0.62,0.022262056058812263,80.27408,0.0,93.7,102.6,0.0,-0.006570935849984472,-0.006671964544643344,0.09757896395760292,47.27435494141699,-0.19792673390154505,0.1845828048122584
STT,Financials,185.66,0.08928795560848268,0.31489872101353233,0.3942310568008076,0.8132032079803859,0.24426113525718468,76.6,1.09,0.030185342384634994,16.386585,0.0,136.13,163.67,0.0,-0.2137963257134982,0.02597149456312279,0.09761330264611916,60.49054693237422,-0.16535057862327077,0.21729356774951633
STLD,Materials,234.98,-0.14137259959384885,0.20313113420428985,0.3831487506199611,0.8654631247982696,0.351266445004722,37.6,1.15,0.02871901589694348,25.185423,45.994,192.93,245.55,0.0,-0.06794684846030669,0.01880436498142702,0.09754844997860737,57.643025074065434,-0.17239059697664344,0.20999932693949747
STE,Health Care,221.13,0.07079565524608356,0.008264835404597992,-0.1585541600078222,-0.020598750903153107,0.25542885231601054,58.9,0.52,0.02375002260561332,26.674307,28.999,235.7,211.17,0.0,0.0,0.009388031445386035,0.09753842888508213,53.83388172181173,-0.18178728916937495,0.200563352060147
SYK,Health Care,331.2,0.06923879424893964,-0.018605754805754215,-0.07347797513318455,-0.144032252543549,0.2566367122480763,57.7,0.24,0.0043059416368205206,38.333332,66.295,345.32,309.94,0.0,0.0,0.0023052260094333487,0.09754489192061273,50.94271110137382,-0.1888827621549676,0.19349321417383428
SMCI,Information Technology,24.68,-0.15537300187764835,-0.13098589307470576,-0.12698974511696492,-0.5362645670970971,0.8699461566222784,24.0,3.45,-0.12822321544490234,12.989474,120.798,34.17,33.38,0.0,0.0,0.05060754047560467,0.09785329572935189,69.74839343163171,-0.14118491915392503,0.24240000010513438
SYF,Financials,74.28,-0.013414824331900999,-0.007830534355501406,-0.0377151136903312,0.08975328173063435,0.312233499273717,39.1,1.28,0.025400279898926348,7.689441,0.0,74.19,73.08,0.0,0.0,0.025094080034477197,0.09756775523596627,60.14864368518074,-0.16613872022801668,0.21632688029697106
SNPS,Information Technology,417.03,-0.06991838565974673,-0.05467527020491636,-0.1747536276537789,-0.26990547992470193,0.5638396028493006,28.2,1.61,-0.0639057266457983,96.98372,35.574,454.66,473.85,0.0,0.0,0.0018098303196598619,0.09763149006937064,50.7394914129245,-0.18954789021630658,0.1931675508556263
SYY,Consumer Staples,82.25,0.04223515535876565,0.11809801602866798,0.08182253055029931,0.09422585200167921,0.27249030152993337,56.6,0.24,-0.018847689330114936,22.847223,670.44,78.42,77.63,0.0,0.0,-0.0015345990657365206,0.09774060411019111,49.37365713658974,-0.1931061831217111,0.19003698499023805
TMUS,Communication Services,192.85,0.04605123380915943,-0.016353586705499024,0.014627079359979644,-0.14101583401904394,0.2617890629460217,60.7,-0.44,0.027930310090702903,20.494156,218.569,201.68,185.22,0.0,0.0,-0.001618583502821459,0.09760468714787035,49.33846230296824,-0.19292377031264735,0.18968660330700443
TROW,Financials,118.87,0.09115109310298264,0.2563588103444008,0.15090419734840088,0.213857906784799,0.2462465717550295,70.9,0.99,0.0026992803592296166,12.7542925,3.87,101.78,107.6,0.0,-0.01788252151973113,0.019231612231898836,0.09756571210115396,57.813101431424144,-0.17199718348636292,0.2104604079501606
TTWO,Communication Services,239.57,0.04174460169829919,0.11985236070799976,-0.024115027237270437,0.003518668000306091,0.3095698879949731,50.8,0.72,-0.014925944365023813,22.5538885,84.26,230.74,231.99,0.0,0.0,0.01268397093771921,0.09753176603745477,55.17364229484819,-0.17847829049569214,0.20384623237113053
TPR,Consumer Discretionary,144.19,-0.03480819980913996,-0.040402343823781384,0.08875454126066273,0.450753169480443,0.4071615614253995,46.6,1.36,0.024586135286793764,44.094803,574.912,133.13,140.96,0.0,0.0,0.005592625427248049,0.09769282218357672,52.28257986162661,-0.18588530605256232,0.19707055690705844
TRGP,Energy,280.27,0.0792898833896607,0.17458651558344673,0.548759804871402,0.7270670218004462,0.2766278074665436,56.2,-0.03,0.025315466455616997,28.657463,585.249,216.37,266.47,0.0,-0.145309437932052,-0.0004011857908942508,0.09771905061507961,49.83621461356134,-0.19193052499645027,0.1911281534146618
TGT,Consumer Staples,140.21,0.051049573680394866,0.14223796674548184,0.3018956596596949,0.44411335173416355,0.30950356711693927,51.0,0.49,0.03751670376733118,18.521797,117.548,111.46,128.88,0.0,-0.10790062858125929,0.014582422364341388,0.0975437893471226,55.94189321211225,-0.17660340475601888,0.20576824948470168
TEL,Information Technology,202.57,-0.06649766210037444,-0.1400836284979452,-0.14042905420848684,0.16057264447680986,0.3473386703927919,54.5,1.64,0.011030179213090907,20.71268,43.798,220.53,205.95,0.0,0.0,0.023743314605510327,0.097570648962008,59.61308671443199,-0.16749515736002535,0.214981786571046
TDY,Information Technology,630.86,0.0012537940517096668,-0.007707349217936699,0.12144915915806775,0.16812944525319606,0.2570265221203466,51.7,1.06,-0.005893461043583903,31.942278,23.133,595.2,626.13,0.0,0.0,0.013562763853106476,0.09754896721902269,55.528892913929404,-0.17763321189617798,0.20475873960239094
TER,Information Technology,322.3,-0.21265424945061273,-0.11887378044608932,0.4012620894066461,2.5129924868727964,0.7334930764093505,27.2,3.17,-0.1037264117837906,59.90706,2.621,278.01,381.37,0.0,-0.009329537699681367,0.02691842834046174,0.09780931601149331,60.84238298440173,-0.16478783104206515,0.21862468772298863
TSLA,Consumer Discretionary,391.06,-0.03360847620332552,0.005554136528694187,-0.1096084091767856,0.21571791349599434,0.44692478721079576,54.8,2.14,-0.040955492954373285,358.77063,18.738,417.36,409.97,0.0,0.0,-0.07969571448159016,0.09899275870441449,21.039076758556558,-0.27372152154224255,0.11433009257906224
TXN,Information Technology,291.22,-0.0473978300984127,0.31196637805835326,0.5229269788944313,0.38196209222641553,0.43695547696992487,41.3,1.3,-0.06498423807121378,49.781197,83.741,220.92,301.27,0.0,-0.168206986925675,0.017563688922409212,0.09755930101197849,57.14358457251117,-0.17365254106106864,0.20877991890588704
TPL,Energy,416.05,0.1675318666112524,-0.022483040778851437,0.2760026304149119,0.2729455583406202,0.4750074973711752,60.1,0.4,0.04582469492011443,57.149723,1.156,379.91,393.42,0.0,0.0,-0.0008683688546826048,0.09762092692744027,49.645132971538324,-0.19220538563246553,0.1904686479231003
TXT,Industrials,90.64,-0.033070178629897806,0.004313087495545931,-0.03706957201168448,0.07822802495131564,0.2617117289745626,54.9,0.73,-0.0029700171772567563,17.29771,52.674,89.26,90.96,0.0,0.0,0.014374026654984967,0.09753688268118027,55.85800740209944,-0.17679826340012836,0.2055463167100983
TMO,Health Care,543.19,0.14929225150673386,0.053749029977226304,-0.12472530952590766,0.3095295464017873,0.31335331431159147,71.4,0.81,0.030623309026197143,29.845604,82.903,528.9,482.57,0.0,0.0,0.009992410006101484,0.09754733832854619,54.07949018616718,-0.18120037311784903,0.201185193130052
TJX,Consumer Discretionary,154.79,-0.06932427567544364,-0.013862172102892645,0.003906741719809537,0.2911597775568213,0.19483969179196148,49.1,0.11,0.022796332970297595,30.114786,136.307,153.64,156.23,0.0,0.0,0.0015662474073254837,0.09754933071421117,50.64051230499403,-0.18963044079252842,0.19276293560717936
TKO,Communication Services,184.78,-0.07623856468062118,0.005750507267013649,-0.10449441716910823,0.10950955151404096,0.32915484951803786,33.4,0.54,0.0020607640747851708,68.437035,58.229,197.48,195.47,0.0,0.0,-0.0033546239895079423,0.09757086417611803,48.628650326325385,-0.19459351777469927,0.18788426979568337
TTD,Communication Services,19.12,0.00843891152356524,-0.1599296728050721,-0.48505251039024666,-0.7643288366014596,0.6416743645998522,64.6,0.74,-0.020993335022894577,21.727274,17.264,31.13,20.22,0.0,0.0,0.017166799212636523,0.09770958166163875,56.97320694074698,-0.1743439808441754,0.20867757926944847
TSCO,Consumer Discretionary,31.01,0.02648133626791016,-0.29953457323629806,-0.3862075128346517,-0.43510212355310285,0.3094866482243721,51.8,0.4,0.019060135323344163,15.275863,254.949,45.75,30.65,0.0,0.0,0.010028946989202429,0.09755383317917875,54.09408271613958,-0.18117656604198792,0.20123446002039277
TT,Industrials,475.0,-0.0007152697869104996,0.03434480907071902,0.2368500057135019,0.09459127127316069,0.28993764696820024,35.2,1.09,-0.00979781548348757,36.622974,53.597,437.33,469.77,0.0,0.0,0.012851019945555296,0.09755319434088475,55.24024410463396,-0.17835324096257882,0.2040552808536894
TDG,Industrials,1231.11,-0.0538656382189292,0.0023448417060405458,-0.13535929956686743,-0.16438306337686825,0.29001439565929277,28.0,0.76,-0.046648849168128614,38.46017,0.0,1283.6,1254.2,0.0,0.0,0.010169918323901211,0.0975622745907202,54.15106633525567,-0.1810521398739104,0.2013919765217128
TRV,Financials,337.82,0.09856588922648446,0.13516368201758455,0.24832280761739844,0.3608568601056015,0.1863627726533076,64.7,0.0,-0.0032456215624167006,10.08117,28.975,294.74,311.2,0.0,0.0,0.007635652300595311,0.09756397212919081,53.11905884018995,-0.18358973307261867,0.1988610376738093
TRMB,Information Technology,53.75,0.058487618985804346,-0.20570413101227758,-0.3261033279789193,-0.3337052036689946,0.2972438607742039,67.9,1.25,0.01760697293731539,28.141361,25.062,68.73,54.08,0.0,0.0,0.017617705168190105,0.09756175431791238,57.165138664049465,-0.17360333329491814,0.20883874363129837
TFC,Financials,53.25,0.08385912563227271,0.08866224058015115,0.09081676804078964,0.25477099828465466,0.24070929211856593,66.3,0.77,0.03057870886483416,13.083537,0.0,48.35,49.36,0.0,0.0,0.016037446705559295,0.09755455136168945,56.528976404716126,-0.17516947396335203,0.2072443673744706
TYL,Information Technology,316.23,0.060213976042467365,-0.0694738277012219,-0.3003760818886546,-0.4339591876064991,0.3814866257788939,69.0,0.09,0.021810778597581848,43.67818,1.348,386.42,306.18,0.0,0.0,0.0007710562875309539,0.09760908342713842,50.31513845200723,-0.19054274722966033,0.19208485980472226
TSN,Consumer Staples,57.83,0.010307479652116092,-0.08864801446929782,-0.02732029860144536,0.11584921839778439,0.24680148168675853,50.2,0.02,0.0,45.535435,44.41,59.66,60.51,0.0,0.0,-0.002509320824883075,0.09756147503414216,48.97401734880458,-0.19372981189180172,0.18871117024203554
USB,Financials,64.01,0.09624410599776745,0.16362323318957328,0.2191479570210595,0.45712490155845265,0.22370507756179586,67.6,0.75,0.025636953897296033,13.197939,0.0,53.79,57.23,0.0,-0.04005459705248102,0.016892723446464985,0.09755844736172595,56.87351646728453,-0.1743218333825179,0.20810728027544784
UBER,Industrials,74.04,0.010784995433820388,-0.031903796212177316,-0.12533963873713472,-0.1841322213165031,0.3374862753972655,54.4,0.93,-0.006707807805994337,18.372208,48.113,80.05,72.98,0.0,0.0,0.017302178213121334,0.09753685833470378,57.03994318760878,-0.17387006412289807,0.20847442054914073
UDR,Real Estate,40.57,0.05076402624938492,0.18452553853501374,0.11839928305891223,0.034255492230574225,0.20654799063143006,61.0,0.2,0.02114271739910034,27.598639,142.368,36.63,38.56,0.0,0.0,0.0035031330393329833,0.09754506773082292,51.43241228010734,-0.18768519971307993,0.19469146579174587
ULTA,Consumer Discretionary,478.86,0.032738079959373056,-0.11230167732402074,-0.2786623439597121,-0.01282263006696216,0.3446006406062606,46.7,0.53,0.020588177521762008,17.955006,89.209,558.26,482.39,0.0,0.0,0.012384697662570644,0.09754136384463756,55.051740395577816,-0.178796375472919,0.20356577079806026
UNP,Industrials,299.42,0.11953636104512633,0.19877170861160187,0.33199116856578526,0.3245906132144567,0.22409829700932057,90.5,0.34,0.043420763673275964,24.623356,162.246,247.21,270.46,0.0,-0.06121783545784992,0.006785251982009179,0.09759353431323847,52.77143839912183,-0.1844980752719382,0.19806857923595658
UAL,Industrials,118.81,0.0025313932744548406,0.2502367577055842,0.07277650165773131,0.3429410638551078,0.47894350977550465,21.1,2.18,-0.057063511439732095,11.124532,201.641,104.34,113.14,0.0,0.0,0.032080226257062,0.09764908249822682,62.87428652839575,-0.15931197543946257,0.22347242795358657
UPS,Industrials,117.18,0.0650791118030869,0.13416410263453793,0.12492522906620773,0.2570366639516428,0.30144799005645406,71.5,0.81,0.04187782549437413,18.280811,181.508,101.87,105.65,0.0,-0.00031781780426312634,0.012417518348486704,0.09755190575244232,55.064511538085135,-0.17878421692630025,0.20361925362327365
URI,Industrials,1071.82,0.001878733219198292,0.3814116269959267,0.1734503119676749,0.3536153273730378,0.42389648361706334,34.6,1.08,-0.021660445877799805,27.398262,167.473,897.81,1033.05,0.0,-0.043811549236890374,0.016202543433207216,0.09754926330431939,56.59593030292393,-0.17499401264325878,0.2073990995096732
UNH,Health Care,423.38,0.03858705070978741,0.3457589527356708,0.2810735914906073,0.48626943513084675,0.39531799682173824,54.4,0.53,-0.00292023514821238,31.548435,73.982,341.01,400.4,0.0,-0.09155191607373223,0.010996004440017223,0.09755250900582636,54.48732629246278,-0.18020691321140245,0.2021989220914369
UHS,Health Care,153.54,0.04520081460539349,-0.1397537272448105,-0.2274813399806318,-0.09444766771878299,0.32571389888592245,60.2,0.31,-0.013048877948917514,6.4108553,67.405,194.27,153.64,0.0,0.0,0.013622200714371119,0.09755729574656213,55.55249475931703,-0.17759009894889066,0.2048345003776329
VLO,Energy,300.26,0.2299185014548133,0.24797957959527284,0.6274284882523651,1.1505861919615423,0.3612080898979377,75.0,-0.22,0.0697210700559383,21.932798,42.664,210.67,256.82,-0.019125589246494296,-0.27523186131033894,0.010912814262891538,0.09767078565738667,54.44814870713901,-0.18052192562558633,0.2023475541513694
VEEV,Health Care,197.37,0.20804253408337803,0.1769932151211695,-0.0981906489684421,-0.30127095173205376,0.38227148142374917,84.8,0.57,0.038133811204503765,34.994682,1.411,209.46,171.03,-0.003997240104067518,0.0,0.007897448818244047,0.09759931164773755,53.22460415384934,-0.18339720201132154,0.19919209964780965
VTR,Real Estate,95.04,0.13954779912404414,0.11795891158176897,0.2507750647096323,0.4881679075151082,0.20276419286514755,75.7,-0.19,0.04831234366305859,172.8,93.736,81.3,86.66,0.0,-0.019035335710527845,-0.047941382103158056,0.09790607356981006,31.218474682596288,-0.23983728629998574,0.14395452209366966
VLTO,Industrials,94.21,0.12346831222179522,0.04206842129114352,-0.07632751207073962,-0.057683898757909136,0.21888083743918857,70.0,0.36,0.01628912821942774,23.493765,95.542,94.41,86.83,0.0,0.0,0.007218067192665353,0.0975480626311681,52.949281117065325,-0.1839761355644241,0.1984122699497548
VRSN,Information Technology,275.22,0.004929368414155588,0.007676114645055465,0.11098095366330529,-0.016361170387684254,0.2903263140017529,84.4,0.06,0.018918278280196432,30.411049,0.0,256.59,278.77,0.0,0.0,0.002831360907948838,0.09760602277790087,51.15709169571663,-0.18847644373673686,0.19413916555263452
VRSK,Industrials,201.49,0.12181952457246115,0.13308071479719086,-0.0963998117643452,-0.3255917393670572,0.3295000427245273,73.7,-0.3,0.0868439837991315,30.668188,0.0,201.68,178.07,0.0,0.0,2.7434958268250566e-05,0.09763740327129077,50.01120980720864,-0.19134187545346162,0.19139674536999815
VZ,Communication Services,43.88,-0.04498117091206044,-0.04600196557343739,0.13731522758803982,0.13642173653944045,0.24139142138793285,42.6,-0.35,0.041785426896061795,10.447619,192.045,44.43,45.14,0.0,0.0,0.002912062001764178,0.09759047294256709,51.19025171233993,-0.18836526496566733,0.19418938896919566
VRTX,Health Care,486.03,0.07251138508263755,0.11564330446147864,0.08119591595469955,0.03509745802313691,0.3497449194233081,52.5,0.59,0.0013184946363655747,28.810312,10.26,448.86,458.68,0.0,0.0,0.010359890288302347,0.0975440102549994,54.22910780281267,-0.18082636981149647,0.20154615038810114
VRT,Industrials,294.11,-0.01832450146898945,0.0001399951660676635,0.7221186209893635,1.347958113193389,0.6166554391167762,40.6,2.6,-0.07762027578566066,74.08312,76.913,240.08,322.98,0.0,-0.07507084364387476,0.0191446067757232,0.09764250317296339,57.77216749404871,-0.17223469944328504,0.21052391299473142
VTRS,Health Care,17.33,0.08042387372496607,0.24605782582310765,0.33889571409183117,0.983811884057876,0.32713155281004697,67.0,0.74,0.06515054923901831,27.5063965,99.675,13.54,16.28,0.0,-0.13026121788864417,0.014012221898431846,0.0975477251822113,55.7109512521657,-0.1771813194587023,0.205205763255566
VICI,Real Estate,27.15,-0.014415736202988083,-0.027950151713571514,-0.0033568674875439353,-0.12480495603802244,0.18095477631399165,55.7,-0.03,0.04382927257273028,9.019934,61.853,28.7,27.27,0.0,0.0,0.008505757357169897,0.09755550410842462,53.47393199430792,-0.18270303069534233,0.19971454540968214
V,Financials,365.14,0.09612157781158026,0.16120908756699937,0.11386672800971387,0.051798184352937815,0.21850960279055567,75.1,0.39,0.04633639960790714,31.83435,67.233,329.54,332.31,0.0,0.0,0.004828340595604042,0.09755681512900498,51.97366335231784,-0.1863830170572457,0.1960396982484538
VST,Utilities,152.56,-0.03679694154089996,-0.0770636729261498,-0.09462008202792915,-0.16710870735462513,0.491310116195711,30.9,1.58,-0.03965757917381807,25.511705,366.613,166.31,153.91,0.0,0.0,0.019310005261022126,0.09761576268612011,57.840566887349475,-0.17201688960377332,0.21063690012581754
VMC,Materials,293.47,-0.024465597447329235,0.02895036186614841,-0.012963924173606811,0.1342329422313373,0.2661845464095954,35.0,0.81,-0.006028785027254457,34.243874,61.249,291.73,286.32,0.0,0.0,0.010216407712643264,0.09754807487865398,54.17057764915791,-0.18097781904951854,0.20141063447480506
WRB,Financials,69.9,0.03159714406964098,0.0642870310879331,0.020811128504816034,0.05687523013332285,0.2186995587943332,52.4,-0.24,-0.03172185674028816,14.809323,31.76,70.05,67.81,0.0,0.0,0.004668881153352515,0.09757336885970518,51.90820874682044,-0.18657492181166963,0.19591268411837465
GWW,Industrials,1402.03,0.06236933623872987,0.23938308765655192,0.3363604419539803,0.36028866175228225,0.25202329366172194,56.9,0.76,0.019094914334459645,36.895527,64.034,1110.27,1300.24,0.0,-0.11278682011768623,0.012207083793077722,0.09754851547359415,54.979308394662965,-0.1789880065351668,0.20340217412132225
WAB,Industrials,263.89,-0.030243938763874323,0.0340939619788323,0.166517880961498,0.25361982509207537,0.2485921966507463,24.4,1.05,0.010260033233913557,37.32532,62.03,237.8,264.24,0.0,0.0,0.011856112874344356,0.09758167754883912,54.83522453077864,-0.17940397512138032,0.203116200870069
WMT,Consumer Staples,114.95,-0.05023549444251274,-0.07731637790457413,-0.03860602676791036,0.2181931361609264,0.24356222395573557,48.1,-0.07,0.009218572504801292,40.475353,74.816,117.51,119.96,0.0,0.0,-0.002452519737333979,0.09756436555426781,48.99726628770673,-0.1936786762236989,0.18877363674903092
DIS,Communication Services,99.71,-0.007957931162582255,-0.03297379233351472,-0.11500022786603159,-0.15578519077822506,0.25085496773157284,57.9,0.74,0.042773438824616816,15.9536,41.069,105.56,100.46,0.0,0.0,0.01542257382078203,0.09754057152212156,56.28166928131731,-0.17575694636257624,0.20660209400414029
WBD,Communication Services,27.29,0.02593986932941128,-0.0036509118784020522,-0.04680399177501682,1.1693164611314035,0.4582517716374901,54.3,0.71,0.026325714889900986,22.5538885,96.318,26.07,26.89,0.0,0.0,0.01062210395368215,0.0975900295061322,54.33369479931764,-0.18065435387833695,0.20189856178570126
WM,Industrials,242.25,0.10823918778760744,0.08577212833781789,0.11644603817004384,0.08975748786746052,0.1997952763989498,70.7,-0.35,0.03822910941133051,33.692627,228.408,222.26,221.38,0.0,0.0,-0.006234056296242112,0.09759633337794155,47.45345101760724,-0.19752286971700753,0.18505475712452332
WAT,Health Care,378.19,0.04895432816933898,0.18539992575306075,-0.03817398092480673,0.3060851140699359,0.36156188252799,51.3,0.86,0.0046755301114937975,48.054638,36.634,351.47,360.95,0.0,0.0,0.006245350374940858,0.09754014696920062,52.55262375649632,-0.18493333768469233,0.19742403843457407
WEC,Utilities,114.49,-0.0015697244968172486,-0.008238599038324579,0.08754979839310195,0.11507873465176233,0.15691405990981352,43.0,-0.13,-0.004088389217520527,22.943888,153.184,112.58,113.41,0.0,0.0,0.0013822755360791876,0.09756480500071943,50.565193264886176,-0.18984474226533088,0.19260929333748927
WFC,Financials,88.07,0.03550848365318182,0.09013557388474513,-0.002702166121746674,0.1262978366340377,0.26566200717882305,59.8,0.76,0.010440523112442701,12.800872,0.0,84.5,81.07,0.0,0.0,0.016656558224335656,0.09754611649199486,56.77920795374211,-0.17453383009997428,0.20784694654864558
WELL,Real Estate,241.49,0.13110072830521813,0.12961837996724834,0.28861312959298213,0.5563540637888966,0.22482479270902775,70.4,-0.04,0.04274799996468448,116.10097,44.486,200.25,217.71,0.0,-0.05595223479021086,-0.025477411505908144,0.09769136991091928,39.71253369869474,-0.21695249653130994,0.16599767351949363
WST,Health Care,362.44,0.09970270407161252,0.34432806201522315,0.3202603872770502,0.6206224171677084,0.41224578364331155,65.3,0.67,0.024681267697344245,48.068966,10.734,280.55,330.59,0.0,-0.1418929633730535,0.009622174372182685,0.09756934367668953,53.92795400473489,-0.1816137392341288,0.20085808797849417
WDC,Information Technology,466.81,-0.31460329793082864,0.2909720832602949,1.1728148951819581,6.035549661588122,0.7423604196520911,30.4,3.03,-0.19873328405877122,27.935968,17.81,310.34,553.79,0.0,-0.35416665074434583,0.042447228011056284,0.09794149022153589,66.7635623487942,-0.14951809282315404,0.23441254884526663
WY,Real Estate,24.45,-0.01371521339375703,0.012301202449232163,-0.06561634983801701,-0.022585201365637353,0.2653623588863392,38.8,0.33,0.04264392185352972,43.660717,57.729,24.14,23.87,0.0,0.0,0.002119620627997313,0.09755062126470573,50.86677023902789,-0.18907959705082591,0.19331883830682053
WSM,Consumer Discretionary,228.38,0.005282209022446027,0.19733667980311242,0.11305528899211659,0.40430261139033186,0.34604579921729767,36.7,1.27,0.02989855640501693,25.574469,79.878,196.48,207.89,0.0,-0.012338586112260436,0.01817372060488775,0.09755051784556427,57.38954839267829,-0.17302529437241823,0.20937273558219374
WMB,Energy,74.73,0.04546726143493873,0.062402606424800666,0.24894244849058556,0.3184083927940011,0.22642650967081304,39.5,-0.02,-0.0038655465090535746,32.776318,199.855,68.01,74.01,0.0,0.0,-0.0011770403684671859,0.09756754494529332,49.5187336329161,-0.1924094284612421,0.1900553477243077
WTW,Financials,294.33,0.1376904869137232,-0.0014489677593025885,-0.09691513426224263,-0.03116394572809178,0.2894538974251037,75.3,-0.16,0.016157406436727806,17.272886,85.693,300.6,262.96,0.0,0.0,0.003803684200323611,0.09759786992174281,51.55440523014422,-0.18748814084629228,0.19509550924693952
WDAY,Information Technology,145.43,0.14719568136657712,0.16465115301490596,-0.2503222405398303,-0.35857630037384136,0.4645420247305576,77.8,0.28,0.046635450664693545,45.305294,56.936,170.5,131.16,0.0,0.0,0.0015649750896956252,0.09764159906483368,50.63938731780523,-0.18981255907737837,0.19294250925676965
WYNN,Consumer Discretionary,98.11,-0.05363169341946861,-0.0791263344263009,-0.1565513845191595,-0.09865277423033991,0.34002747423952606,45.9,0.94,-0.016638228811950206,28.111748,0.0,111.57,100.83,0.0,0.0,0.015046248245729301,0.09753997931914664,56.1296545377585,-0.1761321112197981,0.20622460771125672
XEL,Utilities,79.98,0.012661432736090328,-0.005759368125445419,0.0653390838998027,0.19193436227411187,0.19502912446494827,42.8,-0.02,-0.0009991781676187417,23.048992,164.845,79.12,79.28,0.0,0.0,0.002454169192141809,0.09755828444625894,51.003470496161306,-0.1887600683225257,0.19366840670680932
XYL,Industrials,125.3,0.11845045449481195,0.004642503723368385,-0.0990237082190929,-0.026791825235315314,0.2516460911014552,76.6,0.84,0.03365782700848441,31.169155,18.354,129.88,113.11,0.0,0.0,0.010996666873002135,0.09756265254232988,54.48713087939656,-0.1802261321099644,0.20221946585596867
YUM,Consumer Discretionary,152.1,-0.03532689877665485,-0.04184846634636086,-0.022791505249099786,0.060796529688976086,0.2258680962744255,51.4,0.08,-0.06995222974359283,24.611652,0.0,154.12,154.12,0.0,0.0,0.005527019803620801,0.09755491460442632,52.25901776879888,-0.18568061282105477,0.19673465242829638
ZBRA,Information Technology,265.04,0.11647503781273083,0.13731555175380805,0.009637723077896121,-0.1703759115654141,0.4332601973542351,65.5,1.7,-0.02744745622448541,32.048367,82.104,247.72,247.3,0.0,0.0,0.02100866168144588,0.09756941265489781,58.52411441333671,-0.17022738712215382,0.2122447104850456
ZBH,Health Care,93.75,0.05226813107314898,-0.008238929188598476,0.05618975934293435,0.005479157705003734,0.32304344436054905,54.2,0.29,0.026384976557193296,23.379051,59.827,91.44,86.58,0.0,0.0,0.007974474080422657,0.0975492591162142,53.257651650411916,-0.1832220737873572,0.1991710219482025
ZTS,Health Care,76.91,-0.03050545963807072,-0.3511044149369057,-0.38354760496968077,-0.4845929788161959,0.362312978101994,47.2,0.68,0.017866677436943368,12.608197,286.236,114.21,78.99,0.0,0.0,0.014103516189818614,0.09756133652161793,55.74710594402056,-0.17711670339255253,0.20532373577218976
