ticker,sector,price,momentum_1mo,momentum_3mo,momentum_6mo,momentum_1y,annualized_vol,rsi,beta,perf_1w,pe_ratio,debt_to_equity,ma_200,ma_50,ma50_proximity,ma200_proximity,pred_return,pred_se,prob_positive,conf_lower,conf_upper
MMM,Industrials,182.65,0.1427051932006742,0.2556053106089453,0.06852869816093965,0.18778566780402906,0.2659346796002928,59.2,0.78,0.003350915363926399,32.442272,437.937,160.15,166.62,0.0,0.0,0.00612441202785728,0.09943489550234333,52.455619789528974,-0.18876798315673565,0.2010168072124502
AOS,Industrials,62.17,0.06281173136045126,0.11670185960842683,-0.21821934768353446,-0.12360557902825708,0.2636116772842666,50.3,0.75,-0.0038455644777052322,17.317549,36.766,65.53,60.25,0.0,0.0,0.017194216916889164,0.09936289996349,56.86918290573632,-0.17755706701155125,0.21194550084532957
ABT,Health Care,111.25,0.10498609120763813,0.326429093502419,0.0005892333810899597,-0.11957457278406969,0.26421888183633163,72.2,0.03,0.024212826246689856,36.00324,63.212,107.36,97.28,0.0,0.0,0.0047518885153159844,0.09939234171664277,51.90659286716448,-0.19005710124930383,0.19956087827993582
ABBV,Health Care,249.46,-0.019765015013259446,0.1941424200464681,0.09425450841041183,0.25659072498839564,0.2604412654480326,41.0,-0.07,0.006008813509009503,70.468925,0.0,225.61,243.55,0.0,0.0,-0.005093451554122716,0.09942122070058661,47.957071291382576,-0.19995904412727247,0.18977214101902704
ACN,Information Technology,176.89,0.23208184415693744,0.060401368966465085,-0.19486645597247199,-0.2665945787408227,0.43256387938705704,73.1,0.2,-0.007629736944468779,14.128593,25.035,207.52,152.2,-0.012225622803190839,0.0,0.015966517980141776,0.099447899207625,56.377670571856406,-0.17895136446680324,0.2108844004270868
ADBE,Information Technology,264.02,0.1128345163906086,0.066316569084782,0.0001893692189929297,-0.24258420108999357,0.38745155136244097,63.3,0.3,-0.032752061552132394,15.104118,61.443,272.32,230.53,0.0,0.0,0.015919183591558046,0.09939688776152512,56.362160154035266,-0.1788987164210312,0.2107370836041473
AMD,Information Technology,514.39,0.0375786762058925,0.21289791852274487,1.4811402492573005,1.8427191120404962,0.7155867231109118,53.5,3.2,0.09547239399210028,131.55754,6.361,324.33,510.4,0.0,-0.4360061673171479,0.021253636955313834,0.09966752170970544,58.443220676701735,-0.17409470559570883,0.21660197950633647
AES,Utilities,14.73,0.00925325438010538,0.030177679444927552,-0.07306685934859425,0.19499784451210922,0.33782949614177044,67.6,0.47,0.0,5.516854,256.886,14.54,14.58,0.0,0.0,0.015642697324443778,0.09939492094267668,56.252701399594265,-0.1791713477232025,0.21045674237209008
AFL,Financials,121.45,-0.026218763954903856,0.04510654691511684,0.06803154225672636,0.17797555544587174,0.16657724654721937,33.8,-0.16,-0.004018414657647074,13.101401,53.365,114.09,121.34,0.0,0.0,0.00814510259840418,0.0994013887714409,53.26533982247983,-0.18668161939362,0.20297182459042834
A,Health Care,148.53,0.1298493168540895,0.33228018081612243,0.1855596731047684,0.2595429275413532,0.3278042477935407,76.3,0.89,-0.00127758499090036,29.8253,49.733,131.08,135.55,0.0,0.0,0.015396388582537975,0.09938525816184901,56.155631710048404,-0.17939871741468608,0.21019149457976202
APD,Materials,308.97,0.04515934755436124,0.05250634222580808,0.1183190368630116,0.08568306805523207,0.26606649133678023,69.8,0.19,0.002563464740402477,31.144516,110.091,278.56,292.31,0.0,0.0,0.006739793331854574,0.09937842776941173,52.70353318165246,-0.18804192509619244,0.20152151175990157
ABNB,Consumer Discretionary,184.06,0.2608576719109392,0.3854722551926397,0.5167696734487071,0.4767329786578949,0.34074521645265937,82.5,1.07,-0.003465075258381245,42.215595,32.004,134.74,148.42,-0.09016360258935877,-0.21606514495493465,0.011422733499932095,0.09943351799426856,54.57291275948744,-0.18346696176883429,0.20631242876869846
AKAM,Information Technology,124.99,0.03993672788802316,-0.17159336016161697,0.11837862808388544,0.6829137405843437,0.5770911685381886,61.9,1.12,0.062388408352685776,45.286232,196.672,107.4,122.66,0.0,-0.013749359200147221,0.015667856410655878,0.09943587214389908,56.26011712872147,-0.17922645299138631,0.21056216581269807
ALB,Materials,136.15,0.1272561290986045,-0.24327783132015135,-0.17742303050238195,0.6946254906051563,0.5864527410090659,77.8,1.49,0.03764946978007511,504.25922,18.976,154.04,134.54,0.0,0.0,-0.11206137296813452,0.10236550907043071,13.682008385112143,-0.3126977707461787,0.08857502480990966
ARE,Real Estate,48.14,-0.04141779730178918,0.08453832224841507,-0.056157865516908934,-0.31455437005664166,0.45452929945021775,40.6,0.73,-0.004343311087901203,33.87715,68.67,50.4,50.58,0.0,0.0,0.01575041638498661,0.09938467089130162,56.29604477589307,-0.17904353856196456,0.2105443713319378
ALGN,Health Care,181.31,0.025741135964913342,0.15300475394972168,-0.029233852272670613,0.26896690483249075,0.3943247534706814,62.6,1.4,0.029936403507441423,30.575043,2.855,168.77,175.38,0.0,0.0,0.021942613683898486,0.09938120217645943,58.737295746011455,-0.172844542581962,0.21672976994975898
ALLE,Industrials,164.78,0.20067030154341237,0.3168266359623171,-0.07473208926079655,-0.014621242675144086,0.2734950716828981,61.1,0.56,-0.004530900776480884,21.653088,104.895,151.59,144.54,0.0,0.0,0.013148512180387801,0.09935961243081928,55.2639373882025,-0.181596328184018,0.20789335254479357
LNT,Utilities,70.6,-0.04922665593730724,0.003340716427594259,0.006734166077009718,0.12477574212946041,0.16473459241975177,35.4,-0.08,0.03503884213058872,22.201258,160.951,70.34,73.08,0.0,0.0,0.004375450094538209,0.0993936524442778,51.755633664080236,-0.19043610869624625,0.19918700888532268
ALL,Financials,261.41,0.04605846357240306,0.20893927255326705,0.27279084154599986,0.2777744463100664,0.2484197741273964,50.1,-0.36,-0.03063006398313728,5.23553,22.261,217.34,245.76,0.0,-0.052790900283106956,0.01151264861738303,0.09941536952715761,54.60958651862654,-0.1833414756558459,0.20636677289061195
GOOGL,Communication Services,345.9,-0.002508853547742329,-0.12771159386316344,0.1329001750158174,0.709306929558289,0.32691318596072466,59.6,1.39,-0.032501665569091176,17.364458,18.859,331.38,353.89,0.0,0.0,0.023845892573390284,0.09938857054674767,59.48061503587362,-0.17095570569823515,0.21864749084501572
GOOG,Communication Services,343.54,-0.007454023485098271,-0.12603794028177973,0.12407333829476763,0.6903199088435141,0.32234417560244166,59.2,1.37,-0.03456606317320554,17.237331,18.859,330.5,352.3,0.0,0.0,0.023628379587294353,0.09938757266401217,59.39585356708713,-0.1711712628341695,0.21842802200875822
MO,Consumer Staples,65.7,-0.11467460236111304,-0.08766545236492196,0.008176581664137705,0.07027393903720291,0.2524468854813094,28.4,-0.48,0.0024411966811086483,13.831578,0.0,65.67,70.68,0.0,0.0,0.007867794735993609,0.09944911256748885,53.15289365859621,-0.18705246589628455,0.20278805536827177
AMZN,Consumer Discretionary,262.65,0.062371065143482785,-0.005641026233515922,0.32124353723596766,0.13711143282859362,0.3444978278860606,66.4,1.46,-0.05552160323899613,21.147343,45.617,237.7,248.17,0.0,0.0,0.02352567943167875,0.09938944964809063,59.35560002486626,-0.17127764187857888,0.21832900074193637
AMCR,Materials,46.03,0.047564866133552375,0.2754640388335927,-0.05348562609048502,0.08244068032583507,0.33141613454893826,53.9,0.84,-0.02292510755810473,19.504238,118.736,42.33,43.35,0.0,0.0,0.017207491699149185,0.09935659633704173,56.8748652699921,-0.1775314371214526,0.21194642051975096
AEE,Utilities,109.74,-0.016225953729005815,0.039051698811239266,0.002651577095515556,0.11275546410051374,0.17122767002146025,39.7,-0.1,0.025607456670743378,19.185314,157.846,107.54,110.86,0.0,0.0,0.005225984095000321,0.09938741449760265,52.09675006983168,-0.18957334832030084,0.2000253165103015
AEP,Utilities,125.6,-0.04225630296051208,0.01123643611249503,-0.01896765246376575,0.14740721328659867,0.1887672756422959,26.0,-0.04,0.02246826944408764,108.27586,160.789,126.68,130.22,0.0,0.0,-0.01978357854988483,0.09951206351980549,42.12073170168438,-0.21482722304870358,0.17526006594893392
AXP,Financials,342.48,-0.03621779906045197,0.09550050951423517,0.02075011371850355,0.12482785371926175,0.26816540082175266,58.2,0.97,0.010682953996500544,20.794172,172.38,339.29,339.65,0.0,0.0,0.015725367267280244,0.09936837075009873,56.2871376140017,-0.17903663940291326,0.21048737393747374
AIG,Financials,76.64,-0.04795031814101325,0.013655250829613719,-0.008504252916073152,-0.022916627557165614,0.2419451005024021,37.6,0.07,-0.012498405013203207,13.985401,22.466,77.48,77.43,0.0,0.0,0.012040958901607463,0.09938531519053863,54.821559207293966,-0.18275425887184824,0.20683617667506318
AMT,Real Estate,175.58,0.032459157660278404,0.03883268569608522,-0.06805263212030777,-0.10369312229154237,0.26135544136800964,60.4,-0.15,0.03825912836231815,28.0928,438.721,178.02,173.53,0.0,0.0,-0.0007578177403901794,0.09945791652361274,49.69602961458908,-0.19569533412667117,0.1941796986458908
AWK,Utilities,136.2,0.014772633480755415,0.10311317936180497,0.034357434919575436,-0.024365922772347615,0.22157927683155562,56.7,-0.46,0.012225516420818927,23.604853,137.745,130.94,130.71,0.0,0.0,0.0020338216337568017,0.09940537417762389,50.81617401753662,-0.19280071175438604,0.19686835502189962
AMP,Financials,569.54,0.08231069885866882,0.21459098254989395,0.21055972480530039,0.12344329032176127,0.25388882270457286,75.1,0.8,0.021541348625857992,13.753682,67.578,480.32,504.89,0.0,-0.03576331549409201,0.018162427983334794,0.09938538105036465,57.250192049812284,-0.17663291887537994,0.2129577748420495
AME,Industrials,254.79,0.07506326281068687,0.1196665123301055,0.11236560597480127,0.3875630422765919,0.22902937038125235,63.5,0.95,0.007552943555997782,37.30454,20.522,222.6,238.56,0.0,0.0,0.01227883651760055,0.09938329953282085,54.916432731979484,-0.1825124305667283,0.20707010360192943
AMGN,Health Care,415.21,0.13355532984503093,0.2724403008232106,0.13314399296140866,0.47332069975581104,0.27263376385875665,73.1,0.47,-0.0047699441364483786,25.773432,490.281,349.38,370.22,0.0,-0.038402454184003704,0.004930137523066049,0.09947299106893752,51.97645143794583,-0.1900369249720515,0.19989720001818356
APH,Information Technology,167.11,0.10522489406898328,0.33889693085635164,0.14294503068716513,0.5193161793191134,0.4428858901878768,68.9,1.71,-0.0035181654658749117,41.882206,120.415,144.12,159.59,0.0,-0.009552434066816107,0.020355273199852676,0.09939917492547226,58.11292122216339,-0.17446710965407297,0.2151776560537783
ADI,Information Technology,389.39,0.03737753048912351,-0.06475223124512064,0.16190798116183047,0.6706196294924671,0.35588287496039306,59.5,1.62,0.014221399934406964,57.773003,25.81,338.22,391.57,0.0,-0.001308441041199565,0.014614486164464886,0.09940128213587869,55.8443906457302,-0.18021202682185733,0.20944099915078712
AON,Financials,355.83,-0.028781617827554062,0.12427045542750115,0.11153843550589393,-0.023933550878091236,0.25109842667706567,40.7,-0.27,-0.0031935867006724905,19.604958,163.481,337.16,347.49,0.0,0.0,0.005204567670189938,0.09940039417766414,52.08789289544953,-0.18962020491803178,0.20002934025841163
APA,Energy,40.47,0.15715054989630994,0.045532078783036,0.4694710206946855,1.043996044550347,0.46354446977654096,70.6,-0.68,-0.0134080748640375,8.537975,48.854,32.1,35.42,0.0,-0.11056509635529824,0.011980693477214883,0.09960319165887124,54.78710030235535,-0.18324156217417273,0.20720294912860251
APO,Financials,140.76,0.16842361650649607,0.04412458803084007,0.13481248496502296,0.016567067154817927,0.36578240237968773,67.6,1.15,0.06620201447909002,49.914894,100.969,127.4,126.48,0.0,0.0,0.011973617132649413,0.09937584075342296,54.795179052152946,-0.18280303074405957,0.2067502650093584
AAPL,Information Technology,305.93,-0.08253771907153284,0.01986416344336317,0.1982013677574952,0.319099981025472,0.24938956945545135,26.1,0.73,-0.007558609667258853,35.083714,78.445,280.48,308.95,0.0,0.0,0.010846284892693934,0.09939049256098248,54.34495135293862,-0.18395908052683171,0.20565165031221957
AMAT,Information Technology,507.18,-0.04244228676614714,0.16304911332876126,0.43259933402771167,1.7140913055627096,0.6028469116064765,48.4,2.81,-0.028614116642004972,43.684753,25.537,388.67,558.89,0.0,-0.1548986434945259,0.03629617107276787,0.09946566652235314,64.24112858304946,-0.1586565353110443,0.23124887745658002
APP,Communication Services,315.44,-0.2569840389777338,-0.3703792366438997,-0.19231849366073583,-0.2720727255569402,0.7457378665613894,26.9,2.21,-0.06949851787195793,24.264616,111.13,508.19,450.23,0.0,0.0,0.03692699488591314,0.0995033225811792,64.47233842396895,-0.15809951737319808,0.23195350714502436
APTV,Consumer Discretionary,49.56,-0.13763702243602172,-0.08796464420085637,-0.41830982220107327,-0.33288463100647925,0.42711285914163394,32.6,1.21,-0.005019072337027808,22.425339,64.938,69.01,58.95,0.0,0.0,0.022912666305996192,0.09937906256387792,59.11710111848836,-0.17187029631920453,0.21769562893119693
ACGL,Financials,98.71,-0.026048341681253584,0.050329810157323074,0.00335435901878145,0.07926962685953987,0.21090022423123148,32.5,-0.3,0.004681924523894709,7.6697745,17.836,95.32,97.85,0.0,0.0,0.010059550871223925,0.09941739815792876,54.02982038096717,-0.18479854951831642,0.20491765126076428
ADM,Consumer Staples,80.45,-0.06344591945082567,0.007219105556088401,0.17379922521789837,0.39892434745116256,0.26868549559044347,41.5,-0.01,-0.0004969675312334054,21.980873,39.134,70.4,80.03,0.0,0.0,0.008994389966639607,0.09938760725082851,53.605429951685224,-0.18580532024498425,0.2037941001782635
ARES,Financials,144.02,0.14592619289268005,0.1787605679184876,0.10136932304695723,-0.2158655852415664,0.44299285794865456,66.8,1.69,0.046200787746325966,66.36866,172.378,133.95,126.68,0.0,0.0,0.012454391962465004,0.09941135323907158,54.98496054341933,-0.18239186038611527,0.20730064431104528
ANET,Information Technology,198.82,0.17917090685315196,0.40043675152990943,0.40419529957296074,0.456770322012112,0.5403661844944564,64.9,2.05,0.03811613872654607,62.91772,0.0,148.26,173.89,0.0,-0.19104699953539397,0.02428882071340433,0.09942944553618681,59.6493776332478,-0.17059289253752183,0.21917053396433048
AJG,Financials,251.21,-0.010594672104300651,0.260546076130608,0.21284144664316518,-0.13418691567355645,0.29975849920715464,48.1,-0.34,-0.004832967544712519,41.660034,59.401,233.37,239.94,0.0,0.0,0.0008794796698066349,0.09941872730930133,50.352908409153095,-0.19398122585642397,0.19574018519603725
AIZ,Financials,282.38,0.02001159015390308,0.11287424913839095,0.30816669326913293,0.3462888814669194,0.2232416831862394,54.6,0.16,-0.016851181384723635,13.511005,36.211,240.96,273.12,0.0,-0.02189090717092179,0.012344223255527031,0.099372454283087,54.9430161477285,-0.18242578713932348,0.20711423365037754
T,Communication Services,24.89,0.14121962398557875,0.049657598154981164,-0.1116326080612079,-0.09343696175214611,0.2505619019674347,54.8,-0.37,0.03492724237984457,8.214521,129.054,25.11,22.54,0.0,0.0,0.008105649026401485,0.09940506729221855,53.249438166991126,-0.18672828286634688,0.20293958091914985
ATO,Utilities,169.92,-0.04367399159564278,-0.031725765291593655,-0.04139174308601756,0.04566083987888003,0.15478113509365715,22.2,-0.15,0.011910433669656051,20.25268,67.662,176.07,173.29,0.0,0.0,0.005860687253132786,0.0994252630327001,52.350230309300095,-0.18901282829095942,0.200734202797225
ADSK,Information Technology,251.66,0.15255322476520616,0.06356186651712692,0.0884006674746789,-0.11309249810710353,0.35815538885281245,67.5,0.41,-0.0172218672080785,36.738686,85.419,250.8,217.56,-0.006754338039704544,0.0,0.009029909231756872,0.09938204361993572,53.61983098375133,-0.18575889626331712,0.20381871472683086
ADP,Industrials,272.96,0.0692991220532746,0.28231500909548957,0.3073562562325902,-0.07005599717950295,0.2686461263443636,65.6,-0.02,-0.0026308142355004893,24.927853,91.436,235.36,244.92,0.0,-0.009760849687486306,0.007356280771330213,0.09938420471423343,52.95022117096385,-0.1874367604685673,0.20214932201122773
AZO,Consumer Discretionary,3025.0,-0.007037703620821456,-0.08917089292920977,-0.21594748042826994,-0.24232556836895147,0.28802871010456205,44.8,0.11,-0.014012428453552661,20.790379,0.0,3437.15,3063.44,0.0,0.0,0.011775959405707442,0.09938248025024667,54.7160806428433,-0.18301370188477603,0.20656562069619092
AVB,Real Estate,184.06,-0.04399315054487973,0.027298111628313304,0.06615692890956049,0.010829675089635504,0.20315998919564252,44.5,0.29,0.0011966994401957365,25.248285,75.129,179.9,187.46,0.0,0.0,0.008938915750628216,0.09936773663279685,53.58396763051484,-0.18582184804965363,0.20369967955091006
AVY,Materials,178.93,0.11545407761901627,0.15278589495338712,-0.07574572192660889,0.029354497750209818,0.2523606850322591,71.2,0.48,0.003251957120365967,19.576586,158.653,172.8,164.13,0.0,0.0,0.011593390666640467,0.09937414937000504,54.643685993012625,-0.1831799420985694,0.20636672343185034
AXON,Industrials,612.83,0.20096813231141586,0.563820581438198,0.42628062917617315,-0.1827080763340324,0.6028236077640833,61.4,1.51,0.027669242746695577,256.4142,50.363,509.75,525.63,-0.01589663114214035,-0.05221336313552441,-0.03936422766393588,0.10004789483752916,34.69921581394808,-0.23545810154549301,0.15672964621762125
BKR,Energy,64.82,0.16279639816007418,0.014635937700128387,0.07062512475376881,0.5221631838612222,0.32587125831280234,66.5,0.69,0.01170594667664071,20.842443,80.925,57.35,59.21,0.0,0.0,0.015640678487568258,0.09937051367293658,56.253424016141615,-0.17912552831138742,0.21040688528652393
BALL,Materials,61.82,-0.014192304299822656,0.12403959878513571,-0.07516126440239834,0.16933294359758366,0.25967474087105563,34.3,0.21,-0.012144488878127913,17.713467,131.495,57.95,61.04,0.0,0.0,0.01065051361319117,0.09937884857624928,54.267327150257024,-0.1841320295962574,0.20543305682263974
BAC,Financials,64.49,0.05255422526437803,0.3024928831834337,0.24056211944385097,0.3811530887224164,0.21255380976260724,65.9,0.73,0.009865287306556114,14.8937645,0.0,54.17,59.63,0.0,-0.04060802176602002,0.01752841985613007,0.09938458403573003,56.99982090903375,-0.1772653648539008,0.21232220456616094
BAX,Health Care,26.73,0.18222020436383812,0.5458898435492037,0.3520481126371504,0.10261839076552981,0.4352378634814469,67.7,1.16,-0.03779701650309675,29.507002,156.449,19.8,22.94,-0.015010441461876856,-0.19983976862525546,0.02076218066350116,0.09939151041887603,58.273407584205806,-0.17404517975749587,0.2155695410844982
BDX,Health Care,183.4,0.1595118923918193,0.2873277925041253,0.056753973212456676,0.22568532994826018,0.25529403421875735,85.8,0.34,0.02098752386123559,31.730103,68.84,156.55,157.75,-0.012592400341362442,-0.021523681556629093,0.007654995791826772,0.099406516027358,53.06910046902724,-0.18718177562179492,0.20249176720544845
BRK-B,Financials,504.03,0.026725866287740097,0.04418890829262523,0.013023839102221935,0.05177162367053967,0.1459648337639684,54.9,0.05,-0.047958114446858935,12.753796,17.142,491.6,499.03,0.0,0.0,0.010143106139622405,0.0993831566418165,54.06457190100933,-0.18464788087833794,0.20493409315758276
BBY,Consumer Discretionary,86.42,0.011825248372913988,0.5559707194737589,0.3511148994480431,0.27182239823729426,0.375643645835741,45.2,0.73,0.048404680929244215,15.798903,134.09,71.0,80.67,0.0,-0.06725336489776601,0.019051280211539807,0.09936388765525996,57.602410138768555,-0.1757019395927697,0.21380450001584933
TECH,Health Care,72.4,0.003882401118046941,0.675150381328496,0.21031225544063292,0.3553832763163607,0.4729252140382811,71.7,0.92,0.003882401118046941,62.413795,13.712,60.1,66.93,0.0,-0.054710042204434706,0.01061494427401714,0.09941146069495399,54.251739885333926,-0.18423151868809268,0.20546140723612694
BIIB,Health Care,209.83,0.018641663359818095,0.08748383078409927,0.06772846157758261,0.554987387243951,0.35274667919006214,62.6,0.25,0.013035276804873153,37.469643,44.329,186.38,203.34,0.0,0.0,0.008097048098029821,0.09939240656608171,53.24641036681095,-0.18671206877149032,0.20290616496754998
BLK,Financials,1173.73,0.09469318589868103,0.09099185874558802,0.10770331759309215,0.032895021654903545,0.26880165619810104,77.8,1.16,0.03741378393253059,28.093107,23.192,1053.87,1053.12,0.0,0.0,0.017636093289549088,0.09940462743196811,57.04096613750944,-0.1771969764771084,0.21246916305620658
BX,Financials,143.93,0.14567958695467742,0.23333789878363986,0.13002810216212635,-0.14261216441209057,0.36352716133399077,64.2,1.35,0.016024205527244595,32.12723,68.185,131.08,125.29,0.0,0.0,0.019546287564753243,0.09937567312466491,57.79652722389626,-0.17523003175958998,0.21432260688909646
XYZ,Financials,82.88,0.03677751716565991,0.17794196325268974,0.6642569984567328,0.08995260725324239,0.4674389670906418,54.2,1.88,0.04937951039149957,148.0,32.58,67.87,77.28,0.0,-0.07113106758238691,-0.005698656860815874,0.09955339848916617,47.717612599958855,-0.20082331789958158,0.1894260041779498
BNY,Financials,163.24,0.04302004309901464,0.21381818148811305,0.3974885537411317,0.6070078305245501,0.21137722855611346,63.6,0.77,0.023897716818759962,19.047842,0.0,128.94,151.49,0.0,-0.11596860665644834,0.017785039862141375,0.09939251227805744,57.10065805694748,-0.1770242842028512,0.21259436392713393
BA,Industrials,231.67,0.08241835018575339,0.050705212922351084,-0.046468588380548015,-0.006518308060153077,0.33631856936353954,64.4,1.18,-0.0048111823939565035,83.33453,790.875,219.23,221.31,0.0,0.0,-0.009593716220501097,0.09973759570772026,46.168500805865364,-0.2050794038076328,0.1858919713666306
BKNG,Consumer Discretionary,212.06,0.16721711860164712,0.37931033113815826,0.2865170120320608,-0.02524038874616019,0.3589726019464021,75.6,0.82,-0.003851969679680156,23.53607,0.0,185.52,183.54,-0.00537082831641994,0.0,0.017895607363900064,0.09939224089131617,57.14434782081222,-0.17691318478307963,0.21270439951087974
BSX,Health Care,51.83,0.17715201608012343,-0.01613512659827343,-0.3064365114036115,-0.5023523660902097,0.3632393268124443,84.6,0.15,0.02715027291793204,20.983807,50.151,70.67,46.21,0.0,0.0,0.012512888052644786,0.09944197937919277,55.006716612169726,-0.18239339153057305,0.2074191676358626
BMY,Health Care,63.83,0.05087257272308143,0.13246548202795472,0.07369294271392457,0.3991580961956458,0.2711146158089426,55.8,0.21,-0.015576720602708094,14.059472,201.859,56.6,59.35,0.0,0.0,0.01042662568794135,0.09937454716446113,54.17813465087098,-0.1843474867544025,0.20520073813028517
AVGO,Information Technology,392.99,0.05975785255918331,-0.07426805869764164,0.21301970174447882,0.2719514541587664,0.47934838775351646,54.5,2.18,-0.0696259566455315,65.38934,74.018,369.2,390.33,0.0,0.0,0.01929106228742816,0.09942578196002815,57.6921747987198,-0.175583470354227,0.21416559492908332
BR,Industrials,171.01,0.1407510528269016,0.18231567722696584,-0.0033658922268876568,-0.3267450452976216,0.27976790505585314,68.4,0.12,-0.013783157288201564,17.832115,123.939,180.39,150.27,0.0,0.0,0.010296694501241615,0.09938227169934472,54.125936575840136,-0.184492558029474,0.20508594703195726
BRO,Financials,70.54,0.019514052996141062,0.2562775533685535,0.035644290106603194,-0.2513160123691559,0.3003410159333739,53.5,-0.35,-0.012523763547892308,22.536741,63.975,70.01,66.12,0.0,0.0,0.006311885510003901,0.09941606559846648,52.531167681546265,-0.18854360306299042,0.2011673740829982
BF-B,Consumer Staples,28.42,0.11102424398195332,0.08672272354418764,-0.03397902150946841,-0.02624077591937579,0.38776744526741447,58.4,-0.03,0.008158905210322809,18.575163,64.95,27.23,26.94,0.0,0.0,0.011874146965419736,0.0994210081708403,54.7533831734974,-0.18299102904942724,0.20673932298026673
BLDR,Industrials,72.51,-0.023565849039293263,0.02982528568239795,-0.3679944215581826,-0.4751356833894461,0.5024978039707858,49.7,1.69,0.007363139130026397,79.68132,130.786,93.25,76.25,0.0,0.0,0.010799273687582347,0.09941259799623674,54.32523492888873,-0.18404941838504166,0.20564796576020636
BG,Consumer Staples,113.69,-0.04582458258119926,-0.06595649259253344,-0.06120308527860041,0.4237659690951252,0.31683134582921507,42.7,0.02,0.009232142933335297,24.502157,97.995,112.67,115.0,0.0,0.0,0.008493873786707903,0.09939056366559061,53.40519776621681,-0.1863116309978497,0.2032993785712655
BXP,Real Estate,68.45,-0.020042971459728776,0.18242618252957365,0.14033375424914185,0.09644208138871191,0.27703988335264507,47.4,0.7,0.008100079676046201,36.801075,211.631,63.77,67.33,0.0,0.0,0.008329435279337454,0.0993654793762224,53.34027105618243,-0.18642690429805842,0.20308577485673335
CHRW,Industrials,148.57,-0.28743401762964627,-0.08870466259170806,-0.15011222950245862,0.2419299199454079,0.43899024709617857,30.3,0.66,0.0018882868080358772,28.353056,121.188,172.92,180.09,0.0,0.0,0.015337900346254681,0.09939397131757409,56.13189960165082,-0.17947428343619054,0.2101500841286999
CDNS,Information Technology,324.82,-0.016024895525986627,-0.06456624680533929,0.0846858231242047,-0.0690702888228194,0.39426902308846706,37.9,1.6,-0.021361201107720662,64.57654,38.661,327.6,361.26,0.0,0.0,0.01363422793460394,0.09939637888860448,55.4551894299955,-0.1811826746870608,0.2084511305562687
CPT,Real Estate,110.36,-0.023103483952811033,0.08559564353998406,0.037418809036156464,0.08334027345060635,0.19909598922764973,43.4,0.11,0.011734495396134692,36.422443,125.648,106.89,112.51,0.0,0.0,0.003138618349051433,0.09937467318106741,51.259797270533525,-0.19163574108584067,0.19791297778394354
COF,Financials,227.34,0.09282313931597974,0.2198315302575482,0.10522003137561642,0.04345577033733017,0.3203433373362995,76.5,1.32,0.03822439179123571,12.532525,0.0,207.63,204.11,0.0,0.0,0.025025295582128317,0.09941089903213324,59.9377410296958,-0.16982006652085282,0.21987065768510947
CAH,Health Care,235.17,0.02910027031399709,0.20738693160274635,0.07003600829473822,0.5817851023750638,0.2966749530387524,56.5,-0.11,-0.008474553372566862,32.57202,0.0,212.59,229.06,0.0,0.0,0.005997412182998053,0.09940616779128719,52.405454928368336,-0.18883867668792484,0.20083350105392092
CCL,Consumer Discretionary,28.12,0.07032478737219683,0.15423752884619302,-0.10480282499686988,-0.055475017365113066,0.47672036177702143,58.1,2.1,0.013333363575978252,12.666667,201.556,27.93,27.77,0.0,0.0,0.03191351054742074,0.09942885374032341,62.58827945611256,-0.16296704278361313,0.22679406387845463
CARR,Industrials,62.78,-0.08275216930499751,-0.0257343843645802,-0.033177814469822264,-0.03063295061042659,0.3599739536570192,32.8,1.27,-0.010403528715308696,44.842857,91.998,61.21,67.89,0.0,0.0,0.01491620175013228,0.09937758971723125,55.96556535848658,-0.17986387409564097,0.20969627759590553
CVNA,Consumer Discretionary,75.59,0.1225126291751506,0.12535355662460224,0.10231281675801118,0.10321373696370406,0.60739964274329,70.7,2.36,0.01928253243212663,39.99471,110.88,72.41,67.17,0.0,0.0,0.03020186647358615,0.09946455525199505,61.93006325043312,-0.16474866182032416,0.22515239476749643
CASY,Consumer Staples,846.45,-0.014008826702641808,-0.006643513098321785,0.27304901779172175,0.6714495847149102,0.3312767315535951,47.7,-0.09,-0.009374352877426162,44.247257,73.514,706.67,834.76,0.0,-0.0477937504148393,0.00307215341307017,0.0994077045462998,51.23271815430898,-0.19176694749767742,0.1979112543238178
CAT,Industrials,856.57,-0.025129478718865395,-0.03394196042409503,0.11055645006661807,1.070132951130394,0.3933655584786047,46.6,1.77,0.02267244901610166,36.905216,232.783,754.39,911.48,0.0,0.0,0.019202038867880265,0.09941097237828404,57.65824409901793,-0.17564346699355646,0.214047544729317
CBOE,Financials,296.14,0.08313525723959514,-0.18252240690602695,0.08136205549717568,0.2206864621944633,0.32338555707708533,53.9,-0.35,0.03901489742262321,23.099846,28.09,281.55,275.98,0.0,0.0,0.006946717067524443,0.09943104667949486,52.78493123911273,-0.18793813442428547,0.20183156855933437
CBRE,Real Estate,152.86,0.08442106505173497,0.1762986086966527,0.07413395567949488,-0.03582687597021661,0.3132510609028594,64.8,0.79,0.06197025161630365,34.74091,117.789,147.45,139.93,0.0,0.0,0.011929970124989408,0.09936257505914857,54.778418130072936,-0.18282067699094176,0.2066806172409206
CDW,Information Technology,139.42,0.04638241084505457,0.3740244487453064,0.11109950468248453,-0.14435276490143745,0.4359821927646102,51.3,0.68,0.02191604231973865,16.757212,263.278,132.14,136.19,0.0,0.0,0.01646381871867063,0.09939553312274121,56.57796394812712,-0.17835142620190214,0.21127906363924343
COR,Health Care,313.82,0.02120352660545355,0.22008680994511698,-0.12658935068367771,0.07437965066755003,0.31600892286781324,51.9,-0.23,-0.03252755271456198,23.315008,446.516,324.09,297.91,0.0,0.0,0.0008965867418909998,0.09948010115541804,50.35955081756327,-0.19408441152272835,0.19587758500651034
CNC,Health Care,67.47,0.01550269026864104,0.1578857163319909,0.6626416504759818,1.5053843466810433,0.49221724517421506,58.1,0.31,0.013519626408363683,29.507002,71.082,48.12,64.93,0.0,-0.25214303688970574,0.01700661529792259,0.09946154035237399,56.78829465244428,-0.17793800379273045,0.2119512343885756
CNP,Utilities,40.83,-0.053327131465361166,-0.011472575538717833,-0.029163270176376876,0.08608483673628431,0.16786703531497968,18.9,-0.16,0.019985088087775882,24.303574,210.256,41.43,42.86,0.0,0.0,0.0024840546097603246,0.09943947360894707,50.9964768679538,-0.19241731366377596,0.19738542288329658
CF,Materials,118.3,-0.020675880522570855,-0.05054664625515981,0.26130358793266617,0.4244228084865582,0.4189641331251663,48.9,-0.9,-0.02115963832604595,8.782479,40.504,104.74,114.38,0.0,0.0,0.007945697841301384,0.09959143836676883,53.17950538707227,-0.1872535213575655,0.2031449170401683
CRL,Health Care,280.05,0.24827269968405097,0.8564797909308275,0.7356676616008309,0.7974966771979732,0.45682756212295755,83.4,1.27,0.011010786256204774,29.507002,105.047,191.34,223.88,-0.1008664687485755,-0.3136030967081799,0.01875086902132359,0.0994424184454392,57.478118314996706,-0.17615627113173726,0.21365800917438443
SCHW,Financials,111.09,0.09702577449143246,0.22594563410584767,0.1930613797680032,0.15064284343229883,0.25010690285756665,80.3,0.47,0.03170602560944058,20.234972,151.106,96.25,98.89,0.0,-0.004188375496074315,0.011303226452856113,0.09939161684862956,54.527176335375835,-0.1835043425704578,0.20611079547617003
CHTR,Communication Services,154.27,0.17431689127220928,0.09933729252130141,-0.35476177742526294,-0.41386779210666125,0.485424818082709,68.9,0.26,0.00639318304684644,4.014312,441.578,187.36,138.24,0.0,0.0,0.014476898109748513,0.09953268613876604,55.78216850715159,-0.18060716672223293,0.20956096294172993
CVX,Energy,200.0,0.06734974270643246,0.056158201978330435,0.10920984708082626,0.3429786149262515,0.23461073813509536,62.2,-0.46,0.02611459772333946,19.23077,18.959,177.33,183.99,0.0,0.0,0.005297987217031764,0.09942126734421497,52.124888646165424,-0.18956769677762958,0.2001636712116931
CMG,Consumer Discretionary,33.5,-0.027293805580468122,0.026033642707409044,-0.07713496682947263,-0.22399811394714175,0.4113701527756239,51.0,0.75,0.04231489222708529,31.018517,246.35,34.53,33.17,0.0,0.0,0.012754444089328422,0.09937979776627284,55.10602069137446,-0.18202995953256637,0.2075388477112232
CB,Financials,343.64,-0.024193516938529558,0.06343426757690662,0.06394771759587647,0.25382534114597166,0.19305521679052012,30.6,-0.35,-0.013379194108100734,12.181497,30.941,322.15,343.34,0.0,0.0,0.007642090820104951,0.09942152092565773,53.0634751952969,-0.1872240901941842,0.2025082718343941
CHD,Consumer Staples,101.3,0.03608532241709139,0.08037088823230354,0.004835968264133239,0.11166170291217714,0.22784485407763566,61.8,-0.09,-0.016370982456745953,32.467953,55.851,93.8,98.05,0.0,0.0,0.004080826410330119,0.09938332901498506,51.63765577352761,-0.19071049845904062,0.19887215127970084
CIEN,Information Technology,428.77,0.14518838925206778,-0.2266890812286244,0.4107987959655186,3.690111546724159,0.7305818563472577,60.8,2.66,0.10593235881743879,146.83904,54.649,363.2,428.07,0.0,-0.030528715132171674,0.003734812910827845,0.09976122995499119,51.49319209800935,-0.1917971978009549,0.19926682362261056
CI,Health Care,282.56,0.003943809925103237,-0.0037591472996750808,-0.01947842485823681,-0.005270101568761398,0.324067549335528,44.4,0.2,0.014942542217354138,11.68086,74.29,278.68,286.03,0.0,0.0,0.014585554449860122,0.09937918765327895,55.83419113695152,-0.18019765335056662,0.20936876225028686
CINF,Financials,173.17,-0.042148323470135196,0.04626269526613447,0.07603866805563753,0.14855086507655635,0.20867871310993225,27.3,0.01,-0.00396872448512553,8.176109,5.255,166.48,176.66,0.0,0.0,0.012822105098201735,0.09941073562657164,55.13136943236121,-0.18202293672987868,0.20766714692628213
CTAS,Industrials,199.52,-0.02157837714554922,0.18851104616205472,0.03692200037890103,-0.08774545839912651,0.23234871841317176,32.1,0.18,-0.01317999638199141,40.63544,52.646,185.55,188.52,0.0,0.0,0.00463526263749056,0.0993873961191504,51.85992606760621,-0.1901640337560442,0.19943455903102533
CSCO,Information Technology,111.68,-0.0023226918935128626,-0.05170632498490246,0.4665610219795986,0.6449132674452016,0.3407912671527465,45.7,1.02,-0.08884718460277752,34.152905,58.731,91.97,117.24,0.0,-0.06432024004979695,0.016544759110097538,0.09935934488984545,56.612391384624004,-0.17819955687399955,0.21128907509419462
C,Financials,139.33,0.08254786213202081,0.13464907743517807,0.2691758023033035,0.49044113878450557,0.28996936935878004,63.1,1.37,0.030394916234642855,15.014009,0.0,120.7,136.5,0.0,-0.004377378007049737,0.024078497464030194,0.09939820806686382,59.570397277508256,-0.17074199034702292,0.21889898527508328
CFG,Financials,74.73,0.039027395074793025,0.23587238266149324,0.16369132691551447,0.5642778119139704,0.26509689764054095,70.5,1.0,0.02834739562259414,16.140388,0.0,62.57,70.03,0.0,-0.04441302037891959,0.020527721098282797,0.09938937984998221,58.18148043821476,-0.17427546340768232,0.21533090560424792
CLX,Consumer Staples,105.7,0.11020354718684211,0.18225331894362817,-0.1402035166093275,-0.09009422180726201,0.3019270704710371,69.3,0.19,-0.007104839399182161,21.975052,2221.429,103.61,96.82,0.0,0.0,-0.02506164533587235,0.10231754340653063,40.32514966781321,-0.22560403041267238,0.17548073974092768
CME,Financials,269.8,0.10099973243413274,-0.09255542451498733,-0.08376922872838766,0.02037305315797444,0.23276602506396069,70.2,-0.32,0.023326357059955116,22.883799,14.587,278.38,250.73,0.0,0.0,0.005604660332578373,0.0994137017827843,52.2479316786487,-0.18924619516167887,0.2004555158268356
CMS,Utilities,71.11,-0.02669553415451753,0.0006124645390546135,-0.05158687356906644,0.010216151202115942,0.17048931028834202,33.3,-0.16,0.029684377703872444,21.354355,185.604,73.87,73.19,0.0,0.0,0.0037078079181947945,0.09940152754483293,51.48776224106558,-0.19111918606967773,0.19853480190606734
KO,Consumer Staples,87.71,0.07540463106881123,0.0922578343484286,0.12968053427583404,0.2968226487237329,0.1855850572909616,68.5,-0.28,0.009669578811239088,26.33934,115.519,76.97,83.3,0.0,0.0,0.002162638636499281,0.09939745988815185,50.86792954714247,-0.19265638274427832,0.1969816600172769
CTSH,Information Technology,58.79,0.31315613836078104,0.25619662123780573,-0.10584792532668297,-0.13461149498711356,0.3941720824719869,81.3,0.18,0.008231856129850668,12.61588,14.479,63.56,48.34,-0.06630290312880516,0.0,0.01193768014774262,0.099500658808759,54.774887671816984,-0.183083611117425,0.20695897141291025
COHR,Information Technology,325.83,0.17373911890608995,-0.14804555844572853,0.49993091645105125,2.555155277114339,0.8503370987034631,58.5,3.38,0.0020913199709231556,79.27737,31.485,265.55,337.31,0.0,-0.07697898267823886,0.03402501454103183,0.0996318568661372,63.363917550866525,-0.16125342491659708,0.22930345399866073
COIN,Financials,148.47,-0.055053425186481264,-0.24029060643206823,-0.09645816332178025,-0.543014575620731,0.6781758488985224,34.9,2.92,-0.0014123719762082487,16.188427500000003,50.982,202.98,157.95,0.0,0.0,0.04524083210633982,0.09952264846964783,67.52936600500834,-0.14982355889416993,0.24030522310684954
CL,Consumer Staples,91.95,-0.005408411083145381,0.04932641332180587,-0.037427726632659475,0.1134004523047587,0.22576179869053564,49.9,-0.17,-0.012882496596667625,36.200787,1388.163,86.74,91.14,0.0,0.0,-0.01991663050159014,0.10047595024121568,42.14353502189787,-0.2168494929743729,0.1770162319711926
CMCSA,Communication Services,26.18,0.10046234962893696,0.0717570779946648,-0.14965873869922353,-0.10980856213873302,0.3055889387922207,76.8,0.12,0.038888869546288785,8.3910265,100.474,26.86,23.75,0.0,0.0,0.013759721497840821,0.09940603697942568,55.504550726586686,-0.18107611098183352,0.20859555397751517
FIX,Industrials,1774.06,0.06028379194505029,-0.10927725514394515,0.3278499559061461,1.5768892410694062,0.5528959961323584,53.2,2.53,0.05979011297665515,43.663795,45.489,1441.69,1793.59,0.0,-0.0805379624366726,0.03128676082569642,0.09944577379544922,62.347158801967076,-0.16362695581338405,0.2262004774647769
COP,Energy,126.78,0.10522186200991812,0.035699656780095124,0.15512995892229076,0.36938999944374973,0.3043198007855261,68.3,-0.47,0.030480370943733126,16.769842,35.639,109.42,114.38,0.0,-0.008636712638323801,0.0071338721561435,0.0994514068427314,52.859250067244915,-0.18779088525561005,0.20205862956789705
ED,Utilities,108.8,-0.03177004189343413,0.03264998501782723,-0.02767094111063817,0.08394095809583901,0.17232916539501353,38.1,-0.47,0.023518343633374572,17.836067,110.113,106.61,109.61,0.0,0.0,0.003211404456384955,0.09941072025200719,51.2885352976386,-0.19163360723754913,0.19805641615031905
STZ,Consumer Staples,139.18,0.05574365382469648,-0.0145651788973713,-0.054168314550396834,-0.15493307458700234,0.3026126904576775,78.6,0.04,0.043406502081310805,13.267874,123.205,145.01,135.43,0.0,0.0,0.0112001342424174,0.09941198356021982,54.48514586646357,-0.18364735353561346,0.20604762202044824
CEG,Utilities,282.5,0.11929949951727958,0.05726043074097631,-0.017723185621196458,-0.12944078107471124,0.4680919325004208,59.8,1.35,0.04463265041274278,27.614859,76.419,302.63,261.1,0.0,0.0,0.022889219140160906,0.09937912283483866,59.107929806597426,-0.17189386161612286,0.21767229989644465
COO,Health Care,76.17,0.062194939916522474,0.27780569349160555,-0.08217857417009988,0.03717314320240095,0.30988722549750153,75.1,0.52,-0.0019654288060627634,64.55085,33.093,73.21,70.89,0.0,0.0,0.0020664761703000083,0.09940138825504033,50.8293096813707,-0.19276024480957904,0.19689319715017906
CPRT,Industrials,31.61,0.14487504207081825,-0.02136218709000126,-0.15684184595522543,-0.3254374690859738,0.288128061556836,62.1,0.18,0.06826632130270549,19.633541,1.059,35.11,29.33,0.0,0.0,0.012587965305928539,0.09938178667191003,55.039631496181904,-0.18220033657101511,0.2073762671828722
GLW,Information Technology,165.99,0.07360458468331821,-0.1332860444527163,0.2479745676758427,1.5517713034831657,0.6928201685704205,61.2,2.79,0.052167921354558056,76.49309,71.448,138.92,176.47,0.0,-0.04489995704698008,0.025771526503526744,0.09951354210771272,60.217276202540184,-0.1692750160275902,0.22081806903464368
CPAY,Financials,417.6,0.14163863514120845,0.2722785611487246,0.2387280854057683,0.30406267925133545,0.3727519169868744,71.2,0.9,0.04170824440493304,25.386017,275.291,326.68,366.02,0.0,-0.12830149396438953,0.016063735701577177,0.09939925065733278,56.419280705099276,-0.17875879558679506,0.21088626698994942
CTVA,Materials,76.68,-0.12164951174498495,-0.06511707382956866,0.02665318307298259,0.07727397597833408,0.26817085496419824,27.6,0.13,0.002746162954366582,46.47273,19.191,75.93,81.58,0.0,0.0,0.0037342016515461416,0.09940400368694705,51.49831048769086,-0.19109764557487005,0.19856604887796234
CSGP,Real Estate,32.38,0.08730692819075947,-0.00917990312910233,-0.2802845107780244,-0.6319199656837696,0.4290642623432646,64.2,0.26,0.02858962957325928,179.88889,14.537,46.53,30.23,0.0,0.0,-0.03061459623498624,0.09971845432917799,37.94177522061466,-0.2260627667201751,0.16483357425020262
COST,Consumer Staples,961.1,0.02312545774265362,-0.0822936867770292,-0.05346706461135109,-0.008901510502521082,0.19679768121437038,54.8,-0.14,0.008764078284899002,48.320763,60.257,958.5,949.55,0.0,0.0,-0.0015475079773990198,0.09938834438187555,49.3788593410904,-0.1963486629658751,0.19325364701107706
CRH,Materials,97.15,-0.05227982772655215,-0.05494272647792697,-0.22014021086688418,-0.12090435740245198,0.31429547783840245,38.7,1.28,-0.030423869019663763,17.164312,77.592,113.01,103.36,0.0,0.0,0.022373503536340673,0.09937910905957675,58.90620426709307,-0.17240955022042975,0.21715655729311112
CRWD,Information Technology,216.95,0.0682981829433218,0.46074596490211506,1.019830458536469,1.0425552363442345,0.4818132060468075,75.1,1.53,-0.036462988898275595,39.07723,17.568,137.14,189.64,0.0,-0.43190603491321866,0.02870849830612005,0.0995244455239534,61.35014344939369,-0.16635941492082862,0.2237764115330687
CCI,Real Estate,75.98,-0.04029297569521739,-0.11300948387762177,-0.13888737811710528,-0.211924124859865,0.2966633016804957,54.9,0.06,0.03219674944886153,31.012245,0.0,85.95,80.06,0.0,0.0,0.008413838495015613,0.09938514160477227,53.373372109029916,-0.18638103905033804,0.20320871604036927
CSX,Industrials,50.16,-0.011625618770204738,0.10192212045422266,0.23512277497855782,0.39940952775843197,0.22956547462576699,33.9,0.44,0.0007981028806824941,29.16279,138.068,42.02,48.99,0.0,-0.043791140037510806,0.009214343134777219,0.09937938022650372,53.69365444496057,-0.18556924210917006,0.20399792837872452
CMI,Industrials,631.26,-0.026554359767093527,-0.09086095220749113,0.05717305751977331,0.5844098406676463,0.3621689117358593,40.1,1.62,-0.0056078849398575326,32.256516,59.586,590.63,664.6,0.0,0.0,0.021835301020912714,0.09938952102742102,58.69453378402515,-0.17296816019283248,0.21663876223465792
CVS,Health Care,97.16,-0.09033669944442135,0.01951731952559732,0.2566205680536642,0.5022306462244632,0.3093054822077623,29.0,0.15,0.015574427946918545,25.635885,95.503,85.37,101.86,0.0,0.0,0.009290498903087077,0.09939786926670018,53.723403017712975,-0.18552932485964527,0.20411032266581944
DHR,Health Care,202.45,-0.006770371733383573,0.25298003601107033,-0.043642621864401154,-0.02985664391527254,0.3107361667660345,58.9,0.42,-0.03305152758432306,36.08734,52.97,203.1,192.88,0.0,0.0,0.009365315142629069,0.09936514266713165,53.7545317725349,-0.18539036448494897,0.2041209947702071
DRI,Consumer Discretionary,225.26,0.13463958037522805,0.15923157000134047,0.08193900405969745,0.1278515083730678,0.2659097349402322,71.1,0.2,0.03344493850211716,21.597315,364.507,198.15,205.3,0.0,0.0,0.005315663732558935,0.09942177282274511,52.13196067867051,-0.1895510110000215,0.20018233846513936
DDOG,Information Technology,255.46,-0.012485970455200168,0.22829123935808027,1.0404154388236497,1.0515580918793082,0.685607595969558,51.1,1.13,-0.02040030711838492,500.90198,29.259,172.27,248.81,0.0,-0.33290237128462996,-0.10685138228307643,0.10235348748928566,14.825548440623582,-0.30746421776207633,0.09376145319592345
DVA,Health Care,180.06,-0.24015699611321673,-0.09852812352728124,0.2088620426166361,0.33983182064411177,0.4513830909868255,15.8,0.01,-0.019761581112561655,15.2722645,1241.986,159.86,216.24,0.0,0.0,-0.004979168192693142,0.10034101674705073,48.02116236849807,-0.20164756101691259,0.1916892246315263
DECK,Consumer Discretionary,93.09,-0.1258334284410565,-0.005023527500722547,-0.19562780923125722,-0.10369732533380616,0.44765863166168046,41.5,1.01,-0.0446429186630144,13.241819,20.521,102.1,103.42,0.0,0.0,0.02476912113604386,0.09938203528740919,59.84090937169909,-0.17001966802727816,0.21955791029936586
DE,Industrials,608.85,0.01943939712912801,0.08649955899135908,0.015414135018734898,0.28743767791904684,0.31230946266468246,44.0,0.55,-0.0007058391712490009,34.476215,376.022,555.45,601.72,0.0,0.0,0.005580290707118718,0.09940940027329297,52.23826447512068,-0.1892621338285355,0.20042271524277291
DELL,Information Technology,490.81,0.24040234021035123,1.031575781407998,3.1973118887471834,2.5796080114197664,0.71739344402656,61.5,2.14,0.0719183898065372,39.07723,0.0,229.82,421.71,-0.013842914307231002,-0.9856511038480261,0.046673634717410165,0.10011528022563294,67.94634359751632,-0.14955231452483042,0.24289958395965072
DAL,Industrials,89.35,0.06154212210838517,0.275389615523592,0.3051053224967597,0.5320130467165043,0.3920942693207339,55.6,1.68,0.0015693239668781445,14.817578,96.649,72.44,87.01,0.0,-0.08340049245080344,0.028685899875023076,0.09938620015101463,61.35679668666236,-0.1661110524209656,0.22348285217101174
DVN,Energy,45.85,0.04608707640151599,-0.06696071272815574,0.03934827522157036,0.38968449670670746,0.3456232146308115,60.6,-0.5,0.010802421895420133,9.967391,28.488,42.41,43.51,0.0,0.0,0.009735659350286098,0.09947209980926482,53.89835359210211,-0.18522965627587296,0.20470097497644513
DXCM,Health Care,89.75,0.17090669554257243,0.4562712712077637,0.2817766966986468,0.12243623096074363,0.4223991093393701,77.0,0.7,0.02395890972689907,35.474308,53.346,68.69,76.11,-0.029167808708558007,-0.15662337945944363,0.014690226194771004,0.09939944741512532,55.874567723259695,-0.18013269073887464,0.20951314312841665
FANG,Energy,202.47,0.0411426785142901,0.00012300788652397365,0.2175023915911416,0.47294814660886364,0.3211832760238939,56.7,-0.36,0.023194673711137703,38.639317,28.678,176.33,190.11,0.0,0.0,0.002104821479067832,0.09943758764181732,50.84438852514231,-0.19279285029889412,0.19700249325702976
DLR,Real Estate,200.15,0.1510811380030539,0.06882641303018389,0.12093892370967119,0.2388891486233835,0.2695998954976483,55.5,0.79,0.04626236645867765,256.60257,67.944,177.13,185.9,0.0,0.0,-0.05284475945931758,0.10007282023442765,29.872778508017596,-0.24898748711879576,0.1432979682001606
DG,Consumer Staples,123.28,-0.01964215682467696,0.21028290119651194,-0.19074145524901143,0.09663098564784889,0.36722453601996097,50.1,0.5,0.007025001006491838,17.461756,178.649,124.27,118.55,0.0,0.0,0.01456355637389167,0.09937131300385511,55.82591314999276,-0.18020421711366436,0.2093313298614477
DLTR,Consumer Staples,129.39,0.027393972378611853,0.444407197419735,0.026416007421441234,0.12876212588228397,0.41438827402754114,61.2,0.76,0.0001546283776452384,20.802252,216.518,115.04,121.72,0.0,0.0,0.016079045921197535,0.09938255058722867,56.42641603420476,-0.17871075322977065,0.21086884507216574
D,Utilities,68.77,-0.03195388855864689,0.1252001657749604,0.05546265462676869,0.17370410480367537,0.2049962645829737,40.2,-0.07,0.02412501981199755,23.71379,160.459,63.61,68.98,0.0,0.0,0.0047750585309510344,0.09938418212679256,51.91603937964523,-0.1900179384375624,0.19956805549946446
DPZ,Consumer Discretionary,346.27,0.0747718569915452,0.15257098882247666,-0.0674554074202165,-0.2167024998253444,0.29075118292532315,51.5,0.05,-0.004542236774817132,19.640953,0.0,369.43,323.25,0.0,0.0,0.01155604553601553,0.099385050007896,54.62828955975404,-0.18323865247946064,0.2063507435514917
DASH,Consumer Discretionary,217.02,0.17855981857172143,0.3631910077423979,0.3534988725777837,-0.1229388856644098,0.46859768515154404,81.3,1.42,0.03411800076853799,113.62304,33.276,188.44,185.16,-0.022094006003390038,-0.0016791700207915983,-0.0024618684450032936,0.09950327003299442,49.01305432690334,-0.19748827770967234,0.19256454081966576
DOV,Industrials,207.07,-0.033196309621344344,-0.015144758162343397,-0.1017819288760059,0.1663105564609788,0.2626604814725856,52.4,0.95,-0.014421697721436533,25.069008,42.316,208.66,213.9,0.0,0.0,0.01640094670102805,0.09936621963917087,56.55498731313777,-0.17835684379174688,0.21115873719380296
DOW,Materials,31.07,0.0384358160293401,-0.19004036167288874,-0.022539881013564633,0.39902481706838944,0.4459030931065314,63.1,0.05,0.016023537355809747,31.144516,111.913,30.88,30.48,0.0,0.0,0.0090272945482929,0.09944875124483367,53.61636498732756,-0.1858922578915811,0.2039468469881669
DHI,Consumer Discretionary,148.81,-0.0009139120650837329,0.10239658262453566,-0.10772984203770819,-0.08117043314030747,0.3559112810980112,51.6,0.88,0.014659715278868779,14.185891,29.451,149.78,151.15,0.0,0.0,0.02121714387725365,0.09936399706166099,58.45430061337018,-0.17353629036360188,0.21597057811810919
DTE,Utilities,140.84,-0.049598528796986785,0.015601601091865591,-0.012865984656044382,0.04002162502752138,0.17030879317175054,29.3,-0.02,0.02968268456519585,22.28481,229.06,141.49,146.3,0.0,0.0,0.0039632832886022686,0.09940968617992922,51.59008903022896,-0.190879701624059,0.19880626820126354
DUK,Utilities,123.92,-3.817145435180969e-06,0.03356368878145566,-0.016460426900994807,0.041186717993386024,0.15916829176684982,37.5,-0.31,0.031516800939504375,18.662651,162.155,124.46,124.56,0.0,0.0,0.0032724395777724105,0.0994016603324764,51.313135734799296,-0.19155481467388133,0.19809969382942613
DD,Industrials,146.26,0.08108508954909932,-0.011289111415055952,-0.021441461693802566,0.6120307102159996,0.30655072477155104,61.4,1.19,0.03327440023689654,62.772533,22.902,134.95,139.82,0.0,0.0,0.008404621768676929,0.0993908778676653,53.36949162372273,-0.18640149885194707,0.20321074238930092
ETN,Industrials,451.51,0.1315805796888847,0.1331385831333214,0.16965179903253436,0.28567724192395705,0.37463290468628946,67.8,1.73,0.014720465741487221,46.07245,105.059,378.04,412.4,0.0,-0.04433063884989438,0.018894062484680972,0.09940056321708082,57.53767924876304,-0.17593104142079743,0.2137191663901594
EBAY,Consumer Discretionary,103.14,-0.07960019956524844,-0.10939516416722261,0.25967095360391035,0.06076610310677477,0.35592838537298294,35.9,0.77,-0.04242874137655639,21.62264,153.012,97.26,110.57,0.0,0.0,0.016091581265575614,0.09936734897690502,56.43235783177277,-0.17866842272915823,0.21085158526030945
ECHO,Communication Services,91.89,-0.0011956588081691866,-0.3303942122676309,-0.18789219486990483,2.2389847258154485,0.9192471692876063,58.7,1.6,0.030734692281235043,19.201893,123.757,106.5,98.67,0.0,0.0,0.034612671285447656,0.09977604688290206,63.566813437672096,-0.16094838060504038,0.23017372317593568
ECL,Materials,276.11,0.01202213444535749,0.1180942166225889,-0.07208444020804838,-0.0033106677131958806,0.2178082137872516,56.0,0.5,-0.029149116465660874,37.061745,138.023,271.04,273.7,0.0,0.0,0.006486060292027091,0.09936399437021316,52.60227792259058,-0.1882673686735907,0.20123948925764487
EIX,Utilities,71.41,-0.08012358381263163,0.04479040402884693,0.023372849707667065,0.34497299413900073,0.2518191152056482,32.5,0.1,0.05277903190938216,7.369454,228.042,67.69,73.64,0.0,0.0,0.010840091073183391,0.09939930756210189,54.342096395892334,-0.18398255174853628,0.20566273389490308
EW,Health Care,91.6,0.0684707207201194,0.12558370073272385,0.20732826094760748,0.1716551306799734,0.24542716173357912,77.4,0.56,-0.0046723928162488715,54.52381,6.568,84.45,88.57,0.0,0.0,0.004373437739945595,0.09940059911117449,51.7547041771639,-0.1904517365179564,0.19919861199784758
ELV,Health Care,400.32,0.07292761663030167,0.023604248488493296,0.16616694295415346,0.38350645331877575,0.3533335018896996,66.0,0.3,0.00658786783195664,17.697613,68.953,353.38,396.37,0.0,0.0,0.013962775781506408,0.09939003877949068,55.58614639849036,-0.18084170022629534,0.20876725178930813
EME,Industrials,836.29,0.12380403167010834,-0.08365696561216163,0.04535186524978041,0.37425022797562857,0.4405717135209524,66.1,1.91,0.033311455609222884,26.044533,13.432,751.23,797.88,0.0,0.0,0.028427742838508494,0.09941521489000409,61.25416454727647,-0.1664260783458995,0.2232815640229165
EMR,Industrials,163.17,0.17330772433792685,0.23054008391623837,0.10973493095178721,0.2382720043650688,0.31882610005343454,68.1,1.56,0.031588071269088136,35.704594,67.677,141.05,145.62,0.0,-0.00680215676179699,0.019311014799834426,0.0994000966698683,57.70199604222379,-0.17551317467310742,0.2141352042727763
ETR,Utilities,107.84,-0.042001383441026885,-0.005010004240468935,0.038125170621010174,0.22412036400743496,0.2044625531476296,33.4,0.2,0.026822113296771644,27.58056,186.77,104.69,111.03,0.0,0.0,0.005616398847337488,0.09938712030460208,52.25323662604906,-0.18918235694968255,0.20041515464435755
EOG,Energy,142.61,0.019443857549293897,0.024300436096196476,0.199236735302192,0.23188481920720272,0.28400170977567357,52.9,-0.54,0.0027422260322105263,11.098054,25.891,125.64,137.35,0.0,0.0,0.008008600421351453,0.09944204116621089,53.209426217545506,-0.18689780026442188,0.2029150011071248
EQT,Energy,54.42,0.10150708418981536,-0.02898094387466521,-0.06475576939453853,0.05785805684631273,0.3093288235346427,65.7,0.11,0.0062869143191373045,12.539169,19.595,56.33,51.84,0.0,0.0,0.013907922203066053,0.09939398545595829,55.564124537505364,-0.1809042892906122,0.2087201336967443
EFX,Industrials,180.85,0.021289836421267694,0.14588052169036958,-0.05620651138805299,-0.26326811423217855,0.38415825226023076,53.5,0.58,-0.001049421065305256,31.728073,120.956,189.41,170.19,0.0,0.0,0.012589536015595284,0.09936743074544488,55.040981272563435,-0.18217062824547667,0.20734970027666724
EQIX,Real Estate,1102.1,0.08049017214307597,0.045411660520843666,0.16460892370778257,0.45371334078298653,0.2440250784243146,61.6,0.46,0.05627860456240974,70.920204,162.217,942.74,1051.22,0.0,-0.019044365967578053,-0.0036045539104607683,0.09939378613699205,48.553537531273705,-0.1984163747389652,0.19120726691804366
EQR,Real Estate,65.97,-0.04391302578691125,0.04344505982074254,0.05641278634275526,0.08558722081438064,0.20049796648436818,44.2,0.16,0.002126680628199429,28.68261,78.679,63.43,67.29,0.0,0.0,0.006639627737897916,0.09937090801622336,52.66361520837975,-0.18812735197389988,0.2014066074496957
ERIE,Financials,255.99,0.12617134416702225,0.2084245900130246,-0.07224957686903988,-0.2897732718478858,0.36884593597263854,68.3,-0.42,0.014424407773365733,23.25068,2.56,256.65,235.63,0.0,0.0,0.007782228467991762,0.09947729575375,53.1177928967592,-0.18719327120935825,0.20275772814534176
ESS,Real Estate,287.52,-0.01846858907376292,0.08611767478058807,0.1673377305763224,0.1669899856880006,0.1980746568807054,46.6,0.17,0.01521838101985673,44.85491,122.409,264.84,287.52,0.0,0.0,0.0011640169600717512,0.09937517814394539,50.46728465843795,-0.1936113322020612,0.19593936612220472
EL,Consumer Staples,86.1,0.04833801721012354,0.0766431299729029,-0.19896432415780796,-0.02388254378897392,0.46072366761682193,59.8,1.4,-0.01250147880220176,24.502157,232.908,91.68,84.14,0.0,0.0,0.021410441461885654,0.09938912386775733,58.528020360866876,-0.17339224131891873,0.21621312424269
EG,Financials,370.11,-0.032569259832479935,0.05873269813955195,0.10833094887056882,0.11132274629981787,0.2430921512386087,35.9,-0.03,0.0005676979144175753,7.818124,23.26,338.67,361.76,0.0,0.0,0.012908368729239082,0.09939582729486628,55.16646940219605,-0.1819074527686988,0.20772419022717697
EVRG,Utilities,84.03,-0.01822640057647884,0.05259626867611544,0.03335818376320576,0.195460671074271,0.15998219031001196,38.9,-0.03,0.023632629162523067,21.38168,160.554,80.26,84.63,0.0,0.0,0.004889885288260886,0.09938788993155427,51.96200487905087,-0.18991037897758548,0.19969014955410727
ES,Utilities,72.36,-0.03028681389768495,0.09005460519185493,0.00862980795306112,0.15514366295236215,0.25074673633838873,37.0,0.11,0.01672056304654368,15.494647,180.7,70.35,72.36,0.0,0.0,0.009392202391776475,0.09938227559009517,53.764631605451626,-0.18539705776481008,0.204181462548363
EXC,Utilities,45.86,-0.008646729911260032,0.06711117190442373,-0.03697064392080873,0.054766522857089495,0.1912698498798173,38.9,-0.25,0.030561811468574396,16.860294,177.362,46.08,46.24,0.0,0.0,0.004704074380467429,0.09939678312425615,51.88733859465927,-0.19011362054307462,0.1995217693040095
EXE,Energy,94.78,0.08191815152039794,-0.013864553470821828,-0.07304289781187301,0.020279768293167688,0.30957681654182306,60.7,-0.01,-0.022658456255581827,8.17069,19.207,102.12,89.88,0.0,0.0,0.0142063132589498,0.09939978641325402,55.68236990237303,-0.18061726811102807,0.20902989462892768
EXPE,Consumer Discretionary,332.69,0.23782422160415706,0.5312375473367998,0.5710709628773913,0.618288992975421,0.48607268727502284,76.3,1.06,0.0594885261451501,20.9239,230.271,252.63,269.47,-0.0846096081625205,-0.16692054444091717,0.01671720762181433,0.09944776859683938,56.67478445210795,-0.17820041882799084,0.2116348340716195
EXPD,Industrials,186.12,0.0181618818928011,0.20346826056155987,0.27699059057030184,0.5689069952392154,0.30919654343311304,71.2,0.5,0.039776509034566976,27.091703,26.745,154.54,170.71,0.0,-0.05436550227314932,0.013534905599456935,0.09937907904157764,55.4166324474751,-0.18124808932203523,0.20831790052094912
EXR,Real Estate,147.9,-0.001754925480549896,0.09209826567191359,0.033351716541379695,0.13291085164085392,0.22962302482119817,49.0,0.36,0.008454862971583044,33.01339,101.674,140.61,147.15,0.0,0.0,0.007273732739080931,0.09936192819926823,52.91782770744258,-0.1874756465314848,0.20202311200964668
XOM,Energy,160.1,0.08645497720138517,0.013804508357694534,0.08579781294660282,0.5384931429717661,0.2532468474594023,60.5,-0.5,0.001940126606224224,20.631443,15.921,141.32,147.57,0.0,0.0,0.004874205323359137,0.09943297317418338,51.9548325218908,-0.1900144220980403,0.19976283274475856
FFIV,Information Technology,403.2,-0.014421886600978207,0.11203052330266905,0.4719089657489668,0.26593410426069464,0.34901588101498915,47.7,1.0,-0.016561326347168115,32.178772,6.546,316.26,404.76,0.0,-0.1249089025350236,0.01917724807047678,0.0993709001468201,57.65152526556645,-0.1755897162172906,0.21394421235824415
FDS,Financials,283.49,0.09841525923860606,0.3400753044017537,0.39143402454174825,-0.2310455170162241,0.46604916187231676,59.9,0.0,-0.002217390164858557,18.68754,77.284,247.33,252.87,0.0,0.0,0.01359389296555692,0.09946343483671671,55.43550736153623,-0.18135443931440784,0.20854222524552166
FICO,Information Technology,1085.78,-0.13628875599677426,-0.01166034364229096,-0.19257251425412414,-0.1763037027906852,0.540134392010836,35.1,0.36,0.034332348388912415,31.444544,0.0,1347.45,1179.79,0.0,0.0,0.016066974783373864,0.09947290793180827,56.415850796961095,-0.17889992476297034,0.21103387432971804
FAST,Industrials,51.02,0.12771974350434445,0.18585244543181356,0.11125478705955971,0.0706150675372843,0.25566423601273264,69.7,0.51,-0.021668284468879362,43.60684,10.851,44.67,47.28,0.0,0.0,0.007385283529904338,0.09937932630028751,52.961976440514924,-0.18739819601865917,0.20216876307846784
FRT,Real Estate,118.39,-0.060545924906099224,0.055883539912104485,0.15237283092054077,0.31778039770307487,0.17058436493756707,20.1,0.21,0.01075729672821879,23.917173,134.114,109.63,122.27,0.0,0.0,0.007043298802770354,0.09941985117717472,52.82390390412745,-0.1878196095044921,0.20190620711003282
FDX,Industrials,334.64,0.06920570931622705,0.10928532503053301,0.1169333267600321,0.8322516869673087,0.28616928731731983,72.0,0.95,0.02940823326891162,18.049622,135.697,282.65,319.46,0.0,-0.033921950905583226,0.017351138469259345,0.09938198480800764,56.92992458414936,-0.17743755175443562,0.2121398286929543
FERG,Industrials,244.94,0.05568484583671229,0.09436151561997641,-0.05571210951121752,0.09071844278633101,0.3149966624556854,57.3,1.21,-0.07142314210735112,24.084562,111.063,240.74,235.51,0.0,0.0,0.01888867709725928,0.09936749692498706,57.538034055635656,-0.17587161687571534,0.2136489710702339
FIS,Financials,42.92,0.024099220358159146,0.03851992712872798,-0.06445870710738055,-0.38098624552033933,0.32119212298440264,49.0,0.36,0.009644786252659632,6.5929337,132.51,51.34,41.24,0.0,0.0,0.016612184068772292,0.0993713498207444,56.63829463881357,-0.17815566157988671,0.2113800297174313
FITB,Financials,58.06,0.0008619729909429275,0.23488749561361688,0.11615815128819884,0.3902213701097603,0.2609916832004516,59.7,0.81,0.016278667736535857,19.483221,0.0,49.95,56.0,0.0,-0.012357735770647832,0.017473096939041418,0.09937120000104903,56.978885435728785,-0.17729445506301467,0.2122406489410975
FSLR,Information Technology,225.56,0.06401241432991656,-0.03346615984060819,-0.0003988315547303056,0.2527630865618673,0.5543649575624996,59.6,1.75,-0.05753563768482861,23.039837,1.88,234.37,235.83,0.0,0.0,0.03053703023471983,0.09941632240948788,62.064040172041445,-0.1643189616878764,0.22539302215731605
FE,Utilities,47.41,-0.01339362192451743,0.09265192993240601,-0.034454407272989984,0.12951759433165755,0.15838395279167117,36.0,-0.08,0.013900803019909036,25.352942,200.908,47.49,47.38,0.0,0.0,0.002650760084701247,0.09939771161198085,51.06378197368845,-0.19216875467478123,0.19747027484418372
FISV,Financials,54.39,0.07426423547719607,-0.016989018801706668,-0.08372643479785313,-0.5949809955403065,0.5715082777558891,56.1,0.55,0.041554923749886674,10.41954,0.0,59.85,51.68,0.0,0.0,0.024533515418495782,0.09948541373447783,59.73927019141632,-0.1704578955010808,0.21952492633807233
FLEX,Information Technology,126.16,0.05794552337198633,-0.08486868487191679,0.9638855519523899,1.5517800802274682,0.6720526066412071,59.7,2.86,0.053968311433294947,48.710426,107.818,91.15,134.64,0.0,-0.23402690451365835,0.036588907756868995,0.09947863960022905,64.34913046100043,-0.15838922585957996,0.23156704137331793
F,Consumer Discretionary,14.37,0.020775245326211778,0.08400242813645553,0.041694645261604046,0.31468359592477,0.3753891009755213,47.5,1.12,0.037545089513865815,21.6099775,456.708,13.43,14.09,0.0,0.0,0.014237804070369028,0.09944318335781593,55.69241176580007,-0.18067083531095018,0.20914644345168826
FTNT,Information Technology,160.01,-0.009900415181442357,0.30322524920742033,0.870149591779229,1.0713267897325038,0.3982215541738442,58.1,1.0,-0.025577078346691096,56.540634,36.194,104.47,154.92,0.0,-0.38169007140901834,0.016260549307587645,0.09947764401176602,56.492160486945245,-0.17871563295547377,0.21123673157064904
FTV,Industrials,61.62,-0.0025898324793384164,0.05041955166623824,0.08520439512364164,0.2948270365676342,0.2656378690794114,44.4,0.64,-0.0021052804553074456,32.603176,59.283,57.45,61.22,0.0,0.0,0.011257741902706281,0.09936135834326998,54.51040403266646,-0.18349052045010286,0.20600600425551543
FOXA,Communication Services,69.04,0.19819510925612271,0.06461067910554075,0.23120979426391242,0.16377250006301636,0.3539882991461219,83.7,0.12,0.08861562454812488,17.979168,64.06,63.19,57.84,-0.0436541469692493,0.0,0.009485327744137064,0.09945876768909442,53.798930868037985,-0.185453856926488,0.20442451241476214
FOX,Communication Services,61.41,0.1894247254884649,0.06117160844765279,0.19744048859653307,0.1369075489908187,0.34151203634283867,81.5,0.06,0.09018281291013253,15.9921875,64.06,56.78,51.91,-0.033070583856916,0.0,0.010009998855840875,0.09944417376756409,54.00896110334163,-0.18490058172858476,0.20492057944026648
BEN,Financials,33.86,0.037695357093881166,0.07445288060436273,0.28374600266433614,0.3914992030331379,0.2810297505151901,54.4,1.26,0.010143202504316884,23.034014,24.805,27.67,33.08,0.0,-0.07387608744068802,0.02146434518311715,0.09938201160750419,58.54976188239475,-0.17332439756759105,0.21625308793382536
FCX,Materials,66.49,0.13891738004923826,0.057790596720488585,0.06298770712153634,0.5895170390657445,0.49882225018630577,58.6,2.25,-0.057013248484860335,32.593136,32.149,58.43,64.02,0.0,0.0,0.03034224039360831,0.09943066446170225,61.987777108869594,-0.16454186195132808,0.2252263427385447
GRMN,Consumer Discretionary,310.2,0.24298771935273766,0.3801729154836673,0.45649689066480126,0.341299341618019,0.34034198589459824,85.0,0.98,-0.009452009900574265,32.045456,2.513,232.27,256.87,-0.05760262086220516,-0.1854900314284931,0.01575200419658071,0.09941359134577184,56.29485770034921,-0.1790986348411321,0.2106026432342935
IT,Information Technology,181.09,0.29174686628298563,0.23839158605532584,0.1419472458501878,-0.2549883124973791,0.5436661370072512,67.2,0.39,-0.06253560048434437,16.285072,0.0,180.88,149.3,-0.06290259358972883,0.0,0.016436096768672488,0.0995412388822594,56.5574631027731,-0.17866473144055592,0.21153692497790091
GE,Industrials,368.38,0.0560445462348369,0.3101239568511638,0.17109945376524394,0.3728243895598675,0.32079363030564023,54.4,1.23,0.004581381564920051,43.492325,113.225,318.44,356.25,0.0,-0.006817238651765284,0.013473057841827512,0.09936829659389684,55.39261427386377,-0.1812888034822103,0.2082349191658653
GEHC,Health Care,73.69,0.16904443797711788,0.21348969613181223,-0.08180841618136636,0.002311126792353013,0.35248854314490213,78.7,0.81,0.010282423565895593,17.018476,93.965,72.9,65.72,0.0,0.0,0.018307687533835427,0.09939232716262476,57.30702241025985,-0.1765012737049091,0.21311664877257996
GEV,Industrials,1063.25,0.005114227439395602,0.013880032620555927,0.3270125313008285,0.704326707179793,0.5184327043287156,60.6,2.05,0.07306860392386727,30.120398,28.364,857.53,1027.46,0.0,-0.0898918061022618,0.03116087570338741,0.09940563452685318,62.303892674756824,-0.1636741679692448,0.22599591937601962
GEN,Information Technology,28.48,0.0650710465972979,0.2210074431160376,0.20710907676910417,-0.07851015052433086,0.3450372137353643,63.3,0.82,-0.027654535608485187,16.65497,307.831,24.36,26.21,0.0,-0.019000133081978926,0.015286791611591166,0.09938976895706982,56.11188421958998,-0.17951715554426567,0.210090738767448
GNRC,Industrials,219.3,0.020427152365371404,-0.16831003814002954,-0.022944949728254893,0.10217621604426719,0.541137371257479,65.4,2.01,0.06409824323645963,50.529953,49.003,205.75,238.35,0.0,0.0,0.02378639489169225,0.09942197427059903,59.454291471934816,-0.17108067467868182,0.21865346446206635
GD,Industrials,395.78,0.07379676921687195,0.1884062180909929,0.14879845330670705,0.275210014212353,0.21885625833545802,57.0,0.41,-0.0004798404950387969,24.147652,35.335,352.02,368.84,0.0,0.0,0.011027902401424462,0.09936628482597515,54.41848229566407,-0.18373001585748683,0.20578582066033574
GIS,Consumer Staples,39.2,0.03239398216204625,0.20880710223997712,-0.16111603732413193,-0.1616880897821924,0.26972064342211716,67.4,-0.32,0.052066627181920344,24.502157,217.629,40.42,35.7,0.0,0.0,0.0026207109407344704,0.09941757886867461,51.051515575649155,-0.19223774364186777,0.1974791655233367
GM,Consumer Discretionary,86.77,0.1406598789426603,0.1616094329927391,0.07503665418535443,0.5520002761994411,0.3388347659598973,49.2,1.08,-0.013528904658848706,38.736607,202.341,78.64,81.84,0.0,0.0,0.01225264115875943,0.09936854096890581,54.906722199693135,-0.18250969914029594,0.2070149814578148
GPC,Consumer Discretionary,135.03,0.08179778168110374,0.46980898668135374,-0.06393365248751337,0.015233796896475083,0.3280273380151606,64.1,0.52,0.003642080553118099,519.3462,146.415,119.17,119.73,0.0,0.0,-0.1318788068766869,0.10263203891931495,9.940186762234028,-0.33303760315854425,0.06927998940517041
GILD,Health Care,138.36,0.030384285583444193,0.07477478182248332,-0.09626886884221131,0.19277753233977313,0.2600562938311754,65.6,0.32,0.039831678558568395,29.507002,223.465,132.45,130.06,0.0,0.0,0.006325982064924384,0.09937675709624749,52.53781509275788,-0.1884524618437207,0.20110442597356945
GPN,Financials,93.05,0.19570808810921303,0.3821670112191673,0.36847974173111164,0.08122783687943258,0.4034754462864953,67.2,1.14,0.08034373643342052,44.09953,98.273,74.57,76.81,-0.061500636750430604,-0.09781669703075704,0.01195733179864356,0.09939241636669878,54.78789379655661,-0.18285180428008604,0.20676646787737316
GL,Financials,181.0,-0.020350696138913493,0.16957918968247565,0.260025351310464,0.3168822815182337,0.19799010863523048,63.4,0.31,-0.0123321760044669,12.0345745,55.675,150.87,176.25,0.0,-0.049679254814922635,0.013643657244773942,0.09937535652193581,55.46008613737783,-0.18113204153822024,0.20841935602776815
GDDY,Information Technology,94.91,0.005935402194435557,0.08866716368289196,0.06496858995832344,-0.3392048984503878,0.4560696383310896,48.7,0.2,0.037381198799810944,14.102527,57334.33,98.63,87.62,0.0,0.0,-0.9408505499572448,0.6685911100040108,7.968201958015642,-2.2512891255651057,0.3695880256506163
GS,Financials,1039.42,-0.024220280756454993,0.10072115611458599,0.15948387762692873,0.41909014647415654,0.31396816652849735,47.9,1.59,0.004746241344537605,16.05034,725.381,930.29,1054.48,0.0,0.0,0.014193595303006758,0.09965606580334452,55.66281592790606,-0.18113229367154848,0.209519484277562
HAL,Energy,34.42,-0.022714452698188836,-0.17225983988821325,0.02278836512257265,0.6495823390221371,0.3622920286888291,62.5,0.26,0.02318664665424741,18.020943,74.186,34.16,34.68,0.0,0.0,0.013495821054966934,0.09939501952241167,55.40022608652766,-0.18131841720895994,0.20831005931889382
HIG,Financials,138.02,-0.015970271795966995,0.035502502015132276,-0.014033000589272926,0.06922678197489374,0.19156265966816916,45.0,-0.07,-0.022174918592762327,9.531769,22.33,135.51,136.62,0.0,0.0,0.010955477141006493,0.09938615677385079,54.38870775331851,-0.18384139013574105,0.20575234441775406
HAS,Consumer Discretionary,96.7,0.1857755159968424,0.023537715241387813,-0.04183378324878184,0.24084693120825484,0.3060923930494766,64.6,0.8,0.02338870922252445,17.206406,531.042,88.33,86.17,0.0,0.0,0.009917487224767216,0.09948287039428805,53.97049391950889,-0.18506893874803737,0.20490391319757179
HCA,Health Care,404.68,0.09025270936211705,-0.04139233753146432,-0.24837733373055437,0.03499502934353704,0.3013859486467607,57.7,0.17,-0.022582919428743464,13.570758,0.0,456.04,392.21,0.0,0.0,0.014395039050669198,0.09938357185428218,55.75826811873783,-0.18039676178372388,0.20918683988506226
DOC,Real Estate,20.79,-0.07220635318668,0.08983819025206086,0.27848699608311933,0.3056167541374175,0.29311201904076106,27.8,0.46,-0.005263095933523476,59.400005,108.653,18.36,21.22,0.0,0.0,0.0017558767060561022,0.0993967280431904,50.704708333529226,-0.19306171025859709,0.19657346367070927
HSIC,Health Care,89.77,0.0222044745504264,0.2344608792100682,0.14810070136956366,0.3218965071732707,0.2605114766379362,72.6,0.5,0.01918704333423249,26.17201,80.733,77.55,84.55,0.0,-0.007570489921275819,0.011262316795628701,0.0993756464452818,54.51158313534783,-0.1835139502371236,0.206038583828381
HSY,Consumer Staples,184.22,0.0831202402826563,-0.00701420746923731,-0.15390233769670492,0.060848915184049224,0.27093512347323223,60.2,-0.13,0.015969763875580023,25.201096,129.821,191.75,176.53,0.0,0.0,0.005531123845633342,0.09938826138436029,52.21903537212681,-0.18926986846771282,0.2003321161589795
HPE,Information Technology,58.71,0.2813181902116966,0.7789053977424432,1.611786890862744,1.8111122273222926,0.5236273316647597,73.5,1.95,0.07370151347485288,54.869156,84.03,31.01,48.49,-0.06075468985899607,-0.7429794059724341,0.028293341527342794,0.0996842842172446,61.17294807270978,-0.16708785553845662,0.22367453859314218
HLT,Consumer Discretionary,327.21,0.018330586320808306,0.03539906159504125,0.04099142382487919,0.21284571477696668,0.2359376677856365,47.2,0.64,0.05212215901954376,48.04846,0.0,308.52,331.04,0.0,0.0,0.007161403988901906,0.09937451941379663,52.872482703839985,-0.18761265406213948,0.2019354620399433
HD,Consumer Discretionary,338.86,-2.953866016242035e-05,0.14752997810097535,-0.12112485112667237,-0.1310216222443158,0.25447118889771403,51.8,0.7,-0.033981451249260664,24.032623,459.356,347.1,337.7,0.0,0.0,0.007532648949471511,0.09944174034370681,53.01907504604934,-0.18737316212419386,0.20243846002313687
HON,Industrials,233.96,0.04284953983239248,0.049288304716198494,-0.06331556218588164,0.11174093413395947,0.2663608172021922,39.3,0.74,-0.034034392421057325,8.991545,185.369,229.12,233.06,0.0,0.0,0.017080779908934973,0.099372555667739,56.82365373689884,-0.17768942919983347,0.2118509890177034
HRL,Consumer Staples,24.54,-0.03347768785168381,0.25806670203117776,0.059203379696088465,-0.087361955461431,0.3037483979334052,25.9,-0.08,-0.006477726415789364,28.870588,4.244,23.37,24.73,0.0,0.0,0.00809759184308027,0.09942337272006149,53.24561894036397,-0.18677221868824026,0.20296740237440078
HST,Real Estate,22.9,-0.04344197545224837,0.11215316525451313,0.20821166043182138,0.5509734732424927,0.25096582024305875,28.9,0.74,0.010145546601777022,15.369127,85.298,20.51,23.83,0.0,0.0,0.016438483991844357,0.0993874139797648,56.56846539129117,-0.17836084740849464,0.21123781539218336
HWM,Industrials,289.18,0.06199689958344323,0.11127242824492045,0.15681719587882847,0.646582336197782,0.3068871476980432,51.2,1.07,0.019280255843824312,1701.0587,81.368,240.83,274.93,0.0,-0.05074554630760256,-0.4701536107462701,0.1323494131289685,0.01908914050481325,-0.7295584604790484,-0.21074876101349183
HPQ,Information Technology,30.11,0.21215782710913667,0.4645170561469676,0.6080521216171066,0.17545312800167978,0.4313406280196463,64.1,0.78,0.01040273091368027,11.151852,0.0,22.54,25.4,-0.03560052408726003,-0.1857081497870259,0.023716683189112422,0.09939685049906481,59.42944371997441,-0.1711011437890546,0.21853451016727943
HUBB,Industrials,511.39,0.046493544920703345,0.0686643707414556,-0.0186978355428582,0.18254108439877847,0.31579714975359824,54.6,1.21,0.012854071757592012,30.295618,141.642,485.42,494.51,0.0,0.0,0.016558720623186758,0.09936671731872321,56.61743340963474,-0.17820004532151074,0.21131748656788424
HUM,Health Care,389.05,-0.02737503051757817,0.2780803395491305,1.1289972901539311,0.4028001887362156,0.48540296501278984,53.3,0.51,0.008685443297677065,36.77221,76.485,270.1,380.58,0.0,-0.2904062674907969,0.01772420045329421,0.09946445868569746,57.07155999380177,-0.17722613857067282,0.21267453947726123
HBAN,Financials,17.91,-0.01863014534728169,0.17272727840414137,0.057681739103988994,0.10539268112169009,0.26415839622298387,65.6,0.81,0.01761360563768899,13.776923,0.0,16.87,17.5,0.0,0.0,0.019098369668603492,0.09937756834467618,57.61993492188079,-0.17568166428696183,0.2138784036241688
HII,Industrials,327.71,0.21766427194832172,0.009060817276791422,-0.21162943385903843,0.24595884892460296,0.37802252384803514,68.6,0.83,-0.009370956520038498,19.529797,55.252,349.03,295.23,0.0,0.0,0.018882990382308187,0.09937810320885994,57.53499717411912,-0.1758980919070573,0.21366407267167364
IBM,Information Technology,234.32,0.1097047377013547,0.07615544621106474,-0.09391775822294457,0.013924396309294096,0.4813203160303029,71.0,0.86,-0.008421100482139288,20.791481,188.97,267.88,250.71,0.0,0.0,0.018753561543426264,0.09941384697846747,57.48130360083048,-0.17609757853436997,0.21360470162122253
IEX,Industrials,238.94,0.06223881856517188,0.1583417852618143,0.14336771138471116,0.4503971297290448,0.2261325293389956,71.2,0.72,0.024306589210341567,34.379856,47.06,201.2,225.47,0.0,-0.037560989319735616,0.011108479409539818,0.0993811864630386,54.449968239284566,-0.18367864605801584,0.2058956048770955
IDXX,Health Care,550.96,-0.029042683627951926,0.0419259911619696,-0.12455701383049811,-0.15748908679853324,0.3183360900403319,47.8,0.94,-0.07519804461295299,38.772697,67.971,617.5,561.19,0.0,0.0,0.013252437191074528,0.0993584076740176,55.305361996055154,-0.18149004184999998,0.20799491623214902
ITW,Industrials,290.81,0.053468612274290894,0.1812463548042209,-0.017285158082903873,0.13589056843388603,0.21596115842233515,56.5,0.52,-0.012596739078738373,26.317646,334.853,264.27,273.7,0.0,0.0,0.006380728922852238,0.0993969332723209,52.559229155524974,-0.18843726029089672,0.2011987181366012
INCY,Health Care,120.16,0.024818794559568147,0.26072822096379333,0.18852626583240895,0.3946146536081474,0.3272040013215684,52.0,0.42,-0.011435617891811578,15.307007,0.603,102.85,113.85,0.0,-0.01834655691809109,0.016764602932318788,0.09937399395104692,56.69845223592339,-0.17800842521173316,0.21153763107637075
IR,Industrials,83.34,0.013614687899033528,0.1849277867612913,-0.15345859739138956,0.04018349289547807,0.32860539409121925,46.4,1.23,-0.03775058826182465,34.87029,47.903,81.93,80.74,0.0,0.0,0.01739259910893625,0.09936690224287546,56.94735914667143,-0.17736652928709964,0.21215172750497216
PODD,Health Care,143.34,-0.12629526715251238,-0.027939849371979686,-0.4094916655922738,-0.5460763921337748,0.43907614291949804,34.1,0.26,0.003430102999225193,26.893059,66.685,223.41,154.99,0.0,0.0,0.01355808659467059,0.09942102324811994,55.423577128395216,-0.18130711897164448,0.20842329216098565
INTC,Information Technology,102.5,0.07849325560406073,-0.05764454202974445,1.190638982569141,3.2958925975689537,0.7924453233347158,61.5,2.86,0.05106648408901138,39.07723,48.997,70.14,109.4,0.0,-0.3112661122409194,0.0431030764850743,0.09953933318247057,66.75019031478821,-0.15199401655256803,0.23820016952271664
IBKR,Financials,92.06,0.01690046172459203,0.059232639549090305,0.23414341729348953,0.446866729730206,0.38373863049772283,49.6,1.9,0.015442243987791704,36.531746,205.748,77.1,91.23,0.0,-0.04395935867279019,0.021759450862217537,0.09940766919348304,58.6632547710072,-0.17307958075700922,0.21659848248144428
ICE,Financials,154.73,0.10798426416139151,0.006119833847701761,0.023157080533127372,-0.14217285288264658,0.2456182814538798,64.1,0.24,0.027833151509727205,21.823694,69.226,154.46,140.89,0.0,0.0,0.010349544142815349,0.09936903888222921,54.14758770150969,-0.1844137720663539,0.20511286035198462
IFF,Materials,84.18,0.07647063414710287,0.15766215981419718,0.02560098231863628,0.31187775479215385,0.3556007477137409,69.7,0.74,-0.010694512538245604,31.144516,44.821,73.04,78.51,0.0,-0.0025333732915079066,0.014416435997657092,0.09937645628980173,55.76717747613663,-0.18036141833035427,0.20919429032566847
IP,Materials,40.74,0.09701668080084946,0.38197665646377965,-0.1397996426701058,-0.09596109357777727,0.43088210076172306,44.9,1.13,-0.0032910838822284294,31.144516,68.509,38.33,37.94,0.0,0.0,0.019426743703057966,0.09936541184458288,57.75024046831515,-0.17532946351232445,0.2141829509184404
INTU,Information Technology,345.66,0.1874678209857652,-0.11656192080028505,-0.1280318012477445,-0.508129042601912,0.4769454820441125,67.7,0.24,0.033579556954436374,21.115454,33.448,450.25,292.87,-0.030266740652058227,0.0,0.014057892313613018,0.09946614939407263,55.61967303226862,-0.18089576049876932,0.20901154512599535
ISRG,Health Care,394.51,0.14211682713677143,-0.06318860576581642,-0.1879836721156809,-0.17307365458754864,0.3663921070099715,71.9,0.92,0.0028725529228388336,45.241974,0.0,476.94,391.61,0.0,0.0,0.01307338578335724,0.09938604234659508,55.232650708737,-0.18172325721596913,0.2078700287826836
IVZ,Financials,32.55,0.10589633204053972,0.20824878000359948,0.24523949969689118,0.573776027987464,0.33686714742992463,65.9,1.72,0.03237894879227832,16.188427500000003,12.056,26.58,28.87,0.0,-0.07482842945611018,0.0286610140586121,0.09941359524765686,61.34417334057499,-0.16618963262679534,0.22351166074401954
INVH,Real Estate,30.29,0.005644092681183155,0.09558588968228832,0.1475743829939693,0.04564305298554783,0.21171526559807746,60.9,0.12,0.01338245346426592,27.78899,94.425,27.78,29.74,0.0,0.0,0.006367912396309948,0.09936936927535966,52.55480315558426,-0.188396051383395,0.2011318761760149
IQV,Health Care,236.66,0.14738684167988714,0.399361462245323,0.417635079675849,0.24952487480783514,0.41261467767184695,64.0,0.83,-0.02202571060814018,29.398758,257.975,198.7,206.48,0.0,-0.041013618007572916,0.01404160018478782,0.09938571187635109,55.617716286209685,-0.18075439509286031,0.20883759546243594
IRM,Real Estate,129.43,0.045307648156871494,0.04193550368324006,0.19618782928899692,0.46433289254258003,0.3279337417650472,53.9,1.13,0.06474165247818497,91.79433,0.0,108.03,124.62,0.0,-0.04808030068902586,0.0011878769473275496,0.09941463209820314,50.476673354805925,-0.1936648019651506,0.1960405558598057
JBHT,Industrials,279.71,-0.03853068402252258,0.06853968619999762,0.2657979138414315,0.95222785349628,0.38703981056363684,49.3,0.74,0.050988111744737497,39.844727,38.373,229.94,279.48,0.0,-0.06646069315376346,0.013526298880864913,0.09936802751600736,55.4138076237204,-0.18123503505050953,0.20828763281223933
JBL,Information Technology,363.1,0.20653286842135943,0.06873767888217341,0.42734962040708413,0.6727347392734044,0.4491291684517972,69.3,2.11,0.07886539994481478,45.44431,297.136,285.25,344.1,0.0,-0.12293279399984722,0.021793776613474713,0.09945184166026601,58.672911227600586,-0.17313183304064667,0.21671938626759607
JKHY,Financials,153.31,0.01081294527228538,0.12514874396597264,-0.013600912087844086,-0.02271370821839458,0.27195680271316297,50.5,-0.03,-0.011413491433854839,21.412012,6.398,159.38,143.58,0.0,0.0,0.009745772047932737,0.09938597060659717,53.9057610279792,-0.18505073034099773,0.20454227443686318
J,Industrials,144.66,0.09798864259665563,0.31316717549543793,0.09567062519105463,-0.014610018229911814,0.32771232904543207,63.9,0.87,-0.018122569305381808,48.059803,124.734,133.21,130.87,0.0,0.0,0.008928771421618424,0.09936641092249504,53.57995893902018,-0.18582939398647183,0.2036869368297087
JNJ,Health Care,260.35,0.028888764667001743,0.1549878329687422,0.08128693331734649,0.5273302479330557,0.18259159317505427,40.3,-0.2,-0.005576530570614913,30.203018,57.709,229.78,251.31,0.0,0.0,0.002799800696360225,0.09939668479823534,51.12358997578408,-0.192017701508181,0.1976173029009015
JCI,Industrials,153.64,0.093834487012594,0.07677614924410348,0.10988254411581377,0.47152983654890734,0.2927161980739312,65.5,1.08,0.019508974790596767,43.278873,70.107,132.8,144.89,0.0,-0.00692596388897343,0.012197683299199564,0.09937550375953849,54.88448366960807,-0.18257830406949588,0.20697367066789502
JPM,Financials,362.84,0.06373494531037172,0.22384934934301248,0.21084065017218734,0.25707565847033687,0.22245912296712347,57.8,0.8,0.008477133106902013,15.552507,0.0,314.85,338.79,0.0,-0.002418628737080819,0.017676189664491585,0.09937787442109002,57.05868601695633,-0.17710444420084484,0.212456823529828
KVUE,Consumer Staples,19.2,0.022866920901629673,0.13465882448420152,0.05069220142860642,-0.04444776473036194,0.3240405461461849,48.9,0.11,0.020179349474056307,22.588236,81.617,17.72,18.7,0.0,0.0,0.010467602970487194,0.09937991482306933,54.194268741960286,-0.1843170300827287,0.20525223602370307
KDP,Consumer Staples,31.44,0.017146576812095304,0.09450207690670176,0.0759049620324086,-0.06155450147818298,0.29944896109382907,60.2,0.06,0.07303758883004541,31.757576,99.649,28.76,31.03,0.0,0.0,0.006448975662260401,0.09938022817013994,52.586998042498166,-0.18833627155121388,0.2012342228757347
KEY,Financials,23.31,-0.010191073413729823,0.1188641652188569,0.0955751634848232,0.32764516761568396,0.234426273158707,64.7,0.82,0.027777740400771966,13.631578,0.0,21.09,22.85,0.0,0.0,0.01850710244182701,0.09938237338087841,57.38643408088973,-0.17628234938469467,0.2132965542683487
KEYS,Information Technology,357.82,0.1327002666592989,0.025242822016795508,0.5323541421853089,1.1754621632952085,0.4311106964900267,71.9,1.86,0.06681376052422427,57.434994,43.642,277.68,332.99,0.0,-0.138617959694582,0.019917444196084134,0.099415879620879,57.93944957052016,-0.17493767986083872,0.21477256825300697
KMB,Consumer Staples,110.39,0.018827881349851472,0.16678385008951446,0.03544891448111831,-0.1319081561361285,0.2714591623499279,47.6,-0.01,0.02194040751929749,21.816206,348.933,103.11,107.6,0.0,0.0,0.004156526404791201,0.09941431326337842,51.66749744316142,-0.19069552759143052,0.1990085804010129
KIM,Real Estate,24.41,-0.06546711090655066,0.07292276923190433,0.09877521121459254,0.2077648422670273,0.18273472974919577,16.2,0.13,0.012442937763001982,28.38372,84.993,22.79,25.2,0.0,0.0,0.006206550179159865,0.09942969138842153,52.48864118811276,-0.18867564494214634,0.20108874530046605
KMI,Energy,32.82,0.0255965037363326,-0.014963825229006078,0.03443810218645482,0.2714848778180905,0.19832477951799374,65.5,-0.13,0.04555592013319232,21.174194,98.619,30.68,31.75,0.0,0.0,0.005576195226902064,0.09938530619442906,52.23716515176502,-0.1892190049141789,0.200371395367983
KKR,Financials,114.01,0.1316292062422748,0.17795867789116215,0.12709439153686586,-0.21377202800837902,0.38375391631648975,69.2,1.45,0.09804488226572516,36.896442,69.812,106.51,98.56,-0.006736223760114429,0.0,0.018972429672153304,0.09938703499047574,57.56958411407824,-0.17582615890917913,0.21377101825348577
KLAC,Information Technology,203.72,-0.042444177576013487,0.13050903243337109,0.3949927147097039,1.1460211229911281,0.5984971437733319,50.2,2.83,0.056967912289120015,57.064426,96.88,166.77,221.8,0.0,-0.07154330123156372,0.030219070729032547,0.0994714358665924,61.9358520522324,-0.16474494356948857,0.22518308502755366
KHC,Consumer Staples,25.51,-0.014296713442157882,0.13317395261415843,0.06485115946564868,-0.015499859957431528,0.27457624408307146,45.4,-0.04,0.023265139053594064,24.502157,52.591,23.96,24.78,0.0,0.0,0.008084920740960415,0.09938327126376414,53.24185608432225,-0.1867062909360173,0.20287613241793814
KR,Consumer Staples,56.69,-0.02959932569921553,-0.13542911178017691,-0.1946714804120333,-0.15831884461161716,0.28045965306063414,45.1,-0.7,0.010604966461400744,33.152046,373.449,64.61,58.43,0.0,0.0,-0.005414745495951714,0.09949873864614775,47.83001757424217,-0.20043227324240132,0.18960278225049787
LHX,Industrials,291.82,0.03478599063468257,-0.03423880071533547,-0.1489930023714635,0.09408166541324525,0.2794457581732415,42.0,0.26,0.007248398780434595,29.506573,34.574,315.95,293.33,0.0,0.0,0.009642973898429887,0.09937106980599524,53.86527066542324,-0.18512432292132078,0.20441027071818055
LH,Health Care,318.13,0.12270617352026991,0.2739782830028952,0.13153137585178398,0.18521326367610524,0.23175190827409714,64.6,0.27,-0.009896961501178803,26.313482,79.124,270.0,285.92,0.0,-0.02825142233426775,0.009133884275652222,0.09936857152659148,53.66189003694109,-0.18562851591646706,0.20389628446777153
LRCX,Information Technology,332.36,0.060836253754305236,0.1681444595156696,0.41380126621658864,2.112306284098271,0.6350344649608388,61.9,3.31,0.0847258223635885,57.801735,33.049,249.56,337.43,0.0,-0.18179828981785948,0.03720197565627008,0.09954133665696027,64.56988630947527,-0.15789904419137207,0.2323029955039122
LVS,Consumer Discretionary,46.23,0.02568799388391585,-0.09059401074125462,-0.18117389751799873,-0.127284790044627,0.3468949039908664,41.9,0.62,0.01693797785461615,17.918606,1703.902,55.53,47.03,0.0,0.0,-0.010224389812393339,0.10105483742004935,45.970511650253265,-0.20829187115569006,0.18784309153090337
LDOS,Industrials,143.83,0.3507700722822056,0.16693400013085546,-0.1792629979036735,-0.18549199005969486,0.33409809697008114,79.3,0.42,0.034004281236473144,13.416978,123.276,157.21,115.64,-0.09378703434543226,0.0,0.009030552713897185,0.09950407519373632,53.61566074336083,-0.185997434665826,0.20405854009362037
LEN,Consumer Discretionary,86.83,0.03504592278932628,0.06133373520031138,-0.2818869725787151,-0.32097819149853324,0.3711689726932642,53.0,0.92,0.014369198351159573,13.609718,28.692,101.12,86.94,0.0,0.0,0.022182217376808856,0.09936725200901779,58.83235715586023,-0.172577596560866,0.21694203131448372
LII,Industrials,422.01,-0.2241464610369973,-0.15394027630455043,-0.2512774132460276,-0.288256970678198,0.4137509017243486,21.2,1.42,-0.003000352053804556,18.76434,156.082,505.01,511.56,0.0,0.0,0.024123013268643873,0.09940674701279795,59.58693894661812,-0.1707142108764401,0.21896023741372786
LLY,Health Care,1180.16,0.002324827454860401,0.17606498222832379,0.13835159826437926,0.7389822591044393,0.35753614440615783,47.5,0.32,-0.040658445736792226,39.682583,162.071,1043.22,1167.9,0.0,0.0,0.006244915820942869,0.09938558871766877,52.505114207575964,-0.18855083806568793,0.20104066970757364
LIN,Materials,482.74,-0.059389700730062445,-0.043159499668943724,0.01017285383615918,0.02430353694484433,0.18953489718333694,33.1,0.1,-0.01973764648775489,31.144516,68.947,475.9,510.45,0.0,0.0,0.0054786587764965086,0.09938840756246807,52.19800505850299,-0.18932262004594091,0.20027993759893392
LYV,Communication Services,188.46,0.04572192563173427,0.11600646747863741,0.19074999448053553,0.16621286878631625,0.30974117664614015,61.8,0.65,0.020688947881533082,19.201893,620.214,157.57,177.92,0.0,-0.04603200381153272,0.007426552603399749,0.09953535674928495,52.97383691390588,-0.18766274662519875,0.20251585183199824
LMT,Industrials,608.68,0.19637558389754894,0.18731166634640273,-0.0562175653878374,0.4293811648754755,0.2732297119935347,63.7,0.03,0.009151833306298096,22.419153,234.238,550.1,542.41,0.0,0.0,0.005809456642923236,0.0993929223582079,52.33046666218232,-0.18900067117916425,0.20061958446501071
L,Financials,113.03,-0.012407149032843345,0.06895380603891543,0.04026951528578282,0.1854047776674126,0.16166912917874726,18.7,0.02,-0.00676629395265238,13.868712,44.609,108.18,113.11,0.0,0.0,0.009701310839377184,0.09943139377170607,53.886228675766944,-0.18518422095316672,0.20458684263192106
LOW,Consumer Discretionary,218.47,0.05313171279385509,0.006410523608453067,-0.2314438923149167,-0.11891655717982408,0.270936759033751,56.9,0.64,-0.0018731892039608455,18.48308,0.0,238.07,214.57,0.0,0.0,0.016580372803540043,0.09936613764249991,56.626044705165576,-0.17817725697575976,0.21133800258283986
LULU,Consumer Discretionary,119.55,0.0276798862719827,0.003441360283782169,-0.32235571764787696,-0.38751984447745824,0.4491396767500324,53.5,1.28,-0.06455398906883303,9.680161,44.264,156.58,117.75,0.0,0.0,0.02785965620075521,0.09938274784604138,61.038663724487364,-0.16693052957748591,0.22264984197899632
LITE,Information Technology,926.14,0.26380285116682,-0.045905013905665815,0.6457689709642109,7.080090668782113,0.9524959904657125,64.5,3.0,0.13844943950383803,39.07723,35.987,635.61,813.68,0.0,-0.3070880307591627,0.0455786927800211,0.09992249332023596,67.58555140042668,-0.15026939412764137,0.24142677968768358
LYB,Materials,63.76,0.07757309945290647,-0.14166014133337823,0.13190805149743512,0.28843405739957473,0.4319501048912893,62.9,-0.28,0.017717426474375797,31.144516,132.759,58.97,59.72,0.0,0.0,0.005550778659147705,0.09948370537280449,52.2247782521859,-0.18943728387154907,0.2005388411898445
MTB,Financials,254.09,0.019459118672100928,0.24873572575756908,0.12652291110591696,0.3490130728855698,0.21520752513648006,61.7,0.61,0.011786689752422808,13.458158,0.0,216.51,240.89,0.0,-0.023559175796897508,0.01672225942876887,0.09937742965480334,56.68146396261449,-0.17805750269464568,0.21150202155218342
MPC,Energy,355.42,0.13698018710223292,0.3989588411505731,0.7640680734645464,1.232478758304774,0.3404144080388416,69.9,-0.08,0.10957793862681964,12.362435,133.328,228.57,287.77,-0.08507590050816313,-0.40500085064228497,0.011435551475205814,0.09948892406628473,54.575483343378295,-0.18356273969471226,0.20643384264512388
MAR,Consumer Discretionary,356.72,-0.025993854487543988,0.012045496242081288,0.011937905507741542,0.3501252524337828,0.2758176613592387,33.6,0.7,0.02376305453243477,36.889347,0.0,339.37,374.35,0.0,0.0,0.011812985704183963,0.09937902282576899,54.73100329378785,-0.18296989903432326,0.20659587044269118
MRSH,Financials,187.82,0.036790784510180696,0.17281919353609276,0.09074120858725165,-0.07398778449512433,0.2586774196610816,56.5,-0.3,-0.015566780577741857,22.932846,145.027,177.23,176.8,0.0,0.0,0.004303267120647916,0.09939811997079488,51.72661118981252,-0.19051704802211006,0.19912358226340587
MLM,Materials,547.93,-0.026058112444026116,-0.017805095478961586,-0.19072121965807998,-0.10063456497170498,0.276533941361359,41.8,0.81,-0.002929696502412371,35.464725,54.945,607.5,571.63,0.0,0.0,0.012465560650725535,0.0993636488799923,54.99179039193347,-0.18228719115405936,0.20721831245551045
MRVL,Information Technology,222.02,0.17670136151621318,0.2554399539457268,1.8264334988526958,1.8149420201731377,0.7882020643898024,63.6,3.12,0.06453781583923202,76.29553,28.97,141.45,238.07,0.0,-0.41961169235880713,0.037398206308530454,0.09958264255012973,64.63740601615336,-0.1577837730897238,0.23258018570678474
MAS,Industrials,74.33,-0.05492688634472276,0.14654464890315122,-0.015544813174865224,0.0246288518963389,0.3531204301311779,37.0,1.15,-0.00521947782758303,17.126728,0.0,68.86,76.24,0.0,0.0,0.023261744655029993,0.09937686658925714,59.25370316222634,-0.171516913859914,0.218040403169974
MA,Financials,569.29,0.04725902059453824,0.1538734985088308,0.10198379003151081,-0.01871060072742059,0.22146124969214076,63.6,0.31,0.01086704778824088,31.348568,439.583,527.95,528.86,0.0,0.0,0.0014405795678815168,0.09943990082445879,50.57792494895772,-0.19346162604805772,0.19634278518382076
MKC,Consumer Staples,54.67,0.05744675748892569,0.1901920563130437,-0.2214697593888667,-0.19595420229347593,0.2988175412853997,78.0,-0.31,0.028985452096184305,9.096505,65.143,57.88,50.61,0.0,0.0,0.010254179076870325,0.09944430696694197,54.10640675502889,-0.18465666257833593,0.20516502073207657
MCD,Consumer Discretionary,272.83,0.019125155132831972,-0.006185707053718126,-0.15680206077696202,-0.09548521300646362,0.1797895412892266,53.2,-0.03,-0.0032515513826841813,22.1813,0.0,298.78,273.63,0.0,0.0,0.007766063338941457,0.09938177259116188,53.11431427336822,-0.18702221093973584,0.20255433761761873
MCK,Health Care,869.0,0.03281472904464988,0.14382744177586737,-0.0685381611799658,0.29491105822904085,0.30957922832966245,53.8,-0.32,-0.012354092283530793,23.310087,0.0,839.62,813.12,0.0,0.0,0.007297599780966527,0.09942666294318693,52.92548215668301,-0.18757865958767986,0.20217385914961292
MDT,Health Care,91.27,0.09699519219747654,0.2093694395697967,-0.06678659723268843,0.024544570863326287,0.23600999174997117,76.6,0.18,0.020802962809241654,24.469168,58.214,89.77,83.02,0.0,0.0,0.008819070610644407,0.09938992936631459,53.53525633311459,-0.18598519094733218,0.203623332168621
MRK,Health Care,135.84,0.06541173598345584,0.2283789662967488,0.13524598552111566,0.696246888396306,0.27421899995378346,66.9,0.13,0.03758018818940334,108.672,128.408,113.81,125.36,0.0,-0.04353778295685837,-0.016120643718227547,0.0994770142892923,43.56316822229252,-0.21109559172524045,0.17885430428878535
META,Communication Services,589.85,-0.08693369039291288,-0.03880199231646475,-0.07638353686322363,-0.24336970950604642,0.3836293262835141,48.8,1.41,-0.008522166795302266,22.224941,42.997,627.63,597.06,0.0,0.0,0.024002482521478727,0.09937296765264744,59.54314408700158,-0.17076853407771025,0.21877349912066774
MET,Financials,97.66,0.04537282687184363,0.23170028341488869,0.28079205939444885,0.28911567948538863,0.23416385546153312,62.3,0.68,0.006492887671219139,18.708815,179.933,80.62,90.91,0.0,-0.061361239072778656,0.013837224328725155,0.09937168645020625,55.537257525130734,-0.18093128111367907,0.2086057297711294
MTD,Health Care,1419.02,0.08320483532686951,0.37549920455036245,0.04266877581308015,0.0802198499647675,0.32058640681290107,71.9,0.83,-0.005961352539684661,31.995943,16668.447,1321.38,1290.66,0.0,0.0,-0.26368249349652173,0.21563045595663183,11.069423776669506,-0.68631818717152,0.15895320017847664
MGM,Consumer Discretionary,44.1,-0.044006125016053055,0.19285899426546904,0.2917398729506897,0.2138727291894782,0.38494147182611627,33.8,0.84,0.017066371156666094,26.727272,893.311,38.8,46.4,0.0,0.0,0.0033660973908580627,0.09978612383868785,51.345501637711,-0.1922147053329701,0.19894690011468621
MCHP,Information Technology,79.17,-0.02210969535288254,-0.15218589119515913,0.01878638892736917,0.23227010887874733,0.4982367190728855,51.5,2.15,-0.02727609334501946,116.42647,83.688,76.14,85.73,0.0,0.0,0.004428099482629792,0.09949190352678454,51.77499172497819,-0.1905760314298679,0.19943223039512747
MU,Information Technology,971.66,0.14454321122923197,0.3410557642012222,1.361700598381327,6.767735128032084,0.809227916799889,56.4,3.41,0.12852493977297463,21.978285,6.33,552.6,960.65,0.0,-0.6083428101627811,0.05698087385948347,0.0997985980010286,71.59861672641306,-0.13862437822253257,0.25258612594149954
MSFT,Information Technology,495.4,0.2579350583593847,0.17669930147992896,0.2399236000256948,-0.044256164101926454,0.3207488023257098,84.8,0.94,-0.021064703223998893,27.706936,29.118,432.48,412.78,-0.05016783176108913,0.0,0.01346541214447809,0.09943334064179411,55.386068693435476,-0.18142393551343838,0.20835475980239454
MAA,Real Estate,133.49,0.003986151869241672,0.07418281033886709,0.008416572684275314,-0.0014516410517879663,0.18996329748469393,50.1,0.08,0.008689807972619423,39.261765,102.377,132.14,134.72,0.0,0.0,0.0022307366836326337,0.0993731597832989,50.895473631904764,-0.1925406564916332,0.19700212985889848
MRNA,Health Care,63.32,0.0242639923553023,0.29119083427209835,0.49940801281550407,1.372424069981756,0.6931403449154632,66.4,1.63,0.05868580907775467,29.507002,19.036,46.48,60.81,0.0,-0.2124008622031833,0.03293707029943375,0.09947072841310955,62.97243026470037,-0.16202555739026098,0.22789969798912846
TAP,Consumer Staples,42.77,0.044954804272386406,0.059796523284067815,-0.17835927451079248,-0.12934905209470238,0.27667945152286805,59.6,-0.26,0.00587958601384142,24.502157,76.03,44.36,40.66,0.0,0.0,0.0057189930749040364,0.09940090604517059,52.29403343696614,-0.1891067827736303,0.20054476892343837
MDLZ,Consumer Staples,63.61,0.042786895251665014,0.06127054762262385,0.033688234419324115,0.07093475729185417,0.23091255020104634,62.4,-0.22,0.033804678568505775,39.02454,82.643,58.67,61.04,0.0,0.0,0.0006557459218654338,0.09939344146586938,50.26319933366672,-0.19415539935123854,0.1954668911949694
MPWR,Information Technology,1402.01,0.06860519037014101,-0.09410897368197091,0.20101805490402436,0.6632937173992568,0.5303934363179882,55.3,2.51,0.015140130728636292,85.48842,0.486,1228.03,1399.27,0.0,0.0,0.018381888816178332,0.099479778599593,57.32992627201766,-0.17659847723902394,0.2133622548713806
MNST,Consumer Staples,46.82,-0.531518925844791,-0.45443952620232975,-0.4231858968707357,-0.27014811253065285,0.5605411224057202,11.4,0.32,-0.481850383149947,43.35185,0.992,40.88,90.71,0.0,0.0,0.012933474131587921,0.09953796751985698,55.16911065668787,-0.18216094220733176,0.20802789047050763
MCO,Financials,484.96,-0.04869269520973285,0.13309596873541185,0.14482077308547847,-0.0599824882119,0.277947422185539,50.0,0.52,0.016406952965758448,30.771572,240.682,471.82,472.89,0.0,0.0,0.008095208598939686,0.09936826438931401,53.24646128748676,-0.18666658960411575,0.20285700680199514
MS,Financials,217.36,0.014183354466743792,0.13529960513307082,0.2838506909091498,0.4967842827880953,0.27776572218054574,54.9,1.38,0.009427384767727753,17.54318,517.282,187.18,215.65,0.0,-0.011264336749301718,0.014722676915726957,0.09950284758141363,55.88137662274276,-0.18030290434384375,0.20974825817529766
MOS,Materials,21.61,-0.02349745007387638,0.003202938702679292,-0.25754568393281396,-0.3031996251870098,0.43647106197314567,44.5,0.77,-0.07925005357561243,31.144516,52.249,24.71,22.1,0.0,0.0,0.016760786439826425,0.09937612482742958,56.69679948492787,-0.17801641822193554,0.21153799110158839
MSI,Information Technology,466.51,0.1287169739935683,0.1897583926392601,0.015992108990153797,0.02201798710473324,0.25785268884900336,70.4,0.15,0.009805616415362373,36.76202,357.85,416.69,422.08,0.0,0.0,0.0004695525805468969,0.09942233454111433,50.18841207234068,-0.19439822312003718,0.19533732828113098
MSCI,Financials,569.13,-0.09145564776256743,0.016815365748708233,0.08966318649927363,0.023726372929766537,0.30147214772954484,50.1,0.32,0.014359335406444185,31.443645,0.0,573.94,585.21,0.0,0.0,0.01059244750846681,0.09937095586092924,54.244485916660935,-0.1841746259789545,0.2053595209958881
NDAQ,Financials,97.02,0.05870795819784447,0.06927281808427987,0.2290967564156503,0.02983171037547394,0.2739521879714841,64.9,0.65,0.014641224181876744,28.285713,77.687,89.55,89.01,0.0,0.0,0.012409874446761705,0.09936312462896935,54.96963309297984,-0.18234184982601823,0.20716159871954162
NTAP,Information Technology,207.08,0.2636074912197719,0.731918202975957,1.0383994941249095,0.9231845415086091,0.4291001519180076,85.8,1.31,0.04206924596919026,32.55975,202.295,124.83,169.93,-0.06860506616745463,-0.5089246857256188,0.021256812840806355,0.09952005633062061,58.45678704040409,-0.17380249756721003,0.21631612324882274
NFLX,Communication Services,78.16,0.13357515767231654,-0.10181559782515781,0.01678159060017337,-0.36484199212409596,0.3513796970800757,72.9,0.28,0.024511767258367234,24.578617,55.236,89.2,74.84,0.0,0.0,0.012323979836513566,0.09939856545128474,54.93366181181959,-0.18249720844800452,0.20714516812103165
NEM,Materials,117.76,0.31282058130034485,0.08229388506551816,-0.05982638231973714,0.7379099869614858,0.4851075368466605,80.3,1.53,0.004264028576590917,14.849937,15.807,105.27,99.09,-0.038383413105623654,0.0,0.026354193041391208,0.09945957083391584,60.44852262468634,-0.16858656579308384,0.22129495187586623
NWSA,Communication Services,29.16,0.025677085276127443,0.12499999080175228,0.2888141307400989,-0.014036031107943048,0.26587013309105734,63.9,0.3,0.023517026383873763,28.31068,31.561,25.9,27.15,0.0,0.0,0.009959695069450407,0.09937064181927598,53.991823908904976,-0.1848067628963305,0.2047261530352313
NWS,Communication Services,33.17,0.023133869289308384,0.11533283201831668,0.2804733293872528,-0.02920875741338813,0.27465678533631005,64.4,0.32,0.020615328275240374,32.203884,31.561,29.52,30.84,0.0,0.0,0.009183798106894592,0.09937126807929582,53.681744741031864,-0.1855838873285252,0.2039514835423144
NEE,Utilities,86.19,-0.029391897755119523,-0.07003750852513257,-0.06808844183764762,0.2276544501036113,0.21836990603766032,33.5,0.14,0.017591564897866174,19.36854,161.676,87.76,87.11,0.0,0.0,0.008180685288279442,0.09938487546066704,53.28011636493092,-0.18661367061462794,0.20297504119118684
NKE,Consumer Discretionary,40.73,-0.06924129103098908,-0.01875707928105519,-0.3447296183654728,-0.4521839171043962,0.35555263643168766,42.6,0.72,-0.03277133811715027,19.395239,74.289,53.23,42.84,0.0,0.0,0.01783128001170799,0.09936411783483946,57.1209350041337,-0.17692239094457735,0.21258495096799335
NI,Utilities,42.5,-0.06949132016219628,-0.07592250406793755,-0.07133598228813987,0.02557559706847412,0.18623628391643138,25.5,0.14,0.017233155618470386,22.606382,146.649,45.18,45.67,0.0,0.0,0.00702827419898826,0.09940278951153905,52.81837291786681,-0.18780119324362826,0.2018577416416048
NDSN,Industrials,308.72,0.06830918916156081,0.12629045408285333,0.041438413279498265,0.4398950866451825,0.2107953425813656,64.8,0.91,9.718092280164292e-05,33.124466,61.637,272.43,295.01,0.0,0.0,0.012043167338168041,0.09938403341960782,54.82250110354943,-0.1827495381642633,0.20683587284059937
NSC,Industrials,334.41,-0.013013015267027694,0.06261579688133656,0.0706357240568165,0.2046168996322153,0.203983195624593,38.3,0.28,0.0013774260765500035,28.828447,105.519,304.48,323.68,0.0,0.0,0.007268692542796906,0.09937425628636297,52.91544837658193,-0.1875048497784745,0.20204223486406833
NTRS,Financials,191.41,0.036441473106094024,0.1735563570583718,0.3210615886549322,0.5235017457561792,0.24510632396120272,70.6,0.92,0.018897067178877736,16.444159,0.0,154.12,179.74,0.0,-0.09193210439593333,0.020133017315149646,0.099393116397663,58.026031558799296,-0.1746774908242698,0.21494352545456913
NOC,Industrials,585.87,0.12328160532627885,0.08832885649830424,-0.15975177958379982,0.019419524494322937,0.2628031539529292,75.0,0.06,0.013808822209196103,18.622696,95.348,604.62,539.47,0.0,0.0,0.009408814391719042,0.0993936884304566,53.77083851938602,-0.18540281493197588,0.20422044371541395
NCLH,Consumer Discretionary,19.01,-0.02312429993636944,0.22487111264048565,-0.11540249272451664,-0.21962234184823015,0.5425184614487015,44.3,2.01,0.02479789815313116,11.521213,621.051,20.08,19.65,0.0,0.0,0.026009416834477838,0.09959628275879238,60.301099265834544,-0.16919929737275524,0.2212181310417109
NRG,Utilities,126.24,-0.018758337856096485,-0.008777781085873015,-0.26268595462985533,-0.1689427678735379,0.47400060185948206,42.4,1.36,0.06164320894723718,32.875,483.357,150.84,132.5,0.0,0.0,0.014955960800352249,0.09947190408664722,55.975718418160966,-0.1800089712094763,0.20992089281018078
NUE,Materials,268.91,0.13651157165140004,0.18743030116902348,0.4762312861633311,0.887866633915467,0.3071905098288782,68.1,0.93,-0.020756643944159103,21.738884,30.512,198.03,248.04,0.0,-0.20790227134467912,0.0211642899185877,0.09939853925877376,58.430670364161884,-0.17365684702860887,0.21598542686578429
NVDA,Information Technology,225.16,0.1102016980058318,0.00045452751850882933,0.2331634804557765,0.23865449127994331,0.3674722486428705,75.4,1.9,0.03498046657595788,34.480858,6.555,194.92,206.52,0.0,-0.00514207083740556,0.024575895552764605,0.09943856910673446,59.7602580860392,-0.17032369989643495,0.21947549100196415
NVR,Consumer Discretionary,6307.93,-0.028059898272608574,0.13378161033935054,-0.15977504577658974,-0.23060415243501886,0.2744204361076601,49.9,0.55,0.002487236925147629,16.393602,32.15,6875.91,6432.62,0.0,0.0,0.01606256622338257,0.0993622125496042,56.42118932273971,-0.17868737037384166,0.2108125028206068
NXPI,Information Technology,234.71,-0.11938615619691872,-0.1920885690335078,-0.03150836999712192,0.031708460416439266,0.48988018240366277,33.0,1.8,0.0054835028841551114,46.111984,93.325,242.13,273.44,0.0,0.0,0.021802663853805016,0.09939678650213596,58.681120880153706,-0.17301503769038146,0.2166203653979915
ORLY,Consumer Discretionary,91.05,0.058105750408777634,0.028929881905177757,-0.058038489528328796,-0.10295563495805116,0.25478147306650945,51.5,0.02,-0.012794104545449603,28.904762,0.0,92.71,88.94,0.0,0.0,0.00779535310252116,0.09938074936403977,53.126068028031305,-0.1869909156509968,0.20258162185603912
OXY,Energy,58.36,0.06379875977142402,-0.01661247192371207,0.2786615626263358,0.3305088246617942,0.35387750252440103,61.4,-0.59,-0.00494460201163649,17.21534,34.511,50.99,54.47,0.0,0.0,0.006922935265609665,0.09948708078434097,52.77385189022572,-0.18807174307169863,0.20191761360291796
ODFL,Industrials,210.97,-0.09780189649054372,0.03996368510442405,0.09483167655748748,0.4052584590153403,0.38160668878216086,35.3,1.02,-0.007433553556195127,40.649326,0.44,191.95,224.98,0.0,0.0,0.01563569101313569,0.09937537730396631,56.25114289743631,-0.17914004850263826,0.21041143052890965
OMC,Communication Services,87.57,0.0714547424204306,0.24955800517939553,0.2954966888463677,0.20789892690606515,0.3555103483094841,60.7,0.39,0.03449495707395367,236.67567,107.744,77.08,79.13,0.0,0.0,-0.049513565341357875,0.0999645951856679,31.019029756091243,-0.24544417190526696,0.14641704122255123
ON,Information Technology,82.66,-0.053908652127825585,-0.2692069382365071,0.1447168634556013,0.6013174229465499,0.6127210875125566,40.8,2.61,0.03609933475656901,54.026146,65.055,76.43,96.95,0.0,0.0,0.029208880922335388,0.09946022361053089,61.54964851408901,-0.16573315735430513,0.22415091919897592
OKE,Energy,94.99,0.027829297768153127,0.04118928702721569,0.12965358943291627,0.3388555282490815,0.26419237395686784,68.6,-0.42,0.05147223504954468,16.405872,143.07,82.89,88.74,0.0,0.0,0.004938771546607965,0.09942611279432946,51.98084264355363,-0.18993640953027777,0.1998139526234937
ORCL,Information Technology,150.52,0.19072858090248102,-0.21718753360260123,-0.05350824925759079,-0.3785288228544126,0.6726582964347413,74.6,2.02,-0.003508763777484103,25.818182,388.87,176.13,152.08,0.0,0.0,0.028249625557339657,0.09954583730943523,61.17124637339928,-0.1668602155691534,0.2233594666838327
OTIS,Industrials,72.63,-0.005170319257495559,0.029013288551386074,-0.1816434717178882,-0.14835845963130323,0.21001177269351684,49.3,0.3,0.0027478303442545204,18.67095,0.0,81.44,71.98,0.0,0.0,0.012381544217494572,0.09937218855943791,54.957896767647654,-0.18238794535900374,0.20715103379399288
PCAR,Industrials,130.79,0.03911501804928985,0.1886902742788008,0.03577669539805206,0.3443109527557153,0.27697327188618703,45.3,1.0,-0.0007901395987121029,27.534735,72.91,117.65,124.93,0.0,0.0,0.015873434370342627,0.09936581714903212,56.345998333783974,-0.1788835672417603,0.21063043598244557
PKG,Materials,255.48,0.09615131805503507,0.21260939775819376,0.05022490297903137,0.33212046095780456,0.28514266670125626,54.8,0.68,0.002865537693970799,33.222366,94.474,219.84,237.57,0.0,-0.012113655552286301,0.011313050146971615,0.099356355164999,54.53269512739294,-0.1834254059764264,0.20605150627036964
PLTR,Information Technology,174.04,0.3147000065470553,0.29890279984362,0.324404447424236,-0.03855933499936404,0.6043695879460753,72.9,1.95,-0.006791088685846658,148.75214,2.139,152.09,134.99,-0.13930165460928193,0.0,-0.01238964705590963,0.09983905375932088,45.0619553936704,-0.20807419242417857,0.1832948983123593
PANW,Information Technology,384.27,0.07134492266208436,0.5824650418650572,1.301707074201404,1.2141744872172144,0.4141318767327971,78.8,1.26,-0.0019998429102470183,334.14783,7.698,222.4,326.32,-0.027571233308414905,-0.5778610418456591,-0.06040394475780735,0.10080651935248988,27.45175179387971,-0.2579847226886875,0.1371768331730728
PSKY,Communication Services,10.14,0.158857182094029,0.030197774553035295,-0.00762220176966566,-0.2831706214701454,0.5559160624246139,90.1,0.69,0.09385111570630533,338.00003,126.479,11.37,9.41,0.0,0.0,-0.0726492428022416,0.10075374643034464,23.54370742729155,-0.2701265858057171,0.1248281002012339
PH,Industrials,1055.85,0.1076782149235791,0.22386175287609222,0.05638784102599104,0.42891318303751813,0.26067416246689046,66.2,0.83,-0.004384747207979767,37.034374,55.278,921.72,967.96,0.0,0.0,0.011312724646708334,0.09937259922564354,54.531827549109224,-0.183457569835553,0.20608301912896965
PAYX,Industrials,122.02,0.07780819273873685,0.346848212458599,0.3231219825032656,-0.07342856467505299,0.27656884103370216,63.4,0.01,0.006931806698920573,24.952965,123.967,103.3,108.05,0.0,-0.03122600500841402,0.007608649654251432,0.09938153422369105,53.05132071295304,-0.187179157424183,0.20239645673268586
PYPL,Financials,61.66,0.09016970209144004,0.3930028400754424,0.540098365907111,-0.10357443325223403,0.41730641522435713,76.2,1.08,0.043846286879443364,11.655954,71.751,51.66,50.05,-0.08190403150104048,-0.04363514571799773,0.019396685501880662,0.09946073541583948,57.73107757686001,-0.1755463559131647,0.21433972691692604
PNR,Industrials,66.16,0.06403610377627045,-0.08573123902331226,-0.342489439082877,-0.3719410666130134,0.32597788716330256,59.2,1.0,-0.008541880206049624,17.051546,47.067,89.07,70.26,0.0,0.0,0.020623472891587204,0.0993666319020851,58.2209544662568,-0.1741351256364996,0.215382071419674
PEP,Consumer Staples,140.79,0.026764865079004663,-0.045927718383009575,-0.13497454934232544,-0.015178218250834874,0.21126955939462744,53.6,-0.27,0.022217364797187056,18.452162,238.949,149.08,140.13,0.0,0.0,0.0033334304831846118,0.09939716974733154,51.337660946841766,-0.1914850222215852,0.1981518831879544
PFE,Health Care,26.79,0.0881702412894596,0.076141486372161,0.004663287336108102,0.1417301341608561,0.23280707912750317,74.7,0.31,-0.009611768165116441,35.25,74.253,25.91,24.88,0.0,0.0,0.006442320991242792,0.09938326960181386,52.58425329147054,-0.18834888742831238,0.20123352941079795
PCG,Utilities,17.84,0.03002312164699772,0.10923078784066576,-0.011937502099552688,0.17760375531953865,0.2618679386127191,54.1,0.18,0.046948309511624764,12.834533,189.45,16.75,17.17,0.0,0.0,0.010680528694418493,0.09937168609152945,54.279614343983376,-0.18408797604497923,0.2054490334338162
PM,Consumer Staples,190.39,-0.013421061225161068,0.012438386002328716,0.032916250613215015,0.19371464330197496,0.2792486553496774,41.3,-0.18,0.02360214725617449,26.116598,0.0,171.53,184.6,0.0,0.0,0.007278236295716645,0.09940575134910684,52.91834623857965,-0.18755703634853277,0.20211350893996605
PSX,Energy,233.61,0.1293145118489447,0.3354484080154476,0.4848875713911336,0.9686968018810671,0.3085335261937084,75.2,-0.21,0.08393650695654786,13.333904,62.884,164.33,193.27,-0.05875231556864677,-0.27159105138437056,0.010149976210584284,0.09945462887282218,54.064402534222026,-0.1847810963801472,0.20508104880131575
PNW,Utilities,101.48,-0.04945019174023069,0.04067820188106541,0.03944782269571667,0.14687255071871452,0.16732283972085343,36.2,-0.13,0.022674593609623095,19.477928,233.288,97.8,103.61,0.0,0.0,0.0035509953141799016,0.09940249967897227,51.42485442510395,-0.19127790405660575,0.19837989468496556
PNC,Financials,256.97,0.024356216995478297,0.2169645320534508,0.13818448987823406,0.36416642993327475,0.21576906921761804,67.2,0.58,0.02069433916247454,14.142543,0.0,220.1,245.1,0.0,-0.017527502438477865,0.01610673125083499,0.09938191425513078,56.43742560937809,-0.17868182068922134,0.2108952831908913
PPG,Materials,114.11,-0.021645290092336067,0.1186643306039794,-0.11502595345808841,0.04596939597585781,0.30374343991410124,43.7,1.06,-0.01186354959089786,16.371593,86.938,110.2,116.56,0.0,0.0,0.020150333712403202,0.09936572949536515,58.035024536245174,-0.17460649609851248,0.2149071635233189
PPL,Utilities,36.02,0.00474203600776435,0.040982218552282124,-0.03274445274527016,0.002249918535053297,0.17601510167346507,50.1,-0.03,0.029436945695568317,21.064327,135.434,36.42,35.81,0.0,0.0,0.005725757756090832,0.09937470308072395,52.29734885642424,-0.1890486602821281,0.20050017579430976
PFG,Financials,113.98,0.0002633296138221386,0.1428348166372586,0.2824726722327291,0.5132365773775007,0.21830482624034467,60.1,0.63,0.0014937685790945565,16.236467,35.307,96.69,111.09,0.0,-0.028860393859475836,0.01557224439866181,0.0993719100239888,56.226199796962796,-0.17919669924835624,0.21034118804567986
PG,Consumer Staples,144.55,-0.029009995430625102,0.028671809720404173,-0.08336574003340369,-0.03212742302007765,0.19668524897725567,36.6,-0.06,-0.01290630536833448,21.802414,64.49,147.78,147.1,0.0,0.0,0.007008108331720784,0.09938752367591334,52.81073065813205,-0.1877914380730694,0.20180765473651094
PGR,Financials,209.6,0.007934643806145836,0.04988277394115337,0.02577416704807378,-0.11050862006555495,0.2562603431859171,39.3,-0.48,-0.020331810735098488,10.5168085,24.428,210.3,213.68,0.0,0.0,0.008495818607678294,0.09943016285678037,53.404622379060086,-0.18638730059161124,0.2033789378069678
PLD,Real Estate,141.03,-0.0584818405733043,0.010841464687041391,0.03041209718929827,0.375520226678155,0.22362697120993924,32.7,0.46,0.016359212758177977,31.47991,63.823,136.11,143.08,0.0,0.0,0.009139151249530695,0.09938080756292295,53.66354583723976,-0.18564723157379828,0.20392553407285965
PRU,Financials,125.13,0.05089441147329721,0.24433854243168418,0.22890640852075705,0.23502255392357996,0.22388429309339045,61.2,0.65,0.024731771582764184,11.354809,163.891,106.79,114.71,0.0,-0.02178388957173158,0.015163704359997254,0.09937027028415348,56.06423482771796,-0.17960202539694356,0.20992943411693807
PEG,Utilities,76.04,-0.03306203578713829,0.0034150511930479688,-0.10481129857988136,-0.09500544401526523,0.18547675185440649,28.5,0.13,0.019849831080942737,18.915422,142.409,80.55,79.0,0.0,0.0,0.008109254258370294,0.09939626138159273,53.25116762012894,-0.18670741804955143,0.20292592656629205
PTC,Information Technology,149.75,0.2040684786759439,0.05524625562379537,-0.044779001601992774,-0.28008266932059034,0.33430501267882895,78.3,0.45,-0.008409510240575013,14.93021,46.335,151.28,127.68,-0.02287605006355531,0.0,0.014839319595943088,0.09940433736982272,55.93346049146697,-0.17999318164890946,0.20967182084079564
PSA,Real Estate,325.93,0.02480814966317335,0.12475725210648303,0.10639682511892912,0.20849999598301006,0.2304634427801413,52.2,0.39,0.0006754512495004139,155.94737,109.632,295.0,321.03,0.0,0.0,-0.028479488785337303,0.09959504217351445,38.74571071371783,-0.22368577144542562,0.16672679387475103
PHM,Consumer Discretionary,130.18,0.03251896244592767,0.1847798652264847,-0.08295213816843161,0.020751836123134915,0.33047616579,49.4,0.91,0.0009995357245144998,13.297241,19.065,124.6,127.81,0.0,0.0,0.0213608504969465,0.09936462888709231,58.51063572676798,-0.17339382212175444,0.21611552311564744
PWR,Industrials,685.78,0.09108554457460771,-0.10922894348309586,0.3089977327507136,0.8181347444546083,0.43025524202557264,62.3,1.66,0.03770850784989754,76.88117,67.78,573.46,672.79,0.0,-0.04585666547660239,0.010834186980700477,0.09940646200741889,54.33942970796436,-0.18400247855384053,0.2056708525152415
QCOM,Information Technology,165.79,-0.034870215017640205,-0.17414101898435097,0.1902680378490147,0.0708100536498335,0.5217798387293352,46.6,2.08,0.02232222456718702,18.947428,55.21,168.68,183.87,0.0,0.0,0.033315506132122745,0.09941394256788016,63.12323589926414,-0.16153582130092237,0.22816683356516787
DGX,Health Care,234.4,0.11258782060623207,0.2612025910023612,0.14264821099784286,0.3366609974848045,0.2373556614582151,56.6,-0.18,-0.013592605815587189,24.883226,81.074,196.6,215.0,0.0,-0.042281573254663696,0.0058925047501142995,0.09938740101299035,52.36387387887217,-0.18890680123534678,0.20069181073557538
RL,Consumer Discretionary,388.92,0.022263111969868854,0.1929581557191291,0.058942718385371684,0.3537491636085288,0.34983110230015174,56.1,1.25,-0.04416427185176719,24.506617,110.373,363.61,389.61,0.0,0.0,0.019702549294084923,0.09936583294257638,57.858814992009634,-0.17505448327336476,0.21445958186153463
RJF,Financials,180.81,0.07394866300253922,0.17743506256384833,0.14780560552702782,0.11300915115041943,0.24906167241456426,66.4,0.75,0.009604116678063823,15.777487,47.594,159.08,165.15,0.0,0.0,0.016870973601570992,0.09937253904740585,56.74064588109788,-0.17789920293134448,0.21164115013448648
RTX,Industrials,222.97,0.1560679126593112,0.31231783668791335,0.12660547827466684,0.4655410022282147,0.25770408020095303,62.4,0.37,-0.0018262488970610669,39.18629,57.02,190.54,198.88,0.0,-0.020221984872731136,0.00689304164236527,0.09936879991252583,52.76517571354915,-0.18786980618618535,0.20165588947091587
O,Real Estate,62.74,-0.041165613305637505,0.03985970325246302,-0.019576032846846503,0.14457400777092322,0.16512289719722006,26.8,-0.06,0.013734081389577879,45.79562,74.722,61.48,62.7,0.0,0.0,-0.0007995843607901049,0.09941660049695611,49.67914355581225,-0.19565612133482407,0.19405695261324385
REG,Real Estate,76.71,-0.07220611028867407,0.018071790811209576,0.02638257500163066,0.1229328504106908,0.1602061362409653,16.8,0.08,0.007883306652338717,25.91554,71.972,75.45,79.47,0.0,0.0,0.006286145409755445,0.09943326962942342,52.52042368387703,-0.18860306306391444,0.20117535388342533
REGN,Health Care,803.48,0.18736789012679744,0.1524239505905025,0.0030853282890337397,0.4274309029165566,0.3351670623497876,90.1,0.46,-0.005655599768896513,19.962236,8.535,720.14,675.78,-0.03896011100304958,0.0,0.012542790914571764,0.0994545467733638,55.01798743438363,-0.1823881207612213,0.2074737025903648
RF,Financials,31.9,0.00789889425002177,0.2079817953199914,0.093288469912024,0.2736090527076016,0.23935613245587956,68.6,0.75,0.013986031368792506,12.96748,0.0,28.01,30.41,0.0,0.0,0.01817555418354464,0.09938411683336769,57.25546498278919,-0.17661731480985604,0.2129684231769453
RSG,Industrials,214.71,-0.03418645552692001,0.033682910813041866,-0.032358675563142536,-0.06591350188828893,0.189712478285102,45.6,-0.37,0.0004193998636079499,30.412182,118.798,214.02,213.68,0.0,0.0,0.0006457436416427142,0.09939640093989753,50.259177018847176,-0.19417120220055645,0.19546268948384188
RMD,Health Care,224.46,0.12799638432885052,0.11184862930908857,-0.10858254234550935,-0.205585694742338,0.27911891092311586,67.4,0.44,0.02004091615973347,21.500002,12.542,229.77,203.8,0.0,0.0,0.013839186845082778,0.09937473511498733,55.53786900066072,-0.18093529398029237,0.20861366767045794
RVTY,Health Care,116.84,0.060735312930884966,0.2441552062589054,0.21841869451332352,0.30981618126896704,0.38051305586476436,69.3,1.27,0.007067744514309249,56.173077,46.225,99.93,109.31,0.0,-0.019193261006499235,0.012556822003458859,0.09938517870106056,55.027058797943454,-0.18223812825061983,0.20735177225753756
HOOD,Financials,95.56,-0.04401762271086673,0.2387865998792984,0.2578648943413735,-0.13684402177909272,0.6994453113161185,49.9,3.01,0.011002972412860634,44.036865,240.279,97.26,99.09,0.0,0.0,0.03480605870030009,0.09952903963671476,63.672091442086696,-0.16027085898766083,0.22988297638826102
ROK,Industrials,449.37,-0.0270217837423411,0.004493047727649246,0.14694688447791826,0.3114063751016398,0.3090521416876044,43.1,1.41,0.032512278518442406,42.036484,103.347,416.22,462.82,0.0,0.0,0.01544514246717228,0.09938298436962098,56.17510798040617,-0.17934550689728485,0.21023579183162938
ROL,Industrials,36.2,-0.19360703998716522,-0.31904926502757747,-0.3694247716663088,-0.36039938318148435,0.2684361275762966,22.8,0.12,-0.027665828416902682,32.909092,78.015,53.9,42.24,0.0,0.0,0.006915687349818371,0.0994065453133963,52.77319380784334,-0.18792114146443836,0.2017525161640751
ROP,Information Technology,399.34,0.09968601704358848,0.24755854854801895,0.24875409191210185,-0.23260403902950977,0.2864841691313435,65.3,0.06,-0.011265488488264253,16.639166,60.531,378.72,359.51,0.0,0.0,0.011290628680849192,0.09938526553469794,54.522440096788394,-0.18350449176715877,0.20608574912885713
ROST,Consumer Discretionary,245.36,0.05097230169734912,0.1555396388531034,0.2535032213570041,0.6799178214858264,0.25604634110693025,53.4,0.59,-0.03716203411159369,34.268158,74.911,207.17,234.0,0.0,-0.03436823449849738,0.010134725658641345,0.09936167816151344,54.06210013589089,-0.18461416353792498,0.20488361485520767
RCL,Consumer Discretionary,305.0,0.0628659363050823,0.17784544078457665,-0.03565371054057098,-0.006676891201926938,0.4717390591870931,50.0,1.65,-0.009740259740259716,19.15829,224.816,286.55,301.89,0.0,0.0,0.025619050310394742,0.0993935697813198,60.17014612881152,-0.16919234646099207,0.22043044708178156
SPGI,Financials,418.8,-0.07106736049414053,0.1005879698830845,0.08593409365601712,-0.20874841657292476,0.3052798311905216,34.8,0.33,0.019126844076668315,25.50548,42.98,432.58,414.33,0.0,0.0,0.012054319258580465,0.09937727398435825,54.82727158491505,-0.18272513775076168,0.20683377626792263
CRM,Information Technology,196.21,0.1489723124959177,0.1337468980004899,0.03947086235422326,-0.15211604390596012,0.41365342790097365,66.4,0.38,-0.006581883596395666,22.735806,124.282,202.2,172.46,0.0,0.0,0.01380060587811202,0.09940091379459895,55.52108451353121,-0.1810251851593019,0.20862639691552595
SNDK,Information Technology,1641.11,0.21131224104477253,0.16588401789554053,1.6192383678278017,34.15659757117867,1.163703443259169,62.5,4.39,0.32569950165865613,20.70279,0.0,903.23,1655.63,0.0,-0.6669277217370285,0.05876188396981943,0.10979237912946685,70.37473739659468,-0.1564311791239356,0.2739549470635744
SBAC,Real Estate,185.2,-0.0026388361609219757,-0.06662994379370246,-0.06565390201583221,-0.12605373301208456,0.3451971439686272,61.9,0.01,0.022921810696120204,20.0,0.0,193.69,186.35,0.0,0.0,0.012052119032671251,0.09940854648081046,54.82488390574489,-0.18278863206971724,0.20689287013505975
SLB,Energy,53.77,0.14428598716998597,-0.02398126385213606,0.07267160045718057,0.662815562854103,0.35622073114662534,57.4,0.76,0.010714279824245665,26.229269,47.002,47.64,49.92,0.0,0.0,0.015884654219890337,0.09936702401293482,56.35036934664722,-0.17887471284546191,0.21064402128524257
STX,Information Technology,973.44,0.23586323493778116,0.2246019447324239,1.2907424871831186,5.302430573633002,0.7283574799572354,66.8,2.48,0.2152960889768063,69.93104,179.88,550.11,888.88,0.0,-0.61954697794448,0.03116869254631558,0.09968582948550848,62.27340162341658,-0.16421553324528104,0.2265529183379122
SRE,Utilities,86.41,-0.06330619336466803,-0.037625369251665486,-0.07539283590867285,0.08586755883599584,0.19756969521914983,29.1,0.16,0.024908150448660127,25.046377,84.663,91.6,90.61,0.0,0.0,0.007690708593374164,0.09939214829475619,53.08383507871077,-0.18711790206434795,0.2024993192510963
NOW,Information Technology,124.0,0.20108487568572353,0.30430209738131286,0.15801268098258725,-0.27132546990815964,0.5456287815626713,71.3,0.62,-0.026993113429889304,77.5,67.538,121.81,107.65,-0.001891792241559942,0.0,0.0034862428577778094,0.0994845357050686,51.39772987041202,-0.19150344712415662,0.19847593283971227
SHW,Materials,359.1,0.08384642691412325,0.19970369829631118,-0.021856909177994988,-0.00852448977132847,0.27440446710874633,65.8,0.81,-0.009952814746239436,33.127308,389.958,334.05,334.98,0.0,0.0,0.007208641447404525,0.09941990125439654,52.89007932046822,-0.1876543650112127,0.20207164790602172
SPG,Real Estate,219.58,-0.039877548049340295,0.109833821793345,0.14083657096613367,0.3358623046900384,0.18975894362860163,28.6,0.26,-0.004398101143872957,15.628469,503.504,199.08,221.8,0.0,0.0,0.004017275868441831,0.09949897386158825,51.61029386736199,-0.19100071290027112,0.1990352646371548
SWKS,Information Technology,69.62,0.1730413569755871,0.024732997895785536,0.1444288088455754,-0.03731341236621377,0.46216886461363593,64.9,1.56,0.012065733682340207,36.07254,11.869,64.19,66.42,0.0,0.0,0.023130890361348518,0.09939254980516542,59.201158184313265,-0.1716785072567757,0.21794028797947274
SJM,Consumer Staples,121.39,0.09389893368636959,0.2186952032253986,0.120851024619959,0.14544128073092466,0.28890439670281254,52.9,-0.3,0.03775408076645004,24.502157,128.609,105.25,113.74,0.0,-0.0033212201476205405,0.0047029146014596025,0.09940619791071473,51.886695049736446,-0.19013323330354126,0.19953906250646047
SW,Materials,49.25,0.12187583637178867,0.3260165772202852,-0.01645866851369948,0.17146131691802036,0.4417566722358652,48.7,1.45,0.04431815056581501,52.393616,78.427,41.56,45.0,0.0,-0.03493532177911113,0.016497036757888325,0.09937029592670822,56.59277323733749,-0.1782687432584598,0.21126281677423644
SNA,Industrials,403.56,-0.01807828135070677,0.1297491594279565,0.06316349462740356,0.2770499973877356,0.20478894019932561,46.4,0.61,-0.018364885461277125,20.579296,21.595,372.61,401.2,0.0,0.0,0.01387887641654587,0.09937337576873556,55.553723751845205,-0.18089294009017584,0.20865069292326757
SOLV,Health Care,88.59,0.08953387034664151,0.1929705600515832,0.1726008307001572,0.21024590206650284,0.30131842106402557,65.2,0.64,0.03966667397880408,10.571598,110.313,75.95,80.28,0.0,-0.016361500166753584,0.01766086343430251,0.0993667970362285,57.053407916998744,-0.17709805875670534,0.21241978562531036
SO,Utilities,92.8,-0.02623294774337248,0.011003400437482824,-0.006810545371110588,0.017443491589171467,0.1697561280698852,27.6,-0.26,0.015984308872383224,22.361446,182.058,92.59,94.55,0.0,0.0,0.0026304012646847677,0.09941795618272575,51.05539874282601,-0.1922287928534577,0.19748959538282726
LUV,Industrials,44.26,-0.07945098510903459,0.15463040658937355,-0.1264860944256867,0.4687799725764277,0.44151368475624236,46.1,1.53,-0.014253968431979347,27.662498,97.275,42.43,47.1,0.0,0.0,0.023371348975003123,0.09937488854134231,59.296690210695104,-0.1714034325660278,0.21814613051603404
SWK,Industrials,102.07,0.1319729596043986,0.37291758811812503,0.1454633175707667,0.4340625852171869,0.38241274499906613,67.2,1.57,-0.005553387550796374,25.017157,58.172,79.69,90.74,0.0,-0.13087039070906806,0.02591248901853586,0.09939271686942536,60.284120071419466,-0.16889723604553786,0.22072221408260956
SBUX,Consumer Discretionary,107.69,0.026719380998182274,0.013935854826842231,0.16156787597692301,0.19457159705865035,0.278598328381334,65.8,0.55,0.0349605597162117,62.248554,0.0,95.95,102.88,0.0,0.0,0.0029225072326092244,0.09938728221353571,51.17293045401503,-0.19187656590592075,0.1977215803711392
STT,Financials,191.74,0.05063016708583046,0.26067643006857044,0.5158387814492076,0.7313142821162837,0.24557037714922206,61.6,1.07,0.02710527649404204,16.745852,0.0,143.47,177.07,0.0,-0.18647136782803928,0.02290879942741324,0.09941337646213465,59.11249846416256,-0.17194141843837066,0.21775901729319716
STLD,Materials,255.77,0.08602611455216569,0.11777308053018887,0.3415247921462645,1.030351940010044,0.34987727875269053,54.8,1.12,-0.04776620081724847,23.209618,46.924,204.2,249.98,0.0,-0.10253703643513454,0.021319483711163774,0.09936545350897615,58.49433646888733,-0.17343680516642948,0.21607577258875701
STE,Health Care,233.28,0.07087772080870458,0.10307930964818612,-0.05548944043377613,-0.044526389516552745,0.25294684736333684,68.1,0.47,-0.023565379416991772,28.835598,28.312,234.26,217.53,0.0,0.0,0.011071257354101551,0.09937206950073721,54.435524288076564,-0.18369799886734337,0.20584051357554647
SYK,Health Care,339.21,0.06046205218718703,0.1087349424931241,-0.06833531313167884,-0.0947277692116486,0.27493111405648457,51.5,0.13,-0.01908564283887515,35.224297,64.391,341.33,323.74,0.0,0.0,0.006251837918693065,0.09937085859390882,52.508258574605804,-0.1885150449253682,0.20101872076275434
SMCI,Information Technology,39.84,0.6476426654163463,0.2835051216979334,0.304518629936654,-0.12420315052556696,0.9064840101190942,71.9,3.68,0.26637003534597214,20.968422,64.308,31.81,30.81,-0.1430027340442471,-0.10227493949500036,0.04671197736071143,0.09988023153030205,67.99932438267132,-0.1490532764386806,0.24247723116010345
SYF,Financials,81.0,0.10499537210165699,0.13967161222770952,0.14429574579741922,0.13070698154714933,0.3122167462588164,69.8,1.23,0.035938067155062425,8.206687,0.0,74.7,74.9,0.0,0.0,0.0253452310540554,0.09939696042407739,60.06345890257182,-0.1694728113771363,0.22016327348524709
SNPS,Information Technology,421.5,0.09685646231637368,-0.16106048975967702,-0.03566770337575709,-0.3161463916909163,0.5674272944650822,69.5,1.65,0.023853496645275474,96.23287,35.574,447.31,426.97,0.0,0.0,0.008249312656688332,0.09946807821365722,53.30480986193378,-0.1867081206420798,0.20320674595545646
SYY,Consumer Staples,82.99,0.015913764028783417,0.1511653182724073,-0.0705625235132793,0.05104254785661588,0.2703621393428259,44.1,0.17,-0.01049248663400526,22.862257,561.403,78.82,81.76,0.0,0.0,0.0017943070179257058,0.0995048403000482,50.719348063423844,-0.19323517997016876,0.19682379400602018
TMUS,Communication Services,182.61,-0.05103150464686168,-0.008742016944817355,-0.15952786192623036,-0.25671741368222945,0.2915788514329039,56.4,-0.39,0.02474749572184476,19.201893,214.035,196.71,181.51,0.0,0.0,0.004217400454504286,0.09942260617416748,51.691763054378534,-0.190650907646864,0.19908570855587254
TROW,Financials,110.56,-0.057861107829709324,0.096820192368825,0.21110231444890637,0.06678315554865533,0.25133909330819104,31.4,0.96,-0.02821481215775601,11.100401,3.702,102.98,113.08,0.0,0.0,0.02124167934772971,0.09939558891343993,58.46127975410217,-0.17357367492261253,0.21605703361807196
TTWO,Communication Services,246.95,0.04339194097630972,0.018602517989686707,0.2751071373110605,0.05914390577089268,0.31758866239110806,52.4,0.68,-0.02610722950176092,19.201893,81.607,229.04,237.86,0.0,0.0,0.01625310249442785,0.0993567152531638,56.497041629204446,-0.17848605940177317,0.21099226439062888
TPR,Consumer Discretionary,128.98,-0.08822289264817862,0.0002190278005562707,-0.15672882934031107,0.36525643641971417,0.43920055874908337,33.6,1.21,-0.21725939626755086,17.741402,571.608,136.75,146.33,0.0,0.0,0.01564677219888069,0.09952444134921345,56.24624435868883,-0.17942113284557767,0.21071467724333906
TRGP,Energy,275.79,-0.020604709266971333,0.018716609790655037,0.24379075751385448,0.7021350693424542,0.2846237288062748,56.7,-0.11,0.03598669245087427,26.391388,515.794,228.25,268.69,0.0,-0.05829451307043432,-0.0001806899372395596,0.09950201163515121,49.92755441341842,-0.19520463274213593,0.19484325286765683
TGT,Consumer Staples,154.48,0.11508382017281593,0.2807775599292257,0.35743295027376587,0.5418266898032025,0.30599263935961524,80.9,0.46,0.023981743107240217,20.406868,117.548,117.23,136.73,0.0,-0.16778342924432668,0.015335865804061568,0.099410014191861,56.13011103576402,-0.17950776201198598,0.21017949362010913
TEL,Information Technology,216.23,0.06354826778856149,0.058289750887394076,-0.07815316156307239,0.05573523418857418,0.33858306272403116,59.4,1.57,0.009100228483063688,21.178257,43.441,219.04,206.97,0.0,0.0,0.024518064948234445,0.09939113390515869,59.742306946805556,-0.1702885575058766,0.21932468740234548
TDY,Information Technology,679.67,0.06947060992896903,0.10232243029556276,0.02935074819810457,0.25418881817251116,0.2606902519023922,62.1,1.09,-0.015327804548850077,32.89787,18.565,605.17,642.99,0.0,0.0,0.015563506864708327,0.09937970277012183,56.222250803970276,-0.17922071056473043,0.2103477242941471
TER,Information Technology,418.79,0.2991376956671399,0.239931847128233,0.33143133629303745,2.754803425613409,0.7464555790097369,71.5,3.3,0.14705560543371687,57.44719,2.883,301.83,383.44,0.0,-0.2374994795756292,0.04045030776270187,0.0995675765165558,65.77241551818827,-0.1547021422097475,0.23560275773515124
TSLA,Consumer Discretionary,342.27,-0.10127614666291118,-0.1893946643384341,-0.1800738141723386,0.019935641900878265,0.46332094173828736,70.4,2.26,0.03442330743102273,311.15454,18.373,406.08,371.09,0.0,0.0,-0.05104061113980569,0.10045039771091845,30.568545004412872,-0.24792339065320584,0.14584216837359448
TXN,Information Technology,279.58,-0.010592635040139964,-0.0717422924060156,0.24884719253707877,0.4806684544808424,0.4209866492984731,51.1,1.4,-0.0030666661733477207,42.55403,78.036,231.76,290.97,0.0,-0.05634761423913817,0.01866231468528887,0.09936424328500705,57.449002685437975,-0.17609160215332495,0.21341623152390268
TPL,Energy,358.52,-0.13755117034945374,-0.0677670385499678,-0.1684680622758017,0.1860106070771863,0.48381221259470536,37.4,0.34,0.023056690206525676,45.671337,1.077,387.91,389.6,0.0,0.0,0.010352347951086176,0.09944024828897272,54.145747092904706,-0.18455053869530036,0.2052552345974727
TXT,Industrials,89.0,-0.02710978646619855,0.0028049187558707445,-0.09227797965964535,0.10907138271882877,0.2660274662016004,35.2,0.75,-0.0022421183305447734,16.573557,52.285,89.91,90.35,0.0,0.0,0.017220614528420452,0.09937298056481073,56.87893288466525,-0.17755042737860857,0.21199165643544945
TMO,Health Care,588.29,0.10481144757679606,0.3434313594102951,0.16766736995743425,0.21729061504506908,0.3036480066026918,66.7,0.62,-0.019009862374979924,31.645508,80.575,532.6,528.72,0.0,0.0,0.011598841425957154,0.0993661790659472,54.646230340243676,-0.18315886954329935,0.20635655239521367
TJX,Consumer Discretionary,152.11,-0.012107104533888746,0.03499933863408944,-0.008871426456532827,0.158072888319702,0.1974157277389162,43.0,0.06,-0.03922726688757405,29.942913,136.307,155.14,157.22,0.0,0.0,0.004335694024635941,0.09937564586511119,51.74000687252273,-0.19044057187098198,0.19911195992025385
TKO,Communication Services,201.28,0.08723596105724374,0.0631081239435276,-0.0187266441391597,0.07019773094572046,0.3079149723979912,77.2,0.49,0.06261218839086635,70.377625,59.216,196.9,193.29,0.0,0.0,-0.00041269657167356335,0.09941078710450252,49.834382521960066,-0.19525783929649848,0.19443244615315136
TTD,Communication Services,14.14,-0.2393759963818859,-0.33144205208712196,-0.4521503046917452,-0.7214341841826984,0.5743186966375181,33.4,0.82,0.05601194777967322,16.833334,16.863,27.46,18.15,0.0,0.0,0.025117690039123227,0.09945800244205012,59.96903493419165,-0.169819994747295,0.22005537482554147
TSCO,Consumer Discretionary,35.83,0.17436911052975845,0.181580313444061,-0.3406778692553367,-0.38721017466684526,0.3192442382886313,74.0,0.4,0.03495098025712284,18.661459,248.71,43.34,31.33,0.0,0.0,0.011217817587055255,0.09939771635843907,54.49283932406557,-0.18360170647548532,0.20603734164959583
TT,Industrials,480.2,0.021745608285030693,0.031482408443380905,0.03692610784979311,0.1283942663505433,0.28312559656922676,48.6,1.08,0.0067297470353182565,35.835823,53.404,442.73,474.08,0.0,0.0,0.014699512538851824,0.09936716571608611,55.88015011246744,-0.18006013226467696,0.2094591573423806
TDG,Industrials,1256.9,0.034971113052867375,0.09393635731392402,-0.02313726014788242,-0.04912765419858556,0.270929313997749,43.8,0.69,0.027315562558292372,38.168842,0.0,1277.98,1267.58,0.0,0.0,0.011375598797345055,0.09936727300727953,54.5571483230332,-0.18338425629692282,0.20613545389161295
TRV,Financials,370.36,0.0037399705245428905,0.24068686620437907,0.2686942291556944,0.40084193953133496,0.20755138907625825,33.0,-0.11,-0.014003540370591705,9.950563,27.378,305.69,344.78,0.0,-0.061540467587913705,0.011670209352474712,0.09940867320268457,54.67269877518328,-0.18317079012478704,0.20651120882973645
TRMB,Information Technology,57.6,0.09256443741320686,0.04480314453384615,-0.13253016339657875,-0.3115812150752535,0.31492303143779,56.4,1.17,-0.014373719581231903,39.07723,28.553,66.28,53.53,0.0,0.0,0.01578116831348127,0.09937047706565966,56.3091281343821,-0.17898496673521164,0.2105473033621742
TFC,Financials,53.1,0.021452276113639313,0.141955780062462,0.044177054480465605,0.23191716752205616,0.23896293690805384,63.0,0.71,0.03405787519555936,12.206897,0.0,49.2,50.63,0.0,0.0,0.018116300325871023,0.09937701972465657,57.232583592125216,-0.17666265833445585,0.2128952589861979
TYL,Information Technology,328.64,0.028575019885949127,0.05370482930939802,0.08126607885973458,-0.426697334018742,0.39841307783752067,56.8,0.04,0.03141577884137603,43.128613,47.906,366.05,305.95,0.0,0.0,0.00607915103997912,0.09941936507315806,52.437875097812366,-0.18878280450341067,0.2009411065833689
TSN,Consumer Staples,58.17,0.006923969326849466,-0.10837097444731147,-0.07515800305080056,0.06917994869534638,0.2569137514756558,39.6,-0.03,0.017669669773082264,34.832336,44.025,60.21,57.79,0.0,0.0,0.0049564378713897825,0.09938700402349292,51.98870399564438,-0.18984209001465635,0.1997549657574359
USB,Financials,65.42,0.03611021224796951,0.24209110702845793,0.15550641410476418,0.452651227024941,0.22197234485454173,66.1,0.73,0.01916179593016576,13.057883,0.0,55.54,61.43,0.0,-0.027954463991006262,0.018004140862329227,0.0993835420346001,57.187828762674684,-0.17678760152548698,0.21279588325014545
UBER,Industrials,75.95,0.04816447568127824,0.011452931845697956,0.08515501166428607,-0.16903724638628392,0.3544456822971276,66.6,0.94,-0.02665643808271545,16.6557,51.872,77.59,72.25,0.0,0.0,0.02052071455704029,0.09937246074599694,58.18010021598556,-0.1742493085051137,0.2152907376191943
UDR,Real Estate,37.94,-0.04577464214425142,0.03131328894887009,0.012171508986638102,0.036970420869063325,0.2050376333663554,38.5,0.18,0.00743491185425782,24.012657,156.144,36.88,39.04,0.0,0.0,0.007058350692971643,0.09937622833433865,52.831168766781566,-0.18771905684233212,0.2018357582282754
ULTA,Consumer Discretionary,510.75,0.065016561085109,0.03332119701662695,-0.2526339160758594,-0.029324552226539735,0.35208655598654215,59.6,0.52,-0.06909556920520021,19.157915,89.209,555.19,485.85,0.0,0.0,0.01540893979920887,0.09936762947401258,56.161693964043856,-0.17935161396985577,0.21016949356827352
UNP,Industrials,293.68,-0.026744017644469764,0.0910917566177436,0.13836308286317078,0.35585266831928997,0.2210984318779872,41.3,0.27,0.004927465403524511,23.760517,150.772,254.23,282.84,0.0,-0.005180144761686906,0.008219285971355171,0.09937103288387637,53.29601650281058,-0.1865479384810425,0.20298651042375288
UAL,Industrials,125.34,0.08604100477159404,0.3499192072989108,0.14685694288509232,0.2642727164569443,0.4757199005204135,55.8,2.12,0.012766598047735611,11.735954,201.641,106.97,122.46,0.0,-0.021714474636836456,0.03254000587281897,0.09942562094273427,62.827189787147944,-0.1623342111749402,0.22741422292057814
UPS,Industrials,104.5,-0.11230038297330702,0.07410832579529703,-0.09641547320316157,0.26128220341019825,0.2933423150447004,33.7,0.81,-0.0021008519684740934,19.423792,189.9,104.26,108.93,0.0,0.0,0.01510265030385563,0.09937520309564025,56.039708512436135,-0.17967274776359926,0.20987804837131052
URI,Industrials,1153.83,0.105826657978078,0.2025396373046282,0.33193223758148016,0.26241514966294255,0.42749921997140505,55.2,0.99,0.016088450087460293,27.776358,166.793,911.93,1092.35,0.0,-0.11525664217510181,0.0190578934640908,0.09936971700980288,57.60457626780383,-0.17570675187512286,0.21382253880330443
UNH,Health Care,401.73,-0.057170986319624695,0.02583330956534513,0.388742817409901,0.5193528684086663,0.3735260290556087,39.3,0.42,-0.01715021631239777,25.834726,69.211,346.94,414.87,0.0,-0.007928464754385994,0.013377208367924366,0.09938094728587848,55.35380489646949,-0.18140944831239747,0.2081638650482462
UHS,Health Care,170.02,0.12476845827888217,0.009574001077308436,-0.2742219226525844,-0.04471285909759637,0.3195474941315737,63.0,0.24,-0.015746214740109954,6.939592,68.74,189.9,154.87,0.0,0.0,0.016156604503128027,0.09938306624704517,56.457109694479136,-0.1786342053410805,0.21094741434733655
VLO,Energy,341.67,0.10767140480842596,0.3744118754976036,0.721636691120422,1.5689448168184263,0.36087095690957993,72.2,-0.25,0.08483886389926165,14.242185,40.148,226.27,283.3,-0.056054552004129704,-0.36002757546042585,0.012304886754442522,0.09949509550172465,54.92130234176328,-0.1827055004289378,0.20731527393782284
VEEV,Health Care,243.75,0.24756880903037892,0.5343698795385556,0.39997702111034306,-0.11357193155352974,0.40254476475467116,80.9,0.55,0.0386041052637327,44.806984,1.411,200.83,190.05,-0.13254371993263384,-0.06372940830255644,0.002923194923274164,0.0995920822324506,51.17079450018921,-0.192277286252329,0.19812367609887735
VTR,Real Estate,91.52,-0.04765870867613009,0.05267070334781265,0.08688751120913918,0.38997205156786996,0.22448212982560792,33.8,-0.23,-0.004676458069028833,166.4,84.928,83.89,90.0,0.0,0.0,-0.036616472190232736,0.09968753370060049,35.66929843871218,-0.23200403824340968,0.15877109386294422
VLTO,Industrials,97.68,0.041253628049236823,0.15317678801621848,0.058699721819862605,-0.08794749963544579,0.22820923963875775,59.6,0.27,0.00586962919618661,24.604534,115.978,93.5,90.99,0.0,0.0,0.00868168005606915,0.09936349364699622,53.48124590222092,-0.18607076749204343,0.20343412760418172
VRSN,Information Technology,284.24,0.02369799929943439,-0.04225532280263922,0.30601418699075267,0.07850716345284825,0.2816500952598388,57.8,-0.02,-0.031022043421019108,30.862104,0.0,258.56,274.62,0.0,0.0,0.007253966036361051,0.09938964192682946,52.90910251535229,-0.1875497321402247,0.2020576642129468
VRSK,Industrials,181.67,-0.09472790113934526,0.1206739862029913,0.007817619244849805,-0.3152016302744215,0.34106748958967426,27.4,-0.37,0.0027045231977733675,27.94923,0.0,196.72,187.79,0.0,0.0,0.0067547283414408615,0.09946449221147682,52.70717397171574,-0.1881956763930537,0.20170513307593543
VZ,Communication Services,48.48,0.11218167865406903,0.06332639773919935,0.021180464963571843,0.19061185899435706,0.24995211925251848,57.5,-0.31,0.030831401245490886,12.559586,184.081,44.99,44.98,0.0,0.0,0.006248163259731615,0.09940285993676178,52.5059802695408,-0.18858144221632145,0.2010777687357847
VRTX,Health Care,505.75,0.041387843830180016,0.15745505405861082,0.029055687516691853,0.29579814454995756,0.28054409458539725,61.6,0.47,-0.03466239253956982,29.507002,9.767,457.11,481.44,0.0,0.0,0.011620646597828807,0.09936888052943799,54.6547993082674,-0.18314235923986966,0.20638365243552725
VRT,Industrials,293.84,0.014781043014861828,-0.20768555500898012,0.25344761429913687,1.2197682747542036,0.6508268624028707,52.0,2.74,0.08789333468314209,66.63039,70.166,251.25,296.74,0.0,-0.019509863114292175,0.027232303398170045,0.09948623113542465,60.78536973610487,-0.16776070962726228,0.22222531642360235
VTRS,Health Care,16.23,-0.06130719011929475,-0.007937369385964677,0.04558840931032915,0.5780786157882527,0.32143345738642426,24.7,0.69,-0.0030713232371172294,29.507002,95.535,14.27,16.58,0.0,0.0,0.013167906999145836,0.09938744140062254,55.27018921135718,-0.18163147814607436,0.20796729214436602
VICI,Real Estate,26.36,-0.018980283325379488,-0.03932106859347917,-0.07033591253608773,-0.1393269836825488,0.18040414056234974,43.8,-0.03,0.011123932448104945,10.217054,60.277,28.17,26.71,0.0,0.0,0.010376201641484341,0.0993816897584957,54.15770458753835,-0.18441191028516724,0.20516431356813591
V,Financials,364.15,0.017476860171560693,0.11995851848014105,0.16398005118502423,0.06243975484708031,0.2185185472097629,53.0,0.32,0.009704614572280112,31.04433,67.821,331.31,347.88,0.0,0.0,0.007834815432573184,0.09936325894418663,53.14241231322319,-0.1869171720980326,0.202586802963179
VST,Utilities,148.13,-0.04702777562905203,0.06198057665310519,-0.13382829973935928,-0.26411153417864297,0.49344231227895735,41.6,1.5,0.03681675610971036,24.688334,373.28,161.11,153.9,0.0,0.0,0.020873990380376066,0.09943163695779308,58.31400506060962,-0.17401201805689837,0.2157599988176505
VMC,Materials,282.0,-0.020136737545033534,0.05696019809219144,-0.1343751908658669,-0.030684069908078038,0.27790155931597604,48.5,0.77,-0.009868976542643737,33.21555,58.22,289.75,288.06,0.0,0.0,0.012635038601903965,0.09935840088326758,55.05956048289959,-0.1821074271293005,0.20737750433310842
WRB,Financials,70.51,-0.015360961663811068,0.07066672119310025,0.02203721424327232,0.012614779294502831,0.22309799812242026,21.7,-0.32,-0.004377260095023816,14.50823,31.527,69.68,70.67,0.0,0.0,0.008055506324257495,0.09943923591009116,53.22827354758986,-0.18684539605952116,0.20295640870803616
GWW,Industrials,1322.64,-0.05002618001186776,0.041457138993154174,0.17366061887657058,0.3683808851696213,0.23483055059429117,33.4,0.56,0.01941505601338256,33.6721,61.977,1150.52,1340.72,0.0,0.0,0.009637554270049394,0.09937825381506918,53.862826689231156,-0.1851438232074862,0.204418931747585
WAB,Industrials,299.02,0.14094934498640344,0.1344589751335219,0.17061081144142376,0.5714898267137587,0.2644177823411585,48.1,1.02,0.016521570883392345,40.29919,61.686,247.72,276.41,0.0,-0.05710370997566927,0.013047503387196732,0.099371449673755,55.22311316498424,-0.18172053797336304,0.20781554474775651
WMT,Consumer Staples,115.27,0.009016095925747036,-0.12308863203356768,-0.13565610796566208,0.15254089763764744,0.244255455638829,63.4,-0.11,0.02316698824886365,40.588028,74.816,118.32,114.49,0.0,0.0,0.0015159952833715858,0.09938950823789366,50.60848592113114,-0.19328744086289998,0.19631943142964317
DIS,Communication Services,106.85,0.09398997109938123,0.04817692244075911,0.021040663612424293,-0.06803186768901359,0.2571043421184282,75.8,0.68,0.03556889085181769,22.030928,39.404,104.24,98.93,0.0,0.0,0.014740361151664445,0.09938430878510651,55.895361529956475,-0.18005288406714431,0.2095336063704732
WBD,Communication Services,27.99,0.041682132374534,0.03743514625716404,0.0,1.3760611549741038,0.4343153359562154,83.3,0.61,0.041682132374534,19.201893,94.199,26.83,26.55,0.0,0.0,0.016749617260039568,0.09945943191747732,56.6868262206796,-0.17819086929821598,0.21169010381829512
WM,Industrials,224.55,-0.06167729997666327,0.02594443390574841,-0.03453936729075624,0.008838929322430689,0.20239888340629975,25.6,-0.39,-0.00904679168817557,59.248024,235.301,223.73,227.45,0.0,0.0,-0.009466099374071816,0.09946014942716976,46.20879947170359,-0.20440799225132453,0.1854757935031809
WAT,Health Care,412.17,0.11705241789644427,0.2519592123791503,0.2746080949111134,0.4042314965081846,0.36312560085316964,79.5,0.86,0.0009714753982452695,104.083336,36.045,357.4,377.22,0.0,-0.00324279661224805,-0.005621337976514269,0.0994680039718634,47.7466158667044,-0.2005786257613665,0.18933594980833798
WEC,Utilities,110.52,-0.01646759622183258,0.021284280363957686,-0.028945267621489634,0.05705636832942851,0.1594710088803578,41.1,-0.11,0.05054085596650881,21.460194,157.985,112.09,112.14,0.0,0.0,0.004250602319345012,0.09938713986697845,51.705681615213585,-0.19054819181993274,0.19904939645862277
WFC,Financials,88.82,0.020796807613746582,0.21669757404916945,0.03288846499351217,0.14288958138770513,0.26411295394540024,57.5,0.76,0.014853783153804478,12.9098835,0.0,84.97,85.2,0.0,0.0,0.01896944173744838,0.09937041587701817,57.56965687200059,-0.17579657338150723,0.213735456856404
WELL,Real Estate,235.52,-0.02812290993432809,0.10605924019690738,0.12973546251516455,0.4763246333540059,0.22794187924297382,37.0,-0.04,0.005825038365921298,105.14286,41.375,207.06,228.07,0.0,0.0,-0.01637171909410374,0.09948108995658529,43.46407634653628,-0.2113546554090109,0.17861121722080345
WST,Health Care,349.42,-0.02398316617857843,0.15437367755053844,0.3969091276652619,0.4236802931267214,0.33795897707222294,72.5,0.68,-0.007695996982648445,44.6258,10.585,288.48,344.93,0.0,-0.06126408803428493,0.011049791287988449,0.09938278923673156,54.42648412813057,-0.18374047561600543,0.2058400581919823
WDC,Information Technology,508.8,0.06617490149508765,0.05583306745977423,0.8082827593724291,5.691748008036588,0.7877695181850249,51.6,3.14,0.16074278423994115,20.078926,11.868,349.72,552.41,0.0,-0.3048771133297792,0.05027486195547007,0.09969397859054474,69.2971851844572,-0.14512533608199762,0.24567505999293776
WY,Real Estate,24.56,0.0028582970795603124,0.09217807391433719,-0.06597395102521164,-0.03312038951171148,0.26910012541279094,55.6,0.34,-0.028865220370030142,37.21212,57.625,24.19,24.36,0.0,0.0,0.007441820731677318,0.09936314190169912,52.98509455402568,-0.18730993739565296,0.2021935788590076
WSM,Consumer Discretionary,241.58,0.057659463061118466,0.4373020691748828,0.13413990129546294,0.19247449922047943,0.34163439953486935,57.7,1.22,-0.03683918835557687,27.113356,79.878,201.31,228.37,0.0,-0.05005822866009399,0.019922282521754178,0.09936368902458445,57.94546813944783,-0.17483054796643133,0.2146751130099397
WMB,Energy,75.2,0.02480239524320016,-0.02527906274394931,0.05561929645257546,0.35307682941243246,0.23189607539052856,68.2,-0.0,0.046624892766388815,29.960157,200.371,69.05,73.17,0.0,0.0,0.003070177744259253,0.09938954611653651,51.232150659377005,-0.19173333264415232,0.1978736881326708
WTW,Financials,331.59,0.13004806807282776,0.3398702345106259,0.16043443476734098,0.017361893328105005,0.29612691281864767,72.9,-0.11,-0.033293528184607624,20.531889,91.39,298.83,291.84,0.0,0.0,0.00812108937097422,0.09940928201461091,53.25547650974698,-0.18672110337766315,0.2029632821196116
WDAY,Information Technology,198.68,0.3722889511737717,0.5893127692236053,0.37570970222116706,-0.1047224481115564,0.5286982328869314,74.0,0.25,0.07866871188616487,61.701862,56.936,162.65,145.2,-0.2183232862669817,-0.07149271897219797,-0.008414391642515848,0.10002730054823986,46.648013361841066,-0.20446790071706594,0.18763911743203426
WYNN,Consumer Discretionary,102.53,0.06354516003021238,0.07997269934831874,-0.08919877242419383,-0.06871075930274917,0.34188204287070073,59.9,0.86,0.0027415167955398,24.58753,0.0,109.11,100.24,0.0,0.0,0.018126239317020502,0.09936693237964,57.23723425622349,-0.1766329481470739,0.2128854267811149
XEL,Utilities,79.17,0.005078094997152949,0.02370500005919096,-0.015115837404522381,0.12738106567967034,0.1947508548756639,40.9,-0.0,0.029920584625783064,21.69041,173.135,78.9,79.18,0.0,0.0,0.005580185764747621,0.0993813444166762,52.23885362460579,-0.18920724929193775,0.20036762082143297
XYL,Industrials,119.68,-0.0252483996167282,0.1112582474636512,-0.058813276635042766,-0.14528426671525418,0.24229001735326217,49.1,0.81,-0.012459791284850752,28.49524,28.642,127.06,117.26,0.0,0.0,0.014191443455368968,0.09936727095483484,55.67830735536029,-0.18056840761610732,0.20895129452684524
YUM,Consumer Discretionary,148.11,0.0012844946170782467,-0.007569496709343482,-0.06881262814390265,0.028535022668162213,0.23107560352867337,50.4,0.05,0.01912887046219547,18.653652,0.0,154.41,153.39,0.0,0.0,0.010501403914162287,0.09937864050246087,54.20781595942156,-0.184280731470661,0.2052835392989856
ZBRA,Information Technology,376.03,0.4062453528883223,0.4498939268550093,0.42101884104703124,0.14744746447818446,0.49661363142163656,88.5,1.83,-0.005422100787598638,34.498165,86.23,249.67,277.69,-0.20414761156086234,-0.356085436611966,0.017627570533944065,0.09970707165270311,57.01647354976198,-0.177798289905354,0.21305343097324214
ZBH,Health Care,100.65,0.10458734078181697,0.2057044224861495,0.04916025170181215,-0.004026204073207862,0.31628099474885174,69.8,0.21,0.02935163410116237,24.429613,60.175,90.9,91.4,0.0,0.0,0.010780733301255927,0.09938732735421796,54.318931949723314,-0.18401842831301127,0.20557989491552311
ZTS,Health Care,73.79,-0.029462026828014243,0.0011369636466638244,-0.4107573816600104,-0.5086423203934762,0.3701293554624762,43.3,0.56,-0.013898181078163985,12.03752,293.996,106.96,76.11,0.0,0.0,0.01521296405094642,0.09939482199403812,56.082290409247534,-0.17960088705736832,0.21002681515926114
